hashname,model,latent_size,max_epochs,seed,lr,weight_decay,encoder_size,file_index,vf_hidden_size,vf_num_layers,output_nonlinearity,heldin_size,heldout_size,alpha,n_heldin,n_heldout,fr_scaling,rect_func,obs_noise,dispersion,state_r2,rate_r2,co-bps,cycle_con,source_table,model_from,normalized_latent_size,high_rate_r2,high_state_r2,high_cobps,high_cycle_con
35c1a647,gnode,32,500,0,0.002,0.0,128,10,64.0,3.0,torch.nn.functional.softplus,200,300,0.1,200,100,1.0,softplus,,1.0,0.874178409576416,0.9977057576179504,0.2804201245307922,0.9101433157920836,Table_1,GNode,0.5,True,True,True,False
f5bb38d1,gnode,64,500,0,0.002,0.0,128,10,64.0,3.0,torch.nn.functional.softplus,200,300,0.1,200,100,1.0,softplus,,1.0,0.7174471020698547,0.9955800771713256,0.2802580595016479,0.8281390070915222,Table_1,GNode,1.0,True,False,True,False
35c1a647,gnode,32,500,0,0.002,0.0,128,10,64.0,3.0,torch.nn.functional.softplus,200,300,0.1,200,100,1.0,softplus,,1.0,0.874178409576416,0.9977057576179504,0.2804201245307922,0.9101433157920836,Table_1,GNode,0.5,True,True,True,False
f5bb38d1,gnode,64,500,0,0.002,0.0,128,10,64.0,3.0,torch.nn.functional.softplus,200,300,0.1,200,100,1.0,softplus,,1.0,0.7174471020698547,0.9955800771713256,0.2802580595016479,0.8281390070915222,Table_1,GNode,1.0,True,False,True,False
447dc50b,gnode,32,501,0,0.002,0.0,128,10,64.0,3.0,torch.nn.functional.softplus,200,300,0.1,200,100,1.0,softplus,,1.0,0.8772491216659546,0.9976436495780944,0.280406653881073,0.9115413427352904,Table_1,GNode,0.5,True,True,True,False
447dc50b,gnode,32,501,0,0.002,0.0,128,10,64.0,3.0,torch.nn.functional.softplus,200,300,0.1,200,100,1.0,softplus,,1.0,0.8772491216659546,0.9976436495780944,0.280406653881073,0.9115413427352904,Table_1,GNode,0.5,True,True,True,False
f492a5f4,gnode,64,501,0,0.002,0.0,128,10,64.0,3.0,torch.nn.functional.softplus,200,300,0.1,200,100,1.0,softplus,,1.0,0.7221543192863464,0.9952961206436156,0.2801245450973511,0.8313514590263367,Table_1,GNode,1.0,True,False,True,False
f492a5f4,gnode,64,501,0,0.002,0.0,128,10,64.0,3.0,torch.nn.functional.softplus,200,300,0.1,200,100,1.0,softplus,,1.0,0.7221543192863464,0.9952961206436156,0.2801245450973511,0.8313514590263367,Table_1,GNode,1.0,True,False,True,False
95b6b39c,node,32,500,0,0.002,0.0,128,10,128.0,3.0,torch.nn.functional.softplus,280,300,0.05,280,20,1.0,softplus,,1.0,0.909770369529724,0.998094916343689,0.2809344232082367,0.9698834419250488,Table_1,GNode,0.5,True,True,True,False
95b6b39c,node,32,500,0,0.002,0.0,128,10,128.0,3.0,torch.nn.functional.softplus,280,300,0.05,280,20,1.0,softplus,,1.0,0.909770369529724,0.998094916343689,0.2809344232082367,0.9698834419250488,Table_1,GNode,0.5,True,True,True,False
5affcbc0,node,64,500,0,0.002,0.0,128,10,128.0,3.0,torch.nn.functional.softplus,280,300,0.05,280,20,1.0,softplus,,1.0,0.7456220984458923,0.9952282309532166,0.2800605893135071,0.8815239667892456,Table_1,GNode,1.0,True,False,True,False
5affcbc0,node,64,500,0,0.002,0.0,128,10,128.0,3.0,torch.nn.functional.softplus,280,300,0.05,280,20,1.0,softplus,,1.0,0.7456220984458923,0.9952282309532166,0.2800605893135071,0.8815239667892456,Table_1,GNode,1.0,True,False,True,False
becc9a62,node,32,500,0,0.002,0.0,128,10,128.0,3.0,,280,300,0.05,280,20,1.0,softplus,,1.0,0.9095261693000792,0.9980675578117372,0.28091761469841,0.9698129892349244,Table_1,GNode,0.5,True,True,True,False
2ac77f90,node,64,500,0,0.002,0.0,128,10,128.0,3.0,,280,300,0.05,280,20,1.0,softplus,,1.0,0.7462629079818726,0.995250642299652,0.2800574004650116,0.881373941898346,Table_1,GNode,1.0,True,False,True,False
becc9a62,node,32,500,0,0.002,0.0,128,10,128.0,3.0,,280,300,0.05,280,20,1.0,softplus,,1.0,0.9095261693000792,0.9980675578117372,0.28091761469841,0.9698129892349244,Table_1,GNode,0.5,True,True,True,False
2ac77f90,node,64,500,0,0.002,0.0,128,10,128.0,3.0,,280,300,0.05,280,20,1.0,softplus,,1.0,0.7462629079818726,0.995250642299652,0.2800574004650116,0.881373941898346,Table_1,GNode,1.0,True,False,True,False
8aba258a,node,32,501,0,0.002,0.0,128,10,128.0,3.0,torch.nn.functional.softplus,280,300,0.05,280,20,1.0,softplus,,1.0,0.9074147939682008,0.9979655146598816,0.2808267772197723,0.968312680721283,Table_1,GNode,0.5,True,True,True,False
8aba258a,node,32,501,0,0.002,0.0,128,10,128.0,3.0,torch.nn.functional.softplus,280,300,0.05,280,20,1.0,softplus,,1.0,0.9074147939682008,0.9979655146598816,0.2808267772197723,0.968312680721283,Table_1,GNode,0.5,True,True,True,False
cd9a7f6e,node,64,501,0,0.002,0.0,128,10,128.0,3.0,torch.nn.functional.softplus,280,300,0.05,280,20,1.0,softplus,,1.0,0.7494844794273376,0.9959921836853028,0.2803240716457367,0.8829927444458008,Table_1,GNode,1.0,True,False,True,False
cd9a7f6e,node,64,501,0,0.002,0.0,128,10,128.0,3.0,torch.nn.functional.softplus,280,300,0.05,280,20,1.0,softplus,,1.0,0.7494844794273376,0.9959921836853028,0.2803240716457367,0.8829927444458008,Table_1,GNode,1.0,True,False,True,False
b9fe2392,node,32,501,0,0.002,0.0,128,10,128.0,3.0,,280,300,0.05,280,20,1.0,softplus,,1.0,0.9073686003684998,0.9979572892189026,0.2808214724063873,0.9682871103286744,Table_1,GNode,0.5,True,True,True,False
2decde61,node,64,501,0,0.002,0.0,128,10,128.0,3.0,,280,300,0.05,280,20,1.0,softplus,,1.0,0.7495462894439697,0.996005356311798,0.2803267240524292,0.8832191228866577,Table_1,GNode,1.0,True,False,True,False
b9fe2392,node,32,501,0,0.002,0.0,128,10,128.0,3.0,,280,300,0.05,280,20,1.0,softplus,,1.0,0.9073686003684998,0.9979572892189026,0.2808214724063873,0.9682871103286744,Table_1,GNode,0.5,True,True,True,False
2decde61,node,64,501,0,0.002,0.0,128,10,128.0,3.0,,280,300,0.05,280,20,1.0,softplus,,1.0,0.7495462894439697,0.996005356311798,0.2803267240524292,0.8832191228866577,Table_1,GNode,1.0,True,False,True,False
0a086b19,gnode,32,500,0,0.002,0.0,128,10,64.0,3.0,torch.nn.functional.softplus,250,300,0.1,250,50,1.0,softplus,,1.0,0.8705155849456787,0.99816232919693,0.2805121839046478,0.8788018226623535,Table_1,GNode,0.5,True,True,True,False
8eb73e78,gnode,10,500,0,0.002,0.0,128,10,64.0,3.0,torch.nn.functional.softplus,250,300,0.1,250,50,1.0,softplus,,1.0,0.9673804044723512,0.9985989332199096,0.2805954217910766,0.998477339744568,Table_1,GNode,0.15625,True,True,True,False
4ec1fc58,gnode,64,500,0,0.002,0.0,128,10,64.0,3.0,torch.nn.functional.softplus,250,300,0.1,250,50,1.0,softplus,,1.0,0.7231519818305969,0.9954119324684144,0.279944896697998,0.7767710089683533,Table_1,GNode,1.0,True,False,True,False
0a086b19,gnode,32,500,0,0.002,0.0,128,10,64.0,3.0,torch.nn.functional.softplus,250,300,0.1,250,50,1.0,softplus,,1.0,0.8705155849456787,0.99816232919693,0.2805121839046478,0.8788018226623535,Table_1,GNode,0.5,True,True,True,False
8eb73e78,gnode,10,500,0,0.002,0.0,128,10,64.0,3.0,torch.nn.functional.softplus,250,300,0.1,250,50,1.0,softplus,,1.0,0.9673804044723512,0.9985989332199096,0.2805954217910766,0.998477339744568,Table_1,GNode,0.15625,True,True,True,False
4ec1fc58,gnode,64,500,0,0.002,0.0,128,10,64.0,3.0,torch.nn.functional.softplus,250,300,0.1,250,50,1.0,softplus,,1.0,0.7231519818305969,0.9954119324684144,0.279944896697998,0.7767710089683533,Table_1,GNode,1.0,True,False,True,False
047eb157,gnode,10,501,0,0.002,0.0,128,10,64.0,3.0,torch.nn.functional.softplus,250,300,0.1,250,50,1.0,softplus,,1.0,0.966418981552124,0.9986838102340698,0.2806586027145386,0.9985533356666564,Table_1,GNode,0.15625,True,True,True,False
047eb157,gnode,10,501,0,0.002,0.0,128,10,64.0,3.0,torch.nn.functional.softplus,250,300,0.1,250,50,1.0,softplus,,1.0,0.966418981552124,0.9986838102340698,0.2806586027145386,0.9985533356666564,Table_1,GNode,0.15625,True,True,True,False
734917aa,gnode,32,501,0,0.002,0.0,128,10,64.0,3.0,torch.nn.functional.softplus,250,300,0.1,250,50,1.0,softplus,,1.0,0.8707526326179504,0.9981573224067688,0.2805121839046478,0.8800371289253235,Table_1,GNode,0.5,True,True,True,False
9dc644f8,gnode,64,501,0,0.002,0.0,128,10,64.0,3.0,torch.nn.functional.softplus,250,300,0.1,250,50,1.0,softplus,,1.0,0.719950795173645,0.9952558279037476,0.2799627482891083,0.7787560224533081,Table_1,GNode,1.0,True,False,True,False
734917aa,gnode,32,501,0,0.002,0.0,128,10,64.0,3.0,torch.nn.functional.softplus,250,300,0.1,250,50,1.0,softplus,,1.0,0.8707526326179504,0.9981573224067688,0.2805121839046478,0.8800371289253235,Table_1,GNode,0.5,True,True,True,False
9dc644f8,gnode,64,501,0,0.002,0.0,128,10,64.0,3.0,torch.nn.functional.softplus,250,300,0.1,250,50,1.0,softplus,,1.0,0.719950795173645,0.9952558279037476,0.2799627482891083,0.7787560224533081,Table_1,GNode,1.0,True,False,True,False
b7f1d587,node,32,500,0,0.002,0.0,128,10,128.0,3.0,torch.nn.functional.softplus,200,300,0.05,200,100,1.0,softplus,,1.0,0.9093714952468872,0.9981271624565125,0.2806026935577392,0.9649288654327391,Table_1,GNode,0.5,True,True,True,False
b7f1d587,node,32,500,0,0.002,0.0,128,10,128.0,3.0,torch.nn.functional.softplus,200,300,0.05,200,100,1.0,softplus,,1.0,0.9093714952468872,0.9981271624565125,0.2806026935577392,0.9649288654327391,Table_1,GNode,0.5,True,True,True,False
a9c6abc0,node,64,500,0,0.002,0.0,128,10,128.0,3.0,torch.nn.functional.softplus,200,300,0.05,200,100,1.0,softplus,,1.0,0.7260257601737976,0.9954444766044616,0.2800156474113464,0.8879155516624451,Table_1,GNode,1.0,True,False,True,False
a9c6abc0,node,64,500,0,0.002,0.0,128,10,128.0,3.0,torch.nn.functional.softplus,200,300,0.05,200,100,1.0,softplus,,1.0,0.7260257601737976,0.9954444766044616,0.2800156474113464,0.8879155516624451,Table_1,GNode,1.0,True,False,True,False
e3c824c4,node,32,500,0,0.002,0.0,128,10,128.0,3.0,,200,300,0.05,200,100,1.0,softplus,,1.0,0.9095651507377625,0.9981278777122498,0.2805984616279602,0.9655987024307252,Table_1,GNode,0.5,True,True,True,False
e3c824c4,node,32,500,0,0.002,0.0,128,10,128.0,3.0,,200,300,0.05,200,100,1.0,softplus,,1.0,0.9095651507377625,0.9981278777122498,0.2805984616279602,0.9655987024307252,Table_1,GNode,0.5,True,True,True,False
b8b48028,node,64,500,0,0.002,0.0,128,10,128.0,3.0,,200,300,0.05,200,100,1.0,softplus,,1.0,0.7259774208068848,0.9954658150672911,0.2800246775150299,0.8877130150794983,Table_1,GNode,1.0,True,False,True,False
b8b48028,node,64,500,0,0.002,0.0,128,10,128.0,3.0,,200,300,0.05,200,100,1.0,softplus,,1.0,0.7259774208068848,0.9954658150672911,0.2800246775150299,0.8877130150794983,Table_1,GNode,1.0,True,False,True,False
4781235d,node,32,501,0,0.002,0.0,128,10,128.0,3.0,torch.nn.functional.softplus,200,300,0.05,200,100,1.0,softplus,,1.0,0.9031215906143188,0.9981358647346495,0.2806036174297333,0.9601127505302428,Table_1,GNode,0.5,True,True,True,False
4781235d,node,32,501,0,0.002,0.0,128,10,128.0,3.0,torch.nn.functional.softplus,200,300,0.05,200,100,1.0,softplus,,1.0,0.9031215906143188,0.9981358647346495,0.2806036174297333,0.9601127505302428,Table_1,GNode,0.5,True,True,True,False
5b5eed4c,node,64,501,0,0.002,0.0,128,10,128.0,3.0,torch.nn.functional.softplus,200,300,0.05,200,100,1.0,softplus,,1.0,0.7182815670967102,0.9954570531845092,0.2800058722496032,0.8811537027359009,Table_1,GNode,1.0,True,False,True,False
5b5eed4c,node,64,501,0,0.002,0.0,128,10,128.0,3.0,torch.nn.functional.softplus,200,300,0.05,200,100,1.0,softplus,,1.0,0.7182815670967102,0.9954570531845092,0.2800058722496032,0.8811537027359009,Table_1,GNode,1.0,True,False,True,False
fd514f56,node,32,501,0,0.002,0.0,128,10,128.0,3.0,,200,300,0.05,200,100,1.0,softplus,,1.0,0.9027843475341796,0.9981268048286438,0.2806021869182586,0.959792137145996,Table_1,GNode,0.5,True,True,True,False
fd514f56,node,32,501,0,0.002,0.0,128,10,128.0,3.0,,200,300,0.05,200,100,1.0,softplus,,1.0,0.9027843475341796,0.9981268048286438,0.2806021869182586,0.959792137145996,Table_1,GNode,0.5,True,True,True,False
4c2d6827,node,64,501,0,0.002,0.0,128,10,128.0,3.0,,200,300,0.05,200,100,1.0,softplus,,1.0,0.7180652022361755,0.9954856038093568,0.2800202369689941,0.8801525235176086,Table_1,GNode,1.0,True,False,True,False
4c2d6827,node,64,501,0,0.002,0.0,128,10,128.0,3.0,,200,300,0.05,200,100,1.0,softplus,,1.0,0.7180652022361755,0.9954856038093568,0.2800202369689941,0.8801525235176086,Table_1,GNode,1.0,True,False,True,False
35c1a647,gnode,32,500,0,0.002,0.0,128,10,64.0,3.0,torch.nn.functional.softplus,200,300,0.1,200,100,1.0,softplus,,1.0,0.874178409576416,0.9977057576179504,0.2804201245307922,0.9101433157920836,Table_1,GNode,0.5,True,True,True,False
f5bb38d1,gnode,64,500,0,0.002,0.0,128,10,64.0,3.0,torch.nn.functional.softplus,200,300,0.1,200,100,1.0,softplus,,1.0,0.7174471020698547,0.9955800771713256,0.2802580595016479,0.8281390070915222,Table_1,GNode,1.0,True,False,True,False
f5bb38d1,gnode,64,500,0,0.002,0.0,128,10,64.0,3.0,torch.nn.functional.softplus,200,300,0.1,200,100,1.0,softplus,,1.0,0.7174471020698547,0.9955800771713256,0.2802580595016479,0.8281390070915222,Table_1,GNode,1.0,True,False,True,False
35c1a647,gnode,32,500,0,0.002,0.0,128,10,64.0,3.0,torch.nn.functional.softplus,200,300,0.1,200,100,1.0,softplus,,1.0,0.874178409576416,0.9977057576179504,0.2804201245307922,0.9101433157920836,Table_1,GNode,0.5,True,True,True,False
536c050b,gnode,32,500,0,0.002,0.0,128,10,64.0,3.0,torch.nn.functional.softplus,280,300,0.1,280,20,1.0,softplus,,1.0,0.887793242931366,0.9966731071472168,0.2805096507072449,0.9062629342079164,Table_1,GNode,0.5,True,True,True,False
7c029f3f,gnode,64,500,0,0.002,0.0,128,10,64.0,3.0,torch.nn.functional.softplus,280,300,0.1,280,20,1.0,softplus,,1.0,0.7234116196632385,0.995337724685669,0.2803028225898742,0.7959923148155212,Table_1,GNode,1.0,True,False,True,False
7c029f3f,gnode,64,500,0,0.002,0.0,128,10,64.0,3.0,torch.nn.functional.softplus,280,300,0.1,280,20,1.0,softplus,,1.0,0.7234116196632385,0.995337724685669,0.2803028225898742,0.7959923148155212,Table_1,GNode,1.0,True,False,True,False
536c050b,gnode,32,500,0,0.002,0.0,128,10,64.0,3.0,torch.nn.functional.softplus,280,300,0.1,280,20,1.0,softplus,,1.0,0.887793242931366,0.9966731071472168,0.2805096507072449,0.9062629342079164,Table_1,GNode,0.5,True,True,True,False
83c15e0b,gnode,32,501,0,0.002,0.0,128,10,64.0,3.0,torch.nn.functional.softplus,280,300,0.1,280,20,1.0,softplus,,1.0,0.8868988156318665,0.9977246522903442,0.2807656824588775,0.9031214714050292,Table_1,GNode,0.5,True,True,True,False
83c15e0b,gnode,32,501,0,0.002,0.0,128,10,64.0,3.0,torch.nn.functional.softplus,280,300,0.1,280,20,1.0,softplus,,1.0,0.8868988156318665,0.9977246522903442,0.2807656824588775,0.9031214714050292,Table_1,GNode,0.5,True,True,True,False
64358cd7,gnode,64,501,0,0.002,0.0,128,10,64.0,3.0,torch.nn.functional.softplus,280,300,0.1,280,20,1.0,softplus,,1.0,0.720819354057312,0.9953099489212036,0.2802720069885254,0.7943689227104187,Table_1,GNode,1.0,True,False,True,False
64358cd7,gnode,64,501,0,0.002,0.0,128,10,64.0,3.0,torch.nn.functional.softplus,280,300,0.1,280,20,1.0,softplus,,1.0,0.720819354057312,0.9953099489212036,0.2802720069885254,0.7943689227104187,Table_1,GNode,1.0,True,False,True,False
5be79c3c,node,32,500,0,0.002,0.0,128,10,128.0,3.0,torch.nn.functional.softplus,250,300,0.05,250,50,1.0,softplus,,1.0,0.8997061252593994,0.9965906739234924,0.2801070809364319,0.9579207301139832,Table_1,GNode,0.5,True,True,True,False
5be79c3c,node,32,500,0,0.002,0.0,128,10,128.0,3.0,torch.nn.functional.softplus,250,300,0.05,250,50,1.0,softplus,,1.0,0.8997061252593994,0.9965906739234924,0.2801070809364319,0.9579207301139832,Table_1,GNode,0.5,True,True,True,False
5d4dfe4a,node,64,500,0,0.002,0.0,128,10,128.0,3.0,torch.nn.functional.softplus,250,300,0.05,250,50,1.0,softplus,,1.0,0.7168197631835938,0.9931938648223876,0.2792350351810455,0.8714632391929626,Table_1,GNode,1.0,True,False,True,False
5d4dfe4a,node,64,500,0,0.002,0.0,128,10,128.0,3.0,torch.nn.functional.softplus,250,300,0.05,250,50,1.0,softplus,,1.0,0.7168197631835938,0.9931938648223876,0.2792350351810455,0.8714632391929626,Table_1,GNode,1.0,True,False,True,False
964dd9a7,node,32,500,0,0.002,0.0,128,10,128.0,3.0,,250,300,0.05,250,50,1.0,softplus,,1.0,0.899824321269989,0.9965834617614746,0.2801099121570587,0.9579159617424012,Table_1,GNode,0.5,True,True,True,False
964dd9a7,node,32,500,0,0.002,0.0,128,10,128.0,3.0,,250,300,0.05,250,50,1.0,softplus,,1.0,0.899824321269989,0.9965834617614746,0.2801099121570587,0.9579159617424012,Table_1,GNode,0.5,True,True,True,False
02a69630,node,64,500,0,0.002,0.0,128,10,128.0,3.0,,250,300,0.05,250,50,1.0,softplus,,1.0,0.7165733575820923,0.9931859970092772,0.279237151145935,0.8724942803382874,Table_1,GNode,1.0,True,False,True,False
02a69630,node,64,500,0,0.002,0.0,128,10,128.0,3.0,,250,300,0.05,250,50,1.0,softplus,,1.0,0.7165733575820923,0.9931859970092772,0.279237151145935,0.8724942803382874,Table_1,GNode,1.0,True,False,True,False
72a3d0b9,node,32,501,0,0.002,0.0,128,10,128.0,3.0,torch.nn.functional.softplus,250,300,0.05,250,50,1.0,softplus,,1.0,0.9022522568702698,0.9981980919837952,0.2805911600589752,0.961766242980957,Table_1,GNode,0.5,True,True,True,False
72a3d0b9,node,32,501,0,0.002,0.0,128,10,128.0,3.0,torch.nn.functional.softplus,250,300,0.05,250,50,1.0,softplus,,1.0,0.9022522568702698,0.9981980919837952,0.2805911600589752,0.961766242980957,Table_1,GNode,0.5,True,True,True,False
04e7df0e,node,64,501,0,0.002,0.0,128,10,128.0,3.0,torch.nn.functional.softplus,250,300,0.05,250,50,1.0,softplus,,1.0,0.6873401999473572,0.9947478771209716,0.2798262536525726,0.8436776995658875,Table_1,GNode,1.0,True,False,True,False
04e7df0e,node,64,501,0,0.002,0.0,128,10,128.0,3.0,torch.nn.functional.softplus,250,300,0.05,250,50,1.0,softplus,,1.0,0.6873401999473572,0.9947478771209716,0.2798262536525726,0.8436776995658875,Table_1,GNode,1.0,True,False,True,False
6a406145,node,32,501,0,0.002,0.0,128,10,128.0,3.0,,250,300,0.05,250,50,1.0,softplus,,1.0,0.9028660655021667,0.9981966614723206,0.280588150024414,0.962413728237152,Table_1,GNode,0.5,True,True,True,False
6a406145,node,32,501,0,0.002,0.0,128,10,128.0,3.0,,250,300,0.05,250,50,1.0,softplus,,1.0,0.9028660655021667,0.9981966614723206,0.280588150024414,0.962413728237152,Table_1,GNode,0.5,True,True,True,False
1e9588f2,node,64,501,0,0.002,0.0,128,10,128.0,3.0,,250,300,0.05,250,50,1.0,softplus,,1.0,0.6881755590438843,0.9947783946990968,0.2798425257205963,0.843368649482727,Table_1,GNode,1.0,True,False,True,False
1e9588f2,node,64,501,0,0.002,0.0,128,10,128.0,3.0,,250,300,0.05,250,50,1.0,softplus,,1.0,0.6881755590438843,0.9947783946990968,0.2798425257205963,0.843368649482727,Table_1,GNode,1.0,True,False,True,False
81cf122c,gnode,64,500,0,0.002,0.0,128,5,64.0,3.0,torch.nn.functional.softplus,280,300,0.1,280,20,1.0,softplus,,1.0,0.8427779674530029,0.991264581680298,0.2259909063577652,0.8416082262992859,Table_2,GRU,1.0,True,False,True,False
a701dc07,gnode,32,500,0,0.002,0.0,128,5,64.0,3.0,torch.nn.functional.softplus,280,300,0.1,280,20,1.0,softplus,,1.0,0.9729240536689758,0.9930098056793212,0.2262798994779586,0.9794315695762634,Table_2,GRU,0.5,True,True,True,False
bbdaadc8,gnode,5,500,0,0.002,0.0,128,5,64.0,3.0,torch.nn.functional.softplus,280,300,0.1,280,20,1.0,softplus,,1.0,0.9977960586547852,0.9881276488304138,0.225013330578804,0.9986145496368408,Table_2,GRU,0.078125,True,True,True,False
bbdaadc8,gnode,5,500,0,0.002,0.0,128,5,64.0,3.0,torch.nn.functional.softplus,280,300,0.1,280,20,1.0,softplus,,1.0,0.9977960586547852,0.9881276488304138,0.225013330578804,0.9986145496368408,Table_2,GRU,0.078125,True,True,True,False
81cf122c,gnode,64,500,0,0.002,0.0,128,5,64.0,3.0,torch.nn.functional.softplus,280,300,0.1,280,20,1.0,softplus,,1.0,0.8427779674530029,0.991264581680298,0.2259909063577652,0.8416082262992859,Table_2,GRU,1.0,True,False,True,False
a701dc07,gnode,32,500,0,0.002,0.0,128,5,64.0,3.0,torch.nn.functional.softplus,280,300,0.1,280,20,1.0,softplus,,1.0,0.9729240536689758,0.9930098056793212,0.2262798994779586,0.9794315695762634,Table_2,GRU,0.5,True,True,True,False
4ac7f7e5,gnode,32,501,0,0.002,0.0,128,5,64.0,3.0,torch.nn.functional.softplus,280,300,0.1,280,20,1.0,softplus,,1.0,0.9751585721969604,0.9924088716506958,0.2262694686651229,0.9819700717926024,Table_2,GRU,0.5,True,True,True,False
5203707a,gnode,10,501,0,0.002,0.0,128,5,64.0,3.0,torch.nn.functional.softplus,280,300,0.1,280,20,1.0,softplus,,1.0,0.9971448183059692,0.9933356642723083,0.2261310815811157,0.998367428779602,Table_2,GRU,0.15625,True,True,True,False
fb18738e,gnode,64,501,0,0.002,0.0,128,5,64.0,3.0,torch.nn.functional.softplus,280,300,0.1,280,20,1.0,softplus,,1.0,0.8435924053192139,0.991338312625885,0.2259804755449295,0.8427585363388062,Table_2,GRU,1.0,True,False,True,False
5203707a,gnode,10,501,0,0.002,0.0,128,5,64.0,3.0,torch.nn.functional.softplus,280,300,0.1,280,20,1.0,softplus,,1.0,0.9971448183059692,0.9933356642723083,0.2261310815811157,0.998367428779602,Table_2,GRU,0.15625,True,True,True,False
fb18738e,gnode,64,501,0,0.002,0.0,128,5,64.0,3.0,torch.nn.functional.softplus,280,300,0.1,280,20,1.0,softplus,,1.0,0.8435924053192139,0.991338312625885,0.2259804755449295,0.8427585363388062,Table_2,GRU,1.0,True,False,True,False
4ac7f7e5,gnode,32,501,0,0.002,0.0,128,5,64.0,3.0,torch.nn.functional.softplus,280,300,0.1,280,20,1.0,softplus,,1.0,0.9751585721969604,0.9924088716506958,0.2262694686651229,0.9819700717926024,Table_2,GRU,0.5,True,True,True,False
81cf122c,gnode,64,500,0,0.002,0.0,128,5,64.0,3.0,torch.nn.functional.softplus,280,300,0.1,280,20,1.0,softplus,,1.0,0.8427779674530029,0.991264581680298,0.2259909063577652,0.8416082262992859,Table_2,GRU,1.0,True,False,True,False
bbdaadc8,gnode,5,500,0,0.002,0.0,128,5,64.0,3.0,torch.nn.functional.softplus,280,300,0.1,280,20,1.0,softplus,,1.0,0.9977960586547852,0.9881276488304138,0.225013330578804,0.9986145496368408,Table_2,GRU,0.078125,True,True,True,False
a701dc07,gnode,32,500,0,0.002,0.0,128,5,64.0,3.0,torch.nn.functional.softplus,280,300,0.1,280,20,1.0,softplus,,1.0,0.9729240536689758,0.9930098056793212,0.2262798994779586,0.9794315695762634,Table_2,GRU,0.5,True,True,True,False
81cf122c,gnode,64,500,0,0.002,0.0,128,5,64.0,3.0,torch.nn.functional.softplus,280,300,0.1,280,20,1.0,softplus,,1.0,0.8427779674530029,0.991264581680298,0.2259909063577652,0.8416082262992859,Table_2,GRU,1.0,True,False,True,False
bbdaadc8,gnode,5,500,0,0.002,0.0,128,5,64.0,3.0,torch.nn.functional.softplus,280,300,0.1,280,20,1.0,softplus,,1.0,0.9977960586547852,0.9881276488304138,0.225013330578804,0.9986145496368408,Table_2,GRU,0.078125,True,True,True,False
a701dc07,gnode,32,500,0,0.002,0.0,128,5,64.0,3.0,torch.nn.functional.softplus,280,300,0.1,280,20,1.0,softplus,,1.0,0.9729240536689758,0.9930098056793212,0.2262798994779586,0.9794315695762634,Table_2,GRU,0.5,True,True,True,False
5203707a,gnode,10,501,0,0.002,0.0,128,5,64.0,3.0,torch.nn.functional.softplus,280,300,0.1,280,20,1.0,softplus,,1.0,0.9971448183059692,0.9933356642723083,0.2261310815811157,0.998367428779602,Table_2,GRU,0.15625,True,True,True,False
5203707a,gnode,10,501,0,0.002,0.0,128,5,64.0,3.0,torch.nn.functional.softplus,280,300,0.1,280,20,1.0,softplus,,1.0,0.9971448183059692,0.9933356642723083,0.2261310815811157,0.998367428779602,Table_2,GRU,0.15625,True,True,True,False
4ac7f7e5,gnode,32,501,0,0.002,0.0,128,5,64.0,3.0,torch.nn.functional.softplus,280,300,0.1,280,20,1.0,softplus,,1.0,0.9751585721969604,0.9924088716506958,0.2262694686651229,0.9819700717926024,Table_2,GRU,0.5,True,True,True,False
4ac7f7e5,gnode,32,501,0,0.002,0.0,128,5,64.0,3.0,torch.nn.functional.softplus,280,300,0.1,280,20,1.0,softplus,,1.0,0.9751585721969604,0.9924088716506958,0.2262694686651229,0.9819700717926024,Table_2,GRU,0.5,True,True,True,False
fb18738e,gnode,64,501,0,0.002,0.0,128,5,64.0,3.0,torch.nn.functional.softplus,280,300,0.1,280,20,1.0,softplus,,1.0,0.8435924053192139,0.991338312625885,0.2259804755449295,0.8427585363388062,Table_2,GRU,1.0,True,False,True,False
fb18738e,gnode,64,501,0,0.002,0.0,128,5,64.0,3.0,torch.nn.functional.softplus,280,300,0.1,280,20,1.0,softplus,,1.0,0.8435924053192139,0.991338312625885,0.2259804755449295,0.8427585363388062,Table_2,GRU,1.0,True,False,True,False
97bb4b50,node,5,500,0,0.002,0.0,128,5,128.0,3.0,torch.nn.functional.softplus,250,300,0.05,250,50,1.0,softplus,,1.0,0.9982502460479736,0.9895886182785034,0.2253545820713043,0.9984670877456664,Table_2,GRU,0.078125,True,True,True,False
3c8502d5,node,32,500,0,0.002,0.0,128,5,128.0,3.0,torch.nn.functional.softplus,250,300,0.05,250,50,1.0,softplus,,1.0,0.9753421545028688,0.9945668578147888,0.2266772836446762,0.9831786155700684,Table_2,GRU,0.5,True,True,True,False
1e77ec22,node,10,500,0,0.002,0.0,128,5,128.0,3.0,torch.nn.functional.softplus,250,300,0.05,250,50,1.0,softplus,,1.0,0.9976160526275636,0.9938323497772216,0.2263359129428863,0.9983512163162231,Table_2,GRU,0.15625,True,True,True,False
1e77ec22,node,10,500,0,0.002,0.0,128,5,128.0,3.0,torch.nn.functional.softplus,250,300,0.05,250,50,1.0,softplus,,1.0,0.9976160526275636,0.9938323497772216,0.2263359129428863,0.9983512163162231,Table_2,GRU,0.15625,True,True,True,False
97bb4b50,node,5,500,0,0.002,0.0,128,5,128.0,3.0,torch.nn.functional.softplus,250,300,0.05,250,50,1.0,softplus,,1.0,0.9982502460479736,0.9895886182785034,0.2253545820713043,0.9984670877456664,Table_2,GRU,0.078125,True,True,True,False
3c8502d5,node,32,500,0,0.002,0.0,128,5,128.0,3.0,torch.nn.functional.softplus,250,300,0.05,250,50,1.0,softplus,,1.0,0.9753421545028688,0.9945668578147888,0.2266772836446762,0.9831786155700684,Table_2,GRU,0.5,True,True,True,False
e32f17f1,node,64,500,0,0.002,0.0,128,5,128.0,3.0,torch.nn.functional.softplus,250,300,0.05,250,50,1.0,softplus,,1.0,0.830163836479187,0.9920355081558228,0.22636678814888,0.8917407989501953,Table_2,GRU,1.0,True,False,True,False
e32f17f1,node,64,500,0,0.002,0.0,128,5,128.0,3.0,torch.nn.functional.softplus,250,300,0.05,250,50,1.0,softplus,,1.0,0.830163836479187,0.9920355081558228,0.22636678814888,0.8917407989501953,Table_2,GRU,1.0,True,False,True,False
c6be0cbe,node,5,500,0,0.002,0.0,128,5,128.0,3.0,,250,300,0.05,250,50,1.0,softplus,,1.0,0.998249650001526,0.9895871877670288,0.2253536880016327,0.9984657168388368,Table_2,GRU,0.078125,True,True,True,False
c6be0cbe,node,5,500,0,0.002,0.0,128,5,128.0,3.0,,250,300,0.05,250,50,1.0,softplus,,1.0,0.998249650001526,0.9895871877670288,0.2253536880016327,0.9984657168388368,Table_2,GRU,0.078125,True,True,True,False
d82744c1,node,10,500,0,0.002,0.0,128,5,128.0,3.0,,250,300,0.05,250,50,1.0,softplus,,1.0,0.9975939989089966,0.9938333630561828,0.2263357490301132,0.998351275920868,Table_2,GRU,0.15625,True,True,True,False
d82744c1,node,10,500,0,0.002,0.0,128,5,128.0,3.0,,250,300,0.05,250,50,1.0,softplus,,1.0,0.9975939989089966,0.9938333630561828,0.2263357490301132,0.998351275920868,Table_2,GRU,0.15625,True,True,True,False
5dc4f46f,node,32,500,0,0.002,0.0,128,5,128.0,3.0,,250,300,0.05,250,50,1.0,softplus,,1.0,0.9752482175827026,0.9945454597473145,0.226672425866127,0.9831394553184508,Table_2,GRU,0.5,True,True,True,False
5dc4f46f,node,32,500,0,0.002,0.0,128,5,128.0,3.0,,250,300,0.05,250,50,1.0,softplus,,1.0,0.9752482175827026,0.9945454597473145,0.226672425866127,0.9831394553184508,Table_2,GRU,0.5,True,True,True,False
c3ebfcd6,node,64,500,0,0.002,0.0,128,5,128.0,3.0,,250,300,0.05,250,50,1.0,softplus,,1.0,0.8306409120559692,0.992026686668396,0.2263621240854263,0.8924270868301392,Table_2,GRU,1.0,True,False,True,False
c3ebfcd6,node,64,500,0,0.002,0.0,128,5,128.0,3.0,,250,300,0.05,250,50,1.0,softplus,,1.0,0.8306409120559692,0.992026686668396,0.2263621240854263,0.8924270868301392,Table_2,GRU,1.0,True,False,True,False
5a0abf31,node,10,501,0,0.002,0.0,128,5,128.0,3.0,torch.nn.functional.softplus,250,300,0.05,250,50,1.0,softplus,,1.0,0.9973572492599488,0.9941868185997008,0.2263820469379425,0.9983307123184204,Table_2,GRU,0.15625,True,True,True,False
5a0abf31,node,10,501,0,0.002,0.0,128,5,128.0,3.0,torch.nn.functional.softplus,250,300,0.05,250,50,1.0,softplus,,1.0,0.9973572492599488,0.9941868185997008,0.2263820469379425,0.9983307123184204,Table_2,GRU,0.15625,True,True,True,False
b10ea416,node,32,501,0,0.002,0.0,128,5,128.0,3.0,torch.nn.functional.softplus,250,300,0.05,250,50,1.0,softplus,,1.0,0.975617527961731,0.9943820238113404,0.2266379594802856,0.9830583930015564,Table_2,GRU,0.5,True,True,True,False
b10ea416,node,32,501,0,0.002,0.0,128,5,128.0,3.0,torch.nn.functional.softplus,250,300,0.05,250,50,1.0,softplus,,1.0,0.975617527961731,0.9943820238113404,0.2266379594802856,0.9830583930015564,Table_2,GRU,0.5,True,True,True,False
57061708,node,64,501,0,0.002,0.0,128,5,128.0,3.0,torch.nn.functional.softplus,250,300,0.05,250,50,1.0,softplus,,1.0,0.8298590779304504,0.9920307993888856,0.2263719886541366,0.8898659944534302,Table_2,GRU,1.0,True,False,True,False
57061708,node,64,501,0,0.002,0.0,128,5,128.0,3.0,torch.nn.functional.softplus,250,300,0.05,250,50,1.0,softplus,,1.0,0.8298590779304504,0.9920307993888856,0.2263719886541366,0.8898659944534302,Table_2,GRU,1.0,True,False,True,False
be5b0607,node,10,501,0,0.002,0.0,128,5,128.0,3.0,,250,300,0.05,250,50,1.0,softplus,,1.0,0.997455596923828,0.9941839575767516,0.226380780339241,0.9983342885971068,Table_2,GRU,0.15625,True,True,True,False
be5b0607,node,10,501,0,0.002,0.0,128,5,128.0,3.0,,250,300,0.05,250,50,1.0,softplus,,1.0,0.997455596923828,0.9941839575767516,0.226380780339241,0.9983342885971068,Table_2,GRU,0.15625,True,True,True,False
eb5cf3ea,node,32,501,0,0.002,0.0,128,5,128.0,3.0,,250,300,0.05,250,50,1.0,softplus,,1.0,0.9756813645362854,0.9943801164627076,0.2266431599855423,0.9829503297805786,Table_2,GRU,0.5,True,True,True,False
eb5cf3ea,node,32,501,0,0.002,0.0,128,5,128.0,3.0,,250,300,0.05,250,50,1.0,softplus,,1.0,0.9756813645362854,0.9943801164627076,0.2266431599855423,0.9829503297805786,Table_2,GRU,0.5,True,True,True,False
628dabf0,node,64,501,0,0.002,0.0,128,5,128.0,3.0,,250,300,0.05,250,50,1.0,softplus,,1.0,0.8296602368354797,0.9920461177825928,0.2263759523630142,0.8891879320144653,Table_2,GRU,1.0,True,False,True,False
628dabf0,node,64,501,0,0.002,0.0,128,5,128.0,3.0,,250,300,0.05,250,50,1.0,softplus,,1.0,0.8296602368354797,0.9920461177825928,0.2263759523630142,0.8891879320144653,Table_2,GRU,1.0,True,False,True,False
c053d764,gnode,32,500,0,0.002,0.0,128,5,64.0,3.0,torch.nn.functional.softplus,250,300,0.1,250,50,1.0,softplus,,1.0,0.9654425382614136,0.9938119649887084,0.2265579253435135,0.9667253494262696,Table_2,GRU,0.5,True,True,True,False
1df312c6,gnode,64,500,0,0.002,0.0,128,5,64.0,3.0,torch.nn.functional.softplus,250,300,0.1,250,50,1.0,softplus,,1.0,0.8182013630867004,0.9915868043899536,0.2261930704116821,0.7939140796661377,Table_2,GRU,1.0,True,False,True,False
c053d764,gnode,32,500,0,0.002,0.0,128,5,64.0,3.0,torch.nn.functional.softplus,250,300,0.1,250,50,1.0,softplus,,1.0,0.9654425382614136,0.9938119649887084,0.2265579253435135,0.9667253494262696,Table_2,GRU,0.5,True,True,True,False
1df312c6,gnode,64,500,0,0.002,0.0,128,5,64.0,3.0,torch.nn.functional.softplus,250,300,0.1,250,50,1.0,softplus,,1.0,0.8182013630867004,0.9915868043899536,0.2261930704116821,0.7939140796661377,Table_2,GRU,1.0,True,False,True,False
74e54292,gnode,32,501,0,0.002,0.0,128,5,64.0,3.0,torch.nn.functional.softplus,250,300,0.1,250,50,1.0,softplus,,1.0,0.9652165174484252,0.993916153907776,0.2265816181898117,0.9653417468070984,Table_2,GRU,0.5,True,True,True,False
74e54292,gnode,32,501,0,0.002,0.0,128,5,64.0,3.0,torch.nn.functional.softplus,250,300,0.1,250,50,1.0,softplus,,1.0,0.9652165174484252,0.993916153907776,0.2265816181898117,0.9653417468070984,Table_2,GRU,0.5,True,True,True,False
f3c5e126,gnode,64,501,0,0.002,0.0,128,5,64.0,3.0,torch.nn.functional.softplus,250,300,0.1,250,50,1.0,softplus,,1.0,0.8182711601257324,0.9914767742156982,0.2261842787265777,0.793779194355011,Table_2,GRU,1.0,True,False,True,False
f3c5e126,gnode,64,501,0,0.002,0.0,128,5,64.0,3.0,torch.nn.functional.softplus,250,300,0.1,250,50,1.0,softplus,,1.0,0.8182711601257324,0.9914767742156982,0.2261842787265777,0.793779194355011,Table_2,GRU,1.0,True,False,True,False
53e5282d,gnode,32,500,0,0.002,0.0,128,5,64.0,3.0,torch.nn.functional.softplus,200,300,0.1,200,100,1.0,softplus,,1.0,0.9589678049087524,0.993561327457428,0.2265160232782364,0.9647696614265442,Table_2,GRU,0.5,True,True,True,False
775d50d9,gnode,64,500,0,0.002,0.0,128,5,64.0,3.0,torch.nn.functional.softplus,200,300,0.1,200,100,1.0,softplus,,1.0,0.8842461109161377,0.9914581179618835,0.2262477278709411,0.8789910674095154,Table_2,GRU,1.0,True,True,True,False
53e5282d,gnode,32,500,0,0.002,0.0,128,5,64.0,3.0,torch.nn.functional.softplus,200,300,0.1,200,100,1.0,softplus,,1.0,0.9589678049087524,0.993561327457428,0.2265160232782364,0.9647696614265442,Table_2,GRU,0.5,True,True,True,False
775d50d9,gnode,64,500,0,0.002,0.0,128,5,64.0,3.0,torch.nn.functional.softplus,200,300,0.1,200,100,1.0,softplus,,1.0,0.8842461109161377,0.9914581179618835,0.2262477278709411,0.8789910674095154,Table_2,GRU,1.0,True,True,True,False
91034b05,gnode,32,501,0,0.002,0.0,128,5,64.0,3.0,torch.nn.functional.softplus,200,300,0.1,200,100,1.0,softplus,,1.0,0.9585344791412354,0.9938762187957764,0.2265560328960418,0.9463843703269958,Table_2,GRU,0.5,True,True,True,False
91034b05,gnode,32,501,0,0.002,0.0,128,5,64.0,3.0,torch.nn.functional.softplus,200,300,0.1,200,100,1.0,softplus,,1.0,0.9585344791412354,0.9938762187957764,0.2265560328960418,0.9463843703269958,Table_2,GRU,0.5,True,True,True,False
25a0ba63,gnode,64,501,0,0.002,0.0,128,5,64.0,3.0,torch.nn.functional.softplus,200,300,0.1,200,100,1.0,softplus,,1.0,0.8858587145805359,0.9916051626205444,0.2262619286775589,0.8811394572257996,Table_2,GRU,1.0,True,True,True,False
25a0ba63,gnode,64,501,0,0.002,0.0,128,5,64.0,3.0,torch.nn.functional.softplus,200,300,0.1,200,100,1.0,softplus,,1.0,0.8858587145805359,0.9916051626205444,0.2262619286775589,0.8811394572257996,Table_2,GRU,1.0,True,True,True,False
dad1868e,node,32,500,0,0.002,0.0,128,5,128.0,3.0,torch.nn.functional.softplus,200,300,0.05,200,100,1.0,softplus,,1.0,0.9756420850753784,0.9939014315605164,0.2266025096178054,0.9906249642372132,Table_2,GRU,0.5,True,True,True,False
dad1868e,node,32,500,0,0.002,0.0,128,5,128.0,3.0,torch.nn.functional.softplus,200,300,0.05,200,100,1.0,softplus,,1.0,0.9756420850753784,0.9939014315605164,0.2266025096178054,0.9906249642372132,Table_2,GRU,0.5,True,True,True,False
2b764c8f,node,64,500,0,0.002,0.0,128,5,128.0,3.0,torch.nn.functional.softplus,200,300,0.05,200,100,1.0,softplus,,1.0,0.8797339200973511,0.9918853640556335,0.2262696474790573,0.943037450313568,Table_2,GRU,1.0,True,True,True,False
2b764c8f,node,64,500,0,0.002,0.0,128,5,128.0,3.0,torch.nn.functional.softplus,200,300,0.05,200,100,1.0,softplus,,1.0,0.8797339200973511,0.9918853640556335,0.2262696474790573,0.943037450313568,Table_2,GRU,1.0,True,True,True,False
7888a8da,node,32,500,0,0.002,0.0,128,5,128.0,3.0,,200,300,0.05,200,100,1.0,softplus,,1.0,0.9756456613540648,0.993914008140564,0.2266021519899368,0.99069344997406,Table_2,GRU,0.5,True,True,True,False
ae6ee5a7,node,64,500,0,0.002,0.0,128,5,128.0,3.0,,200,300,0.05,200,100,1.0,softplus,,1.0,0.8799808621406555,0.9919033050537108,0.2262708842754364,0.9428931474685668,Table_2,GRU,1.0,True,True,True,False
7888a8da,node,32,500,0,0.002,0.0,128,5,128.0,3.0,,200,300,0.05,200,100,1.0,softplus,,1.0,0.9756456613540648,0.993914008140564,0.2266021519899368,0.99069344997406,Table_2,GRU,0.5,True,True,True,False
ae6ee5a7,node,64,500,0,0.002,0.0,128,5,128.0,3.0,,200,300,0.05,200,100,1.0,softplus,,1.0,0.8799808621406555,0.9919033050537108,0.2262708842754364,0.9428931474685668,Table_2,GRU,1.0,True,True,True,False
9558aa27,node,32,501,0,0.002,0.0,128,5,128.0,3.0,torch.nn.functional.softplus,200,300,0.05,200,100,1.0,softplus,,1.0,0.9749911427497864,0.9928735494613647,0.2264052927494049,0.9904763102531432,Table_2,GRU,0.5,True,True,True,False
9558aa27,node,32,501,0,0.002,0.0,128,5,128.0,3.0,torch.nn.functional.softplus,200,300,0.05,200,100,1.0,softplus,,1.0,0.9749911427497864,0.9928735494613647,0.2264052927494049,0.9904763102531432,Table_2,GRU,0.5,True,True,True,False
c716fa68,node,64,501,0,0.002,0.0,128,5,128.0,3.0,torch.nn.functional.softplus,200,300,0.05,200,100,1.0,softplus,,1.0,0.8808019757270813,0.9921646118164062,0.226322203874588,0.944242000579834,Table_2,GRU,1.0,True,True,True,False
c716fa68,node,64,501,0,0.002,0.0,128,5,128.0,3.0,torch.nn.functional.softplus,200,300,0.05,200,100,1.0,softplus,,1.0,0.8808019757270813,0.9921646118164062,0.226322203874588,0.944242000579834,Table_2,GRU,1.0,True,True,True,False
b9a657d3,node,32,501,0,0.002,0.0,128,5,128.0,3.0,,200,300,0.05,200,100,1.0,softplus,,1.0,0.9748598337173462,0.9928545951843262,0.2264015227556228,0.9896523952484132,Table_2,GRU,0.5,True,True,True,False
b9a657d3,node,32,501,0,0.002,0.0,128,5,128.0,3.0,,200,300,0.05,200,100,1.0,softplus,,1.0,0.9748598337173462,0.9928545951843262,0.2264015227556228,0.9896523952484132,Table_2,GRU,0.5,True,True,True,False
695349be,node,64,501,0,0.002,0.0,128,5,128.0,3.0,,200,300,0.05,200,100,1.0,softplus,,1.0,0.881068766117096,0.9921422004699708,0.2263152152299881,0.944542407989502,Table_2,GRU,1.0,True,True,True,False
695349be,node,64,501,0,0.002,0.0,128,5,128.0,3.0,,200,300,0.05,200,100,1.0,softplus,,1.0,0.881068766117096,0.9921422004699708,0.2263152152299881,0.944542407989502,Table_2,GRU,1.0,True,True,True,False
833b4a48,node,32,500,0,0.002,0.0,128,5,128.0,3.0,torch.nn.functional.softplus,280,300,0.05,280,20,1.0,softplus,,1.0,0.9751358032226562,0.994117021560669,0.2264857739210128,0.983628273010254,Table_2,GRU,0.5,True,True,True,False
833b4a48,node,32,500,0,0.002,0.0,128,5,128.0,3.0,torch.nn.functional.softplus,280,300,0.05,280,20,1.0,softplus,,1.0,0.9751358032226562,0.994117021560669,0.2264857739210128,0.983628273010254,Table_2,GRU,0.5,True,True,True,False
1427d2f3,node,64,500,0,0.002,0.0,128,5,128.0,3.0,torch.nn.functional.softplus,280,300,0.05,280,20,1.0,softplus,,1.0,0.8594866991043091,0.9915620684623718,0.2260722070932388,0.911969780921936,Table_2,GRU,1.0,True,False,True,False
1427d2f3,node,64,500,0,0.002,0.0,128,5,128.0,3.0,torch.nn.functional.softplus,280,300,0.05,280,20,1.0,softplus,,1.0,0.8594866991043091,0.9915620684623718,0.2260722070932388,0.911969780921936,Table_2,GRU,1.0,True,False,True,False
0c340819,node,32,500,0,0.002,0.0,128,5,128.0,3.0,,280,300,0.05,280,20,1.0,softplus,,1.0,0.9750730395317078,0.9940974712371826,0.2264832705259323,0.9836379289627076,Table_2,GRU,0.5,True,True,True,False
0c340819,node,32,500,0,0.002,0.0,128,5,128.0,3.0,,280,300,0.05,280,20,1.0,softplus,,1.0,0.9750730395317078,0.9940974712371826,0.2264832705259323,0.9836379289627076,Table_2,GRU,0.5,True,True,True,False
f1f50dbb,node,64,500,0,0.002,0.0,128,5,128.0,3.0,,280,300,0.05,280,20,1.0,softplus,,1.0,0.8593476414680481,0.9915709495544434,0.2260777652263641,0.9120347499847412,Table_2,GRU,1.0,True,False,True,False
f1f50dbb,node,64,500,0,0.002,0.0,128,5,128.0,3.0,,280,300,0.05,280,20,1.0,softplus,,1.0,0.8593476414680481,0.9915709495544434,0.2260777652263641,0.9120347499847412,Table_2,GRU,1.0,True,False,True,False
490f3ad0,node,32,501,0,0.002,0.0,128,5,128.0,3.0,torch.nn.functional.softplus,280,300,0.05,280,20,1.0,softplus,,1.0,0.9751394391059875,0.9943105578422546,0.2265114486217498,0.98335862159729,Table_2,GRU,0.5,True,True,True,False
490f3ad0,node,32,501,0,0.002,0.0,128,5,128.0,3.0,torch.nn.functional.softplus,280,300,0.05,280,20,1.0,softplus,,1.0,0.9751394391059875,0.9943105578422546,0.2265114486217498,0.98335862159729,Table_2,GRU,0.5,True,True,True,False
ace7ed32,node,64,501,0,0.002,0.0,128,5,128.0,3.0,torch.nn.functional.softplus,280,300,0.05,280,20,1.0,softplus,,1.0,0.8575537800788879,0.992033064365387,0.2261553108692169,0.9104511737823486,Table_2,GRU,1.0,True,False,True,False
ace7ed32,node,64,501,0,0.002,0.0,128,5,128.0,3.0,torch.nn.functional.softplus,280,300,0.05,280,20,1.0,softplus,,1.0,0.8575537800788879,0.992033064365387,0.2261553108692169,0.9104511737823486,Table_2,GRU,1.0,True,False,True,False
a4b6b8ca,node,32,501,0,0.002,0.0,128,5,128.0,3.0,,280,300,0.05,280,20,1.0,softplus,,1.0,0.9752342700958252,0.9943188428878784,0.2265098392963409,0.9834146499633788,Table_2,GRU,0.5,True,True,True,False
a4b6b8ca,node,32,501,0,0.002,0.0,128,5,128.0,3.0,,280,300,0.05,280,20,1.0,softplus,,1.0,0.9752342700958252,0.9943188428878784,0.2265098392963409,0.9834146499633788,Table_2,GRU,0.5,True,True,True,False
2e978976,node,64,501,0,0.002,0.0,128,5,128.0,3.0,,280,300,0.05,280,20,1.0,softplus,,1.0,0.8577032685279846,0.9920700788497924,0.2261624932289123,0.9103133082389832,Table_2,GRU,1.0,True,False,True,False
2e978976,node,64,501,0,0.002,0.0,128,5,128.0,3.0,,280,300,0.05,280,20,1.0,softplus,,1.0,0.8577032685279846,0.9920700788497924,0.2261624932289123,0.9103133082389832,Table_2,GRU,1.0,True,False,True,False
f741e874,gnode,64,500,0,0.002,0.0,128,21,64.0,3.0,torch.nn.functional.softplus,200,300,0.1,200,100,1.0,softplus,,1.0,0.7250851988792419,0.9949243664741516,0.2734686136245727,0.8289747834205627,Table_3,NODE,1.0,True,False,True,False
a5d99819,gnode,32,500,0,0.002,0.0,128,21,64.0,3.0,torch.nn.functional.softplus,200,300,0.1,200,100,1.0,softplus,,1.0,0.9013886451721193,0.9967837929725648,0.2737063765525818,0.8578937649726868,Table_3,NODE,0.5,True,True,True,False
bd5f9f30,gnode,10,500,0,0.002,0.0,128,21,64.0,3.0,torch.nn.functional.softplus,200,300,0.1,200,100,1.0,softplus,,1.0,0.9771947264671326,0.9990947246551514,0.2740806341171264,0.9978119730949402,Table_3,NODE,0.15625,True,True,True,False
f741e874,gnode,64,500,0,0.002,0.0,128,21,64.0,3.0,torch.nn.functional.softplus,200,300,0.1,200,100,1.0,softplus,,1.0,0.7250851988792419,0.9949243664741516,0.2734686136245727,0.8289747834205627,Table_3,NODE,1.0,True,False,True,False
a5d99819,gnode,32,500,0,0.002,0.0,128,21,64.0,3.0,torch.nn.functional.softplus,200,300,0.1,200,100,1.0,softplus,,1.0,0.9013886451721193,0.9967837929725648,0.2737063765525818,0.8578937649726868,Table_3,NODE,0.5,True,True,True,False
bd5f9f30,gnode,10,500,0,0.002,0.0,128,21,64.0,3.0,torch.nn.functional.softplus,200,300,0.1,200,100,1.0,softplus,,1.0,0.9771947264671326,0.9990947246551514,0.2740806341171264,0.9978119730949402,Table_3,NODE,0.15625,True,True,True,False
c5437787,gnode,10,501,0,0.002,0.0,128,21,64.0,3.0,torch.nn.functional.softplus,200,300,0.1,200,100,1.0,softplus,,1.0,0.9766390919685364,0.9982017278671264,0.2739157378673553,0.9978435039520264,Table_3,NODE,0.15625,True,True,True,False
c5437787,gnode,10,501,0,0.002,0.0,128,21,64.0,3.0,torch.nn.functional.softplus,200,300,0.1,200,100,1.0,softplus,,1.0,0.9766390919685364,0.9982017278671264,0.2739157378673553,0.9978435039520264,Table_3,NODE,0.15625,True,True,True,False
685fd0ab,gnode,32,501,0,0.002,0.0,128,21,64.0,3.0,torch.nn.functional.softplus,200,300,0.1,200,100,1.0,softplus,,1.0,0.9014307856559752,0.996687114238739,0.2736950218677521,0.8563026189804077,Table_3,NODE,0.5,True,True,True,False
685fd0ab,gnode,32,501,0,0.002,0.0,128,21,64.0,3.0,torch.nn.functional.softplus,200,300,0.1,200,100,1.0,softplus,,1.0,0.9014307856559752,0.996687114238739,0.2736950218677521,0.8563026189804077,Table_3,NODE,0.5,True,True,True,False
da23dded,gnode,64,501,0,0.002,0.0,128,21,64.0,3.0,torch.nn.functional.softplus,200,300,0.1,200,100,1.0,softplus,,1.0,0.724591851234436,0.9945882558822632,0.2734172344207763,0.8312154412269592,Table_3,NODE,1.0,True,False,True,False
da23dded,gnode,64,501,0,0.002,0.0,128,21,64.0,3.0,torch.nn.functional.softplus,200,300,0.1,200,100,1.0,softplus,,1.0,0.724591851234436,0.9945882558822632,0.2734172344207763,0.8312154412269592,Table_3,NODE,1.0,True,False,True,False
5d21cdb9,fr,512,500,0,0.0001,0.0001,128,21,,,torch.nn.functional.softplus,200,300,,200,100,1.0,softplus,,1.0,0.9179543852806092,0.8313489556312561,0.2239361405372619,0.9853476285934448,Table_3,NODE,1.0,False,True,True,False
5d21cdb9,fr,512,500,0,0.0001,0.0001,128,21,,,torch.nn.functional.softplus,200,300,,200,100,1.0,softplus,,1.0,0.9179543852806092,0.8313489556312561,0.2239361405372619,0.9853476285934448,Table_3,NODE,1.0,False,True,True,False
491f4d12,fr,512,500,0,0.0001,0.0001,128,21,,,,200,300,,200,100,1.0,softplus,,1.0,0.9179583787918092,0.8313596844673157,0.2239388078451156,0.9853484034538268,Table_3,NODE,1.0,False,True,True,False
491f4d12,fr,512,500,0,0.0001,0.0001,128,21,,,,200,300,,200,100,1.0,softplus,,1.0,0.9179583787918092,0.8313596844673157,0.2239388078451156,0.9853484034538268,Table_3,NODE,1.0,False,True,True,False
2456e958,fr,512,501,0,0.0001,0.0001,128,21,,,torch.nn.functional.softplus,200,300,,200,100,1.0,softplus,,1.0,0.88088458776474,0.8245242238044739,0.2237330228090286,0.9948031902313232,Table_3,NODE,1.0,False,True,True,False
2456e958,fr,512,501,0,0.0001,0.0001,128,21,,,torch.nn.functional.softplus,200,300,,200,100,1.0,softplus,,1.0,0.88088458776474,0.8245242238044739,0.2237330228090286,0.9948031902313232,Table_3,NODE,1.0,False,True,True,False
2fcbfe2e,fr,512,501,0,0.0001,0.0001,128,21,,,,200,300,,200,100,1.0,softplus,,1.0,0.8808842897415161,0.8245168924331665,0.2237319499254226,0.9948039054870604,Table_3,NODE,1.0,False,True,True,False
2fcbfe2e,fr,512,501,0,0.0001,0.0001,128,21,,,,200,300,,200,100,1.0,softplus,,1.0,0.8808842897415161,0.8245168924331665,0.2237319499254226,0.9948039054870604,Table_3,NODE,1.0,False,True,True,False
2cce6a48,node,32,500,0,0.002,0.0,128,21,128.0,3.0,,280,300,0.05,280,20,1.0,softplus,,1.0,0.885596513748169,0.9964552521705629,0.2737919092178345,0.9445316195487976,Table_3,NODE,0.5,True,True,True,False
2cce6a48,node,32,500,0,0.002,0.0,128,21,128.0,3.0,,280,300,0.05,280,20,1.0,softplus,,1.0,0.885596513748169,0.9964552521705629,0.2737919092178345,0.9445316195487976,Table_3,NODE,0.5,True,True,True,False
0f85a8e3,node,64,500,0,0.002,0.0,128,21,128.0,3.0,,280,300,0.05,280,20,1.0,softplus,,1.0,0.7301945090293884,0.9948245882987976,0.2734205424785614,0.8868854641914368,Table_3,NODE,1.0,True,False,True,False
0f85a8e3,node,64,500,0,0.002,0.0,128,21,128.0,3.0,,280,300,0.05,280,20,1.0,softplus,,1.0,0.7301945090293884,0.9948245882987976,0.2734205424785614,0.8868854641914368,Table_3,NODE,1.0,True,False,True,False
9a425aa1,node,32,501,0,0.002,0.0,128,21,128.0,3.0,,280,300,0.05,280,20,1.0,softplus,,1.0,0.8847054243087769,0.9966988563537598,0.2739046216011047,0.9427990913391112,Table_3,NODE,0.5,True,True,True,False
9a425aa1,node,32,501,0,0.002,0.0,128,21,128.0,3.0,,280,300,0.05,280,20,1.0,softplus,,1.0,0.8847054243087769,0.9966988563537598,0.2739046216011047,0.9427990913391112,Table_3,NODE,0.5,True,True,True,False
47849297,node,64,501,0,0.002,0.0,128,21,128.0,3.0,,280,300,0.05,280,20,1.0,softplus,,1.0,0.733172595500946,0.9948599934577942,0.2735216915607452,0.8903098702430725,Table_3,NODE,1.0,True,False,True,False
47849297,node,64,501,0,0.002,0.0,128,21,128.0,3.0,,280,300,0.05,280,20,1.0,softplus,,1.0,0.733172595500946,0.9948599934577942,0.2735216915607452,0.8903098702430725,Table_3,NODE,1.0,True,False,True,False
cd2888b4,gnode,32,500,0,0.002,0.0,128,21,64.0,3.0,torch.nn.functional.softplus,250,300,0.1,250,50,1.0,softplus,,1.0,0.9141550660133362,0.99699604511261,0.2736031711101532,0.9574173092842102,Table_3,NODE,0.5,True,True,True,False
ec49fe76,gnode,64,500,0,0.002,0.0,128,21,64.0,3.0,torch.nn.functional.softplus,250,300,0.1,250,50,1.0,softplus,,1.0,0.7449907660484314,0.9932869672775269,0.2727743983268738,0.8629926443099976,Table_3,NODE,1.0,True,False,True,False
171c3c8b,gnode,10,500,0,0.002,0.0,128,21,64.0,3.0,torch.nn.functional.softplus,250,300,0.1,250,50,1.0,softplus,,1.0,0.9757606387138368,0.9986042976379396,0.2737981975078583,0.9756640195846558,Table_3,NODE,0.15625,True,True,True,False
171c3c8b,gnode,10,500,0,0.002,0.0,128,21,64.0,3.0,torch.nn.functional.softplus,250,300,0.1,250,50,1.0,softplus,,1.0,0.9757606387138368,0.9986042976379396,0.2737981975078583,0.9756640195846558,Table_3,NODE,0.15625,True,True,True,False
cd2888b4,gnode,32,500,0,0.002,0.0,128,21,64.0,3.0,torch.nn.functional.softplus,250,300,0.1,250,50,1.0,softplus,,1.0,0.9141550660133362,0.99699604511261,0.2736031711101532,0.9574173092842102,Table_3,NODE,0.5,True,True,True,False
ec49fe76,gnode,64,500,0,0.002,0.0,128,21,64.0,3.0,torch.nn.functional.softplus,250,300,0.1,250,50,1.0,softplus,,1.0,0.7449907660484314,0.9932869672775269,0.2727743983268738,0.8629926443099976,Table_3,NODE,1.0,True,False,True,False
891ece5b,gnode,10,501,0,0.002,0.0,128,21,64.0,3.0,torch.nn.functional.softplus,250,300,0.1,250,50,1.0,softplus,,1.0,0.9751369953155518,0.9984103441238404,0.2738637626171112,0.9751909971237184,Table_3,NODE,0.15625,True,True,True,False
891ece5b,gnode,10,501,0,0.002,0.0,128,21,64.0,3.0,torch.nn.functional.softplus,250,300,0.1,250,50,1.0,softplus,,1.0,0.9751369953155518,0.9984103441238404,0.2738637626171112,0.9751909971237184,Table_3,NODE,0.15625,True,True,True,False
21e1a6d8,gnode,32,501,0,0.002,0.0,128,21,64.0,3.0,torch.nn.functional.softplus,250,300,0.1,250,50,1.0,softplus,,1.0,0.91401869058609,0.9966137409210204,0.2735686600208282,0.9570862054824828,Table_3,NODE,0.5,True,True,True,False
21e1a6d8,gnode,32,501,0,0.002,0.0,128,21,64.0,3.0,torch.nn.functional.softplus,250,300,0.1,250,50,1.0,softplus,,1.0,0.91401869058609,0.9966137409210204,0.2735686600208282,0.9570862054824828,Table_3,NODE,0.5,True,True,True,False
f6032dd6,gnode,64,501,0,0.002,0.0,128,21,64.0,3.0,torch.nn.functional.softplus,250,300,0.1,250,50,1.0,softplus,,1.0,0.7517639994621277,0.9944858551025392,0.2730797827243805,0.8640275001525879,Table_3,NODE,1.0,True,False,True,False
f6032dd6,gnode,64,501,0,0.002,0.0,128,21,64.0,3.0,torch.nn.functional.softplus,250,300,0.1,250,50,1.0,softplus,,1.0,0.7517639994621277,0.9944858551025392,0.2730797827243805,0.8640275001525879,Table_3,NODE,1.0,True,False,True,False
0d9116d3,gnode,64,500,0,0.002,0.0,128,21,64.0,3.0,torch.nn.functional.softplus,280,300,0.1,280,20,1.0,softplus,,1.0,0.7233482003211975,0.9934669733047484,0.2733218669891357,0.8403843641281128,Table_3,NODE,1.0,True,False,True,False
a5e493c2,gnode,32,500,0,0.002,0.0,128,21,64.0,3.0,torch.nn.functional.softplus,280,300,0.1,280,20,1.0,softplus,,1.0,0.8788368105888367,0.9962322115898132,0.2736864686012268,0.8848469853401184,Table_3,NODE,0.5,True,True,True,False
a5e493c2,gnode,32,500,0,0.002,0.0,128,21,64.0,3.0,torch.nn.functional.softplus,280,300,0.1,280,20,1.0,softplus,,1.0,0.8788368105888367,0.9962322115898132,0.2736864686012268,0.8848469853401184,Table_3,NODE,0.5,True,True,True,False
0d9116d3,gnode,64,500,0,0.002,0.0,128,21,64.0,3.0,torch.nn.functional.softplus,280,300,0.1,280,20,1.0,softplus,,1.0,0.7233482003211975,0.9934669733047484,0.2733218669891357,0.8403843641281128,Table_3,NODE,1.0,True,False,True,False
c385cee2,gnode,32,501,0,0.002,0.0,128,21,64.0,3.0,torch.nn.functional.softplus,280,300,0.1,280,20,1.0,softplus,,1.0,0.8791940212249756,0.9951653480529784,0.2734784781932831,0.8870595693588257,Table_3,NODE,0.5,True,True,True,False
c385cee2,gnode,32,501,0,0.002,0.0,128,21,64.0,3.0,torch.nn.functional.softplus,280,300,0.1,280,20,1.0,softplus,,1.0,0.8791940212249756,0.9951653480529784,0.2734784781932831,0.8870595693588257,Table_3,NODE,0.5,True,True,True,False
a89d9062,gnode,64,501,0,0.002,0.0,128,21,64.0,3.0,torch.nn.functional.softplus,280,300,0.1,280,20,1.0,softplus,,1.0,0.7270020246505737,0.9941365718841552,0.2734605371952057,0.839699387550354,Table_3,NODE,1.0,True,False,True,False
a89d9062,gnode,64,501,0,0.002,0.0,128,21,64.0,3.0,torch.nn.functional.softplus,280,300,0.1,280,20,1.0,softplus,,1.0,0.7270020246505737,0.9941365718841552,0.2734605371952057,0.839699387550354,Table_3,NODE,1.0,True,False,True,False
5debda0b,node,32,500,0,0.002,0.0,128,21,128.0,3.0,torch.nn.functional.softplus,200,300,0.05,200,100,1.0,softplus,,1.0,0.9019519686698914,0.9966505169868468,0.2736601829528808,0.9448605179786682,Table_3,NODE,0.5,True,True,True,False
5debda0b,node,32,500,0,0.002,0.0,128,21,128.0,3.0,torch.nn.functional.softplus,200,300,0.05,200,100,1.0,softplus,,1.0,0.9019519686698914,0.9966505169868468,0.2736601829528808,0.9448605179786682,Table_3,NODE,0.5,True,True,True,False
82843c5d,node,64,500,0,0.002,0.0,128,21,128.0,3.0,torch.nn.functional.softplus,200,300,0.05,200,100,1.0,softplus,,1.0,0.7167409658432007,0.9937776923179626,0.2730638086795807,0.8895408511161804,Table_3,NODE,1.0,True,False,True,False
82843c5d,node,64,500,0,0.002,0.0,128,21,128.0,3.0,torch.nn.functional.softplus,200,300,0.05,200,100,1.0,softplus,,1.0,0.7167409658432007,0.9937776923179626,0.2730638086795807,0.8895408511161804,Table_3,NODE,1.0,True,False,True,False
6a590a7c,node,32,501,0,0.002,0.0,128,21,128.0,3.0,torch.nn.functional.softplus,200,300,0.05,200,100,1.0,softplus,,1.0,0.9015421867370604,0.9962494373321532,0.2735629677772522,0.9461599588394164,Table_3,NODE,0.5,True,True,True,False
6a590a7c,node,32,501,0,0.002,0.0,128,21,128.0,3.0,torch.nn.functional.softplus,200,300,0.05,200,100,1.0,softplus,,1.0,0.9015421867370604,0.9962494373321532,0.2735629677772522,0.9461599588394164,Table_3,NODE,0.5,True,True,True,False
f3c6b011,node,64,501,0,0.002,0.0,128,21,128.0,3.0,torch.nn.functional.softplus,200,300,0.05,200,100,1.0,softplus,,1.0,0.718135416507721,0.9937468767166138,0.2731513977050781,0.8924699425697327,Table_3,NODE,1.0,True,False,True,False
f3c6b011,node,64,501,0,0.002,0.0,128,21,128.0,3.0,torch.nn.functional.softplus,200,300,0.05,200,100,1.0,softplus,,1.0,0.718135416507721,0.9937468767166138,0.2731513977050781,0.8924699425697327,Table_3,NODE,1.0,True,False,True,False
4dcccc87,node,32,500,0,0.002,0.0,128,21,128.0,3.0,,250,300,0.05,250,50,1.0,softplus,,1.0,0.9179472923278807,0.9964317679405212,0.2734074294567108,0.9550829529762268,Table_3,NODE,0.5,True,True,True,False
4dcccc87,node,32,500,0,0.002,0.0,128,21,128.0,3.0,,250,300,0.05,250,50,1.0,softplus,,1.0,0.9179472923278807,0.9964317679405212,0.2734074294567108,0.9550829529762268,Table_3,NODE,0.5,True,True,True,False
bf935b0b,node,64,500,0,0.002,0.0,128,21,128.0,3.0,,250,300,0.05,250,50,1.0,softplus,,1.0,0.7203972935676575,0.994909405708313,0.2731914520263672,0.8839784264564514,Table_3,NODE,1.0,True,False,True,False
bf935b0b,node,64,500,0,0.002,0.0,128,21,128.0,3.0,,250,300,0.05,250,50,1.0,softplus,,1.0,0.7203972935676575,0.994909405708313,0.2731914520263672,0.8839784264564514,Table_3,NODE,1.0,True,False,True,False
42f3c6e0,node,32,501,0,0.002,0.0,128,21,128.0,3.0,,250,300,0.05,250,50,1.0,softplus,,1.0,0.915640354156494,0.9967215061187744,0.2735734581947326,0.9565774202346802,Table_3,NODE,0.5,True,True,True,False
42f3c6e0,node,32,501,0,0.002,0.0,128,21,128.0,3.0,,250,300,0.05,250,50,1.0,softplus,,1.0,0.915640354156494,0.9967215061187744,0.2735734581947326,0.9565774202346802,Table_3,NODE,0.5,True,True,True,False
e3cba591,node,64,501,0,0.002,0.0,128,21,128.0,3.0,,250,300,0.05,250,50,1.0,softplus,,1.0,0.7194801568984985,0.9939414262771606,0.2729272544384002,0.8864206075668335,Table_3,NODE,1.0,True,False,True,False
e3cba591,node,64,501,0,0.002,0.0,128,21,128.0,3.0,,250,300,0.05,250,50,1.0,softplus,,1.0,0.7194801568984985,0.9939414262771606,0.2729272544384002,0.8864206075668335,Table_3,NODE,1.0,True,False,True,False
2bc7620c,fr,512,501,0,0.0001,0.0001,128,21,,,torch.nn.functional.softplus,280,300,,280,20,1.0,softplus,,1.0,0.8931621313095093,0.8185802102088928,0.2252764999866485,0.9947478771209716,Table_3,NODE,1.0,False,True,True,False
2bc7620c,fr,512,501,0,0.0001,0.0001,128,21,,,torch.nn.functional.softplus,280,300,,280,20,1.0,softplus,,1.0,0.8931621313095093,0.8185802102088928,0.2252764999866485,0.9947478771209716,Table_3,NODE,1.0,False,True,True,False
3426dada,node,32,500,0,0.002,0.0,128,21,128.0,3.0,,200,300,0.05,200,100,1.0,softplus,,1.0,0.9017063975334167,0.9966827034950256,0.2736690640449524,0.9448735117912292,Table_3,NODE,0.5,True,True,True,False
3426dada,node,32,500,0,0.002,0.0,128,21,128.0,3.0,,200,300,0.05,200,100,1.0,softplus,,1.0,0.9017063975334167,0.9966827034950256,0.2736690640449524,0.9448735117912292,Table_3,NODE,0.5,True,True,True,False
3d0639c4,node,64,500,0,0.002,0.0,128,21,128.0,3.0,,200,300,0.05,200,100,1.0,softplus,,1.0,0.7159251570701599,0.9937766194343568,0.2730643153190613,0.8884775042533875,Table_3,NODE,1.0,True,False,True,False
3d0639c4,node,64,500,0,0.002,0.0,128,21,128.0,3.0,,200,300,0.05,200,100,1.0,softplus,,1.0,0.7159251570701599,0.9937766194343568,0.2730643153190613,0.8884775042533875,Table_3,NODE,1.0,True,False,True,False
c789fc51,node,32,501,0,0.002,0.0,128,21,128.0,3.0,,200,300,0.05,200,100,1.0,softplus,,1.0,0.9014202952384948,0.9963109493255616,0.2735700905323028,0.9460118412971495,Table_3,NODE,0.5,True,True,True,False
c789fc51,node,32,501,0,0.002,0.0,128,21,128.0,3.0,,200,300,0.05,200,100,1.0,softplus,,1.0,0.9014202952384948,0.9963109493255616,0.2735700905323028,0.9460118412971495,Table_3,NODE,0.5,True,True,True,False
dc70cdf9,node,64,501,0,0.002,0.0,128,21,128.0,3.0,,200,300,0.05,200,100,1.0,softplus,,1.0,0.7172397375106812,0.9938772916793824,0.2731748521327972,0.8913396596908569,Table_3,NODE,1.0,True,False,True,False
dc70cdf9,node,64,501,0,0.002,0.0,128,21,128.0,3.0,,200,300,0.05,200,100,1.0,softplus,,1.0,0.7172397375106812,0.9938772916793824,0.2731748521327972,0.8913396596908569,Table_3,NODE,1.0,True,False,True,False
2bc7620c,fr,512,501,0,0.0001,0.0001,128,21,,,torch.nn.functional.softplus,280,300,,280,20,1.0,softplus,,1.0,0.8931621313095093,0.8185802102088928,0.2252764999866485,0.9947478771209716,Table_3,NODE,1.0,False,True,True,False
2bc7620c,fr,512,501,0,0.0001,0.0001,128,21,,,torch.nn.functional.softplus,280,300,,280,20,1.0,softplus,,1.0,0.8931621313095093,0.8185802102088928,0.2252764999866485,0.9947478771209716,Table_3,NODE,1.0,False,True,True,False
116e9443,fr,512,501,0,0.0001,0.0001,128,21,,,,280,300,,280,20,1.0,softplus,,1.0,0.8931522369384766,0.8185657262802124,0.2252724170684814,0.9947476387023926,Table_3,NODE,1.0,False,True,True,False
116e9443,fr,512,501,0,0.0001,0.0001,128,21,,,,280,300,,280,20,1.0,softplus,,1.0,0.8931522369384766,0.8185657262802124,0.2252724170684814,0.9947476387023926,Table_3,NODE,1.0,False,True,True,False
dc38b122,node,32,500,0,0.002,0.0,128,21,128.0,3.0,torch.nn.functional.softplus,250,300,0.05,250,50,1.0,softplus,,1.0,0.9180804491043092,0.9964005947113036,0.2734042406082153,0.9556443691253662,Table_3,NODE,0.5,True,True,True,False
dc38b122,node,32,500,0,0.002,0.0,128,21,128.0,3.0,torch.nn.functional.softplus,250,300,0.05,250,50,1.0,softplus,,1.0,0.9180804491043092,0.9964005947113036,0.2734042406082153,0.9556443691253662,Table_3,NODE,0.5,True,True,True,False
a6353ced,node,64,500,0,0.002,0.0,128,21,128.0,3.0,torch.nn.functional.softplus,250,300,0.05,250,50,1.0,softplus,,1.0,0.7208279967308044,0.9949073195457458,0.2731866240501404,0.883963406085968,Table_3,NODE,1.0,True,False,True,False
a6353ced,node,64,500,0,0.002,0.0,128,21,128.0,3.0,torch.nn.functional.softplus,250,300,0.05,250,50,1.0,softplus,,1.0,0.7208279967308044,0.9949073195457458,0.2731866240501404,0.883963406085968,Table_3,NODE,1.0,True,False,True,False
78997247,node,32,501,0,0.002,0.0,128,21,128.0,3.0,torch.nn.functional.softplus,250,300,0.05,250,50,1.0,softplus,,1.0,0.9156295657157898,0.9967317581176758,0.2735759615898132,0.9564696550369264,Table_3,NODE,0.5,True,True,True,False
78997247,node,32,501,0,0.002,0.0,128,21,128.0,3.0,torch.nn.functional.softplus,250,300,0.05,250,50,1.0,softplus,,1.0,0.9156295657157898,0.9967317581176758,0.2735759615898132,0.9564696550369264,Table_3,NODE,0.5,True,True,True,False
90ff7966,node,64,501,0,0.002,0.0,128,21,128.0,3.0,torch.nn.functional.softplus,250,300,0.05,250,50,1.0,softplus,,1.0,0.7196096181869507,0.9939283728599548,0.2729256749153137,0.8869947195053101,Table_3,NODE,1.0,True,False,True,False
90ff7966,node,64,501,0,0.002,0.0,128,21,128.0,3.0,torch.nn.functional.softplus,250,300,0.05,250,50,1.0,softplus,,1.0,0.7196096181869507,0.9939283728599548,0.2729256749153137,0.8869947195053101,Table_3,NODE,1.0,True,False,True,False
5d21cdb9,fr,512,500,0,0.0001,0.0001,128,21,,,torch.nn.functional.softplus,200,300,,200,100,1.0,softplus,,1.0,0.9179543852806092,0.8313489556312561,0.2239361405372619,0.9853476285934448,Table_3,NODE,1.0,False,True,True,False
5d21cdb9,fr,512,500,0,0.0001,0.0001,128,21,,,torch.nn.functional.softplus,200,300,,200,100,1.0,softplus,,1.0,0.9179543852806092,0.8313489556312561,0.2239361405372619,0.9853476285934448,Table_3,NODE,1.0,False,True,True,False
491f4d12,fr,512,500,0,0.0001,0.0001,128,21,,,,200,300,,200,100,1.0,softplus,,1.0,0.9179583787918092,0.8313596844673157,0.2239388078451156,0.9853484034538268,Table_3,NODE,1.0,False,True,True,False
491f4d12,fr,512,500,0,0.0001,0.0001,128,21,,,,200,300,,200,100,1.0,softplus,,1.0,0.9179583787918092,0.8313596844673157,0.2239388078451156,0.9853484034538268,Table_3,NODE,1.0,False,True,True,False
2456e958,fr,512,501,0,0.0001,0.0001,128,21,,,torch.nn.functional.softplus,200,300,,200,100,1.0,softplus,,1.0,0.88088458776474,0.8245242238044739,0.2237330228090286,0.9948031902313232,Table_3,NODE,1.0,False,True,True,False
2456e958,fr,512,501,0,0.0001,0.0001,128,21,,,torch.nn.functional.softplus,200,300,,200,100,1.0,softplus,,1.0,0.88088458776474,0.8245242238044739,0.2237330228090286,0.9948031902313232,Table_3,NODE,1.0,False,True,True,False
2fcbfe2e,fr,512,501,0,0.0001,0.0001,128,21,,,,200,300,,200,100,1.0,softplus,,1.0,0.8808842897415161,0.8245168924331665,0.2237319499254226,0.9948039054870604,Table_3,NODE,1.0,False,True,True,False
2fcbfe2e,fr,512,501,0,0.0001,0.0001,128,21,,,,200,300,,200,100,1.0,softplus,,1.0,0.8808842897415161,0.8245168924331665,0.2237319499254226,0.9948039054870604,Table_3,NODE,1.0,False,True,True,False
d7dffc1f,node,32,500,0,0.002,0.0,128,21,128.0,3.0,torch.nn.functional.softplus,280,300,0.05,280,20,1.0,softplus,,1.0,0.8859103322029114,0.9964604377746582,0.2737929821014404,0.944862186908722,Table_3,NODE,0.5,True,True,True,False
d7dffc1f,node,32,500,0,0.002,0.0,128,21,128.0,3.0,torch.nn.functional.softplus,280,300,0.05,280,20,1.0,softplus,,1.0,0.8859103322029114,0.9964604377746582,0.2737929821014404,0.944862186908722,Table_3,NODE,0.5,True,True,True,False
aaffb04f,node,64,500,0,0.002,0.0,128,21,128.0,3.0,torch.nn.functional.softplus,280,300,0.05,280,20,1.0,softplus,,1.0,0.7303242087364197,0.9948075413703918,0.2734169960021972,0.8872339725494385,Table_3,NODE,1.0,True,False,True,False
aaffb04f,node,64,500,0,0.002,0.0,128,21,128.0,3.0,torch.nn.functional.softplus,280,300,0.05,280,20,1.0,softplus,,1.0,0.7303242087364197,0.9948075413703918,0.2734169960021972,0.8872339725494385,Table_3,NODE,1.0,True,False,True,False
c07830b5,node,32,501,0,0.002,0.0,128,21,128.0,3.0,torch.nn.functional.softplus,280,300,0.05,280,20,1.0,softplus,,1.0,0.8851223587989807,0.996705949306488,0.2739042639732361,0.943129301071167,Table_3,NODE,0.5,True,True,True,False
c07830b5,node,32,501,0,0.002,0.0,128,21,128.0,3.0,torch.nn.functional.softplus,280,300,0.05,280,20,1.0,softplus,,1.0,0.8851223587989807,0.996705949306488,0.2739042639732361,0.943129301071167,Table_3,NODE,0.5,True,True,True,False
558e9526,node,64,501,0,0.002,0.0,128,21,128.0,3.0,torch.nn.functional.softplus,280,300,0.05,280,20,1.0,softplus,,1.0,0.7323572635650635,0.9948214888572692,0.2735229432582855,0.8904833793640137,Table_3,NODE,1.0,True,False,True,False
558e9526,node,64,501,0,0.002,0.0,128,21,128.0,3.0,torch.nn.functional.softplus,280,300,0.05,280,20,1.0,softplus,,1.0,0.7323572635650635,0.9948214888572692,0.2735229432582855,0.8904833793640137,Table_3,NODE,1.0,True,False,True,False
