hashname,20250413_PClicks_NoisyGRU_final2_latent_size,_max_epochs,_seed,_lr,_weight_decay,_encoder_size,_file_index,_output_nonlinearity,_heldin_size,_heldout_size,_n_heldin,_n_heldout,_fr_scaling,_rect_func,_obs_noise,_dispersion,_alpha,_vf_hidden_size,_vf_num_layers,state_r2,rate_r2,co-bps,cycle_con
a6ea90b2,512,500,0,0.0001,0.0001,128,5,torch.nn.functional.softplus,250,300,250,50,1.0,softplus,poisson,1.0,,,,0.8040666580200195,0.5693206191062927,0.11608828604221344,0.9987475872039795
f49d0127,128,500,0,0.0001,0.0001,128,5,torch.nn.functional.softplus,250,300,250,50,1.0,softplus,poisson,1.0,,,,0.8064892888069153,0.43090900778770447,0.08506212383508682,0.9981899857521057
7314c24b,32,500,0,0.0001,0.0001,128,5,,250,300,250,50,1.0,softplus,poisson,1.0,,,,0.9255710244178772,0.5674997568130493,0.11320170015096664,0.9985395669937134
341766fc,32,500,0,0.0001,0.0001,128,5,torch.nn.functional.softplus,250,300,250,50,1.0,softplus,poisson,1.0,,,,0.9255114197731018,0.5678228735923767,0.11330632865428925,0.9985511302947998
c631a64c,64,500,0,0.0001,0.0001,128,5,torch.nn.functional.softplus,250,300,250,50,1.0,softplus,poisson,1.0,,,,0.866729199886322,0.37465548515319824,0.07450536638498306,0.9965750575065613
b76f7e9a,256,500,0,0.0001,0.0001,128,5,torch.nn.functional.softplus,250,300,250,50,1.0,softplus,poisson,1.0,,,,0.7884659171104431,0.5142686367034912,0.10464441031217575,0.9981154203414917
341766fc,32,500,0,0.0001,0.0001,128,5,torch.nn.functional.softplus,250,300,250,50,1.0,softplus,poisson,1.0,,,,0.9255114197731018,0.5678228735923767,0.11330632865428925,0.9985511302947998
b76f7e9a,256,500,0,0.0001,0.0001,128,5,torch.nn.functional.softplus,250,300,250,50,1.0,softplus,poisson,1.0,,,,0.7884659171104431,0.5142686367034912,0.10464441031217575,0.9981154203414917
a6ea90b2,512,500,0,0.0001,0.0001,128,5,torch.nn.functional.softplus,250,300,250,50,1.0,softplus,poisson,1.0,,,,0.8040666580200195,0.5693206191062927,0.11608828604221344,0.9987475872039795
c631a64c,64,500,0,0.0001,0.0001,128,5,torch.nn.functional.softplus,250,300,250,50,1.0,softplus,poisson,1.0,,,,0.866729199886322,0.37465548515319824,0.07450536638498306,0.9965750575065613
f49d0127,128,500,0,0.0001,0.0001,128,5,torch.nn.functional.softplus,250,300,250,50,1.0,softplus,poisson,1.0,,,,0.8064892888069153,0.43090900778770447,0.08506212383508682,0.9981899857521057
7314c24b,32,500,0,0.0001,0.0001,128,5,,250,300,250,50,1.0,softplus,poisson,1.0,,,,0.9255710244178772,0.5674997568130493,0.11320170015096664,0.9985395669937134
a058d181,128,500,0,0.0001,0.0001,128,5,,250,300,250,50,1.0,softplus,poisson,1.0,,,,0.8075908422470093,0.4308691918849945,0.08506302535533905,0.9981891512870789
945575ce,64,500,0,0.0001,0.0001,128,5,,250,300,250,50,1.0,softplus,poisson,1.0,,,,0.8632076382637024,0.374398410320282,0.07444721460342407,0.9965786933898926
a058d181,128,500,0,0.0001,0.0001,128,5,,250,300,250,50,1.0,softplus,poisson,1.0,,,,0.8075908422470093,0.4308691918849945,0.08506302535533905,0.9981891512870789
945575ce,64,500,0,0.0001,0.0001,128,5,,250,300,250,50,1.0,softplus,poisson,1.0,,,,0.8632076382637024,0.374398410320282,0.07444721460342407,0.9965786933898926
c729395b,256,500,0,0.0001,0.0001,128,5,,250,300,250,50,1.0,softplus,poisson,1.0,,,,0.7883650064468384,0.5159197449684143,0.1048976480960846,0.9981197714805603
c729395b,256,500,0,0.0001,0.0001,128,5,,250,300,250,50,1.0,softplus,poisson,1.0,,,,0.7883650064468384,0.5159197449684143,0.1048976480960846,0.9981197714805603
e3b78345,32,501,0,0.0001,0.0001,128,5,torch.nn.functional.softplus,250,300,250,50,1.0,softplus,poisson,1.0,,,,0.9064145684242249,0.5608255863189697,0.11173507571220398,0.998613715171814
e3b78345,32,501,0,0.0001,0.0001,128,5,torch.nn.functional.softplus,250,300,250,50,1.0,softplus,poisson,1.0,,,,0.9064145684242249,0.5608255863189697,0.11173507571220398,0.998613715171814
57b349b4,512,500,0,0.0001,0.0001,128,5,,250,300,250,50,1.0,softplus,poisson,1.0,,,,0.8047273755073547,0.5693754553794861,0.11610103398561478,0.9987469911575317
57b349b4,512,500,0,0.0001,0.0001,128,5,,250,300,250,50,1.0,softplus,poisson,1.0,,,,0.8047273755073547,0.5693754553794861,0.11610103398561478,0.9987469911575317
99e827ab,64,501,0,0.0001,0.0001,128,5,torch.nn.functional.softplus,250,300,250,50,1.0,softplus,poisson,1.0,,,,0.8624496459960938,0.37350887060165405,0.07427994906902313,0.9965872764587402
99e827ab,64,501,0,0.0001,0.0001,128,5,torch.nn.functional.softplus,250,300,250,50,1.0,softplus,poisson,1.0,,,,0.8624496459960938,0.37350887060165405,0.07427994906902313,0.9965872764587402
55fe4874,128,501,0,0.0001,0.0001,128,5,torch.nn.functional.softplus,250,300,250,50,1.0,softplus,poisson,1.0,,,,0.8210737705230713,0.4283558130264282,0.08453161269426346,0.9981306195259094
55fe4874,128,501,0,0.0001,0.0001,128,5,torch.nn.functional.softplus,250,300,250,50,1.0,softplus,poisson,1.0,,,,0.8210737705230713,0.4283558130264282,0.08453161269426346,0.9981306195259094
8b2cf091,256,501,0,0.0001,0.0001,128,5,torch.nn.functional.softplus,250,300,250,50,1.0,softplus,poisson,1.0,,,,0.7827454209327698,0.5049330592155457,0.10283391922712326,0.9981002807617188
8b2cf091,256,501,0,0.0001,0.0001,128,5,torch.nn.functional.softplus,250,300,250,50,1.0,softplus,poisson,1.0,,,,0.7827454209327698,0.5049330592155457,0.10283391922712326,0.9981002807617188
28c1a7de,512,501,0,0.0001,0.0001,128,5,torch.nn.functional.softplus,250,300,250,50,1.0,softplus,poisson,1.0,,,,0.7927549481391907,0.5727640390396118,0.11688747256994247,0.9988060593605042
28c1a7de,512,501,0,0.0001,0.0001,128,5,torch.nn.functional.softplus,250,300,250,50,1.0,softplus,poisson,1.0,,,,0.7927549481391907,0.5727640390396118,0.11688747256994247,0.9988060593605042
7cb6f585,32,501,0,0.0001,0.0001,128,5,,250,300,250,50,1.0,softplus,poisson,1.0,,,,0.9008985757827759,0.5585504174232483,0.1112661212682724,0.9986237287521362
7cb6f585,32,501,0,0.0001,0.0001,128,5,,250,300,250,50,1.0,softplus,poisson,1.0,,,,0.9008985757827759,0.5585504174232483,0.1112661212682724,0.9986237287521362
ff61b4da,64,501,0,0.0001,0.0001,128,5,,250,300,250,50,1.0,softplus,poisson,1.0,,,,0.8647246360778809,0.3739754259586334,0.07436753064393997,0.9965751767158508
ff61b4da,64,501,0,0.0001,0.0001,128,5,,250,300,250,50,1.0,softplus,poisson,1.0,,,,0.8647246360778809,0.3739754259586334,0.07436753064393997,0.9965751767158508
c16d6269,128,501,0,0.0001,0.0001,128,5,,250,300,250,50,1.0,softplus,poisson,1.0,,,,0.822615921497345,0.42877620458602905,0.08460107445716858,0.998130202293396
c16d6269,128,501,0,0.0001,0.0001,128,5,,250,300,250,50,1.0,softplus,poisson,1.0,,,,0.822615921497345,0.42877620458602905,0.08460107445716858,0.998130202293396
247fd6a4,256,501,0,0.0001,0.0001,128,5,,250,300,250,50,1.0,softplus,poisson,1.0,,,,0.7825698852539062,0.506260335445404,0.10304928570985794,0.9981053471565247
247fd6a4,256,501,0,0.0001,0.0001,128,5,,250,300,250,50,1.0,softplus,poisson,1.0,,,,0.7825698852539062,0.506260335445404,0.10304928570985794,0.9981053471565247
8f6f3eb3,512,501,0,0.0001,0.0001,128,5,,250,300,250,50,1.0,softplus,poisson,1.0,,,,0.7903487086296082,0.572276771068573,0.11677458882331848,0.9988067746162415
8f6f3eb3,512,501,0,0.0001,0.0001,128,5,,250,300,250,50,1.0,softplus,poisson,1.0,,,,0.7903487086296082,0.572276771068573,0.11677458882331848,0.9988067746162415
81cf122c,64,500,0,0.002,0.0,128,5,torch.nn.functional.softplus,280,300,280,20,1.0,softplus,poisson,1.0,0.1,64.0,3.0,0.8427779674530029,0.9912645816802979,0.2259909063577652,0.8416082262992859
a701dc07,32,500,0,0.002,0.0,128,5,torch.nn.functional.softplus,280,300,280,20,1.0,softplus,poisson,1.0,0.1,64.0,3.0,0.9729240536689758,0.9930098056793213,0.22627989947795868,0.9794315695762634
e6275718,10,500,0,0.002,0.0,128,5,torch.nn.functional.softplus,280,300,280,20,1.0,softplus,poisson,1.0,0.1,64.0,3.0,0.9971912503242493,0.9920130968093872,0.2260047197341919,0.9992515444755554
488a7510,3,500,0,0.002,0.0,128,5,torch.nn.functional.softplus,280,300,280,20,1.0,softplus,poisson,1.0,0.1,64.0,3.0,0.9983063340187073,0.9864235520362854,0.22445130348205566,1.0
63d789d4,2,500,0,0.002,0.0,128,5,torch.nn.functional.softplus,280,300,280,20,1.0,softplus,poisson,1.0,0.1,64.0,3.0,0.9963787198066711,0.9661087393760681,0.22102102637290955,1.0
bbdaadc8,5,500,0,0.002,0.0,128,5,torch.nn.functional.softplus,280,300,280,20,1.0,softplus,poisson,1.0,0.1,64.0,3.0,0.9977960586547852,0.9881276488304138,0.22501333057880402,0.9986145496368408
e6275718,10,500,0,0.002,0.0,128,5,torch.nn.functional.softplus,280,300,280,20,1.0,softplus,poisson,1.0,0.1,64.0,3.0,0.9971912503242493,0.9920130968093872,0.2260047197341919,0.9992515444755554
bbdaadc8,5,500,0,0.002,0.0,128,5,torch.nn.functional.softplus,280,300,280,20,1.0,softplus,poisson,1.0,0.1,64.0,3.0,0.9977960586547852,0.9881276488304138,0.22501333057880402,0.9986145496368408
81cf122c,64,500,0,0.002,0.0,128,5,torch.nn.functional.softplus,280,300,280,20,1.0,softplus,poisson,1.0,0.1,64.0,3.0,0.8427779674530029,0.9912645816802979,0.2259909063577652,0.8416082262992859
63d789d4,2,500,0,0.002,0.0,128,5,torch.nn.functional.softplus,280,300,280,20,1.0,softplus,poisson,1.0,0.1,64.0,3.0,0.9963787198066711,0.9661087393760681,0.22102102637290955,1.0
a701dc07,32,500,0,0.002,0.0,128,5,torch.nn.functional.softplus,280,300,280,20,1.0,softplus,poisson,1.0,0.1,64.0,3.0,0.9729240536689758,0.9930098056793213,0.22627989947795868,0.9794315695762634
488a7510,3,500,0,0.002,0.0,128,5,torch.nn.functional.softplus,280,300,280,20,1.0,softplus,poisson,1.0,0.1,64.0,3.0,0.9983063340187073,0.9864235520362854,0.22445130348205566,1.0
caa67dc7,3,501,0,0.002,0.0,128,5,torch.nn.functional.softplus,280,300,280,20,1.0,softplus,poisson,1.0,0.1,64.0,3.0,0.998537540435791,0.9856546521186829,0.2244904339313507,1.0
65ff784b,2,501,0,0.002,0.0,128,5,torch.nn.functional.softplus,280,300,280,20,1.0,softplus,poisson,1.0,0.1,64.0,3.0,0.9956635236740112,0.9663193225860596,0.22083649039268494,1.0
04f118b3,5,501,0,0.002,0.0,128,5,torch.nn.functional.softplus,280,300,280,20,1.0,softplus,poisson,1.0,0.1,64.0,3.0,0.998073160648346,0.9895228743553162,0.22526481747627258,0.9986547231674194
65ff784b,2,501,0,0.002,0.0,128,5,torch.nn.functional.softplus,280,300,280,20,1.0,softplus,poisson,1.0,0.1,64.0,3.0,0.9956635236740112,0.9663193225860596,0.22083649039268494,1.0
04f118b3,5,501,0,0.002,0.0,128,5,torch.nn.functional.softplus,280,300,280,20,1.0,softplus,poisson,1.0,0.1,64.0,3.0,0.998073160648346,0.9895228743553162,0.22526481747627258,0.9986547231674194
caa67dc7,3,501,0,0.002,0.0,128,5,torch.nn.functional.softplus,280,300,280,20,1.0,softplus,poisson,1.0,0.1,64.0,3.0,0.998537540435791,0.9856546521186829,0.2244904339313507,1.0
4ac7f7e5,32,501,0,0.002,0.0,128,5,torch.nn.functional.softplus,280,300,280,20,1.0,softplus,poisson,1.0,0.1,64.0,3.0,0.9751585721969604,0.9924088716506958,0.22626946866512299,0.9819700717926025
5203707a,10,501,0,0.002,0.0,128,5,torch.nn.functional.softplus,280,300,280,20,1.0,softplus,poisson,1.0,0.1,64.0,3.0,0.9971448183059692,0.9933356642723083,0.22613108158111572,0.998367428779602
fb18738e,64,501,0,0.002,0.0,128,5,torch.nn.functional.softplus,280,300,280,20,1.0,softplus,poisson,1.0,0.1,64.0,3.0,0.8435924053192139,0.991338312625885,0.2259804755449295,0.8427585363388062
5203707a,10,501,0,0.002,0.0,128,5,torch.nn.functional.softplus,280,300,280,20,1.0,softplus,poisson,1.0,0.1,64.0,3.0,0.9971448183059692,0.9933356642723083,0.22613108158111572,0.998367428779602
fb18738e,64,501,0,0.002,0.0,128,5,torch.nn.functional.softplus,280,300,280,20,1.0,softplus,poisson,1.0,0.1,64.0,3.0,0.8435924053192139,0.991338312625885,0.2259804755449295,0.8427585363388062
4ac7f7e5,32,501,0,0.002,0.0,128,5,torch.nn.functional.softplus,280,300,280,20,1.0,softplus,poisson,1.0,0.1,64.0,3.0,0.9751585721969604,0.9924088716506958,0.22626946866512299,0.9819700717926025
488a7510,3,500,0,0.002,0.0,128,5,torch.nn.functional.softplus,280,300,280,20,1.0,softplus,poisson,1.0,0.1,64.0,3.0,0.9983063340187073,0.9864235520362854,0.22445130348205566,1.0
81cf122c,64,500,0,0.002,0.0,128,5,torch.nn.functional.softplus,280,300,280,20,1.0,softplus,poisson,1.0,0.1,64.0,3.0,0.8427779674530029,0.9912645816802979,0.2259909063577652,0.8416082262992859
bbdaadc8,5,500,0,0.002,0.0,128,5,torch.nn.functional.softplus,280,300,280,20,1.0,softplus,poisson,1.0,0.1,64.0,3.0,0.9977960586547852,0.9881276488304138,0.22501333057880402,0.9986145496368408
63d789d4,2,500,0,0.002,0.0,128,5,torch.nn.functional.softplus,280,300,280,20,1.0,softplus,poisson,1.0,0.1,64.0,3.0,0.9963787198066711,0.9661087393760681,0.22102102637290955,1.0
e6275718,10,500,0,0.002,0.0,128,5,torch.nn.functional.softplus,280,300,280,20,1.0,softplus,poisson,1.0,0.1,64.0,3.0,0.9971912503242493,0.9920130968093872,0.2260047197341919,0.9992515444755554
a701dc07,32,500,0,0.002,0.0,128,5,torch.nn.functional.softplus,280,300,280,20,1.0,softplus,poisson,1.0,0.1,64.0,3.0,0.9729240536689758,0.9930098056793213,0.22627989947795868,0.9794315695762634
e6275718,10,500,0,0.002,0.0,128,5,torch.nn.functional.softplus,280,300,280,20,1.0,softplus,poisson,1.0,0.1,64.0,3.0,0.9971912503242493,0.9920130968093872,0.2260047197341919,0.9992515444755554
81cf122c,64,500,0,0.002,0.0,128,5,torch.nn.functional.softplus,280,300,280,20,1.0,softplus,poisson,1.0,0.1,64.0,3.0,0.8427779674530029,0.9912645816802979,0.2259909063577652,0.8416082262992859
488a7510,3,500,0,0.002,0.0,128,5,torch.nn.functional.softplus,280,300,280,20,1.0,softplus,poisson,1.0,0.1,64.0,3.0,0.9983063340187073,0.9864235520362854,0.22445130348205566,1.0
63d789d4,2,500,0,0.002,0.0,128,5,torch.nn.functional.softplus,280,300,280,20,1.0,softplus,poisson,1.0,0.1,64.0,3.0,0.9963787198066711,0.9661087393760681,0.22102102637290955,1.0
bbdaadc8,5,500,0,0.002,0.0,128,5,torch.nn.functional.softplus,280,300,280,20,1.0,softplus,poisson,1.0,0.1,64.0,3.0,0.9977960586547852,0.9881276488304138,0.22501333057880402,0.9986145496368408
a701dc07,32,500,0,0.002,0.0,128,5,torch.nn.functional.softplus,280,300,280,20,1.0,softplus,poisson,1.0,0.1,64.0,3.0,0.9729240536689758,0.9930098056793213,0.22627989947795868,0.9794315695762634
65ff784b,2,501,0,0.002,0.0,128,5,torch.nn.functional.softplus,280,300,280,20,1.0,softplus,poisson,1.0,0.1,64.0,3.0,0.9956635236740112,0.9663193225860596,0.22083649039268494,1.0
caa67dc7,3,501,0,0.002,0.0,128,5,torch.nn.functional.softplus,280,300,280,20,1.0,softplus,poisson,1.0,0.1,64.0,3.0,0.998537540435791,0.9856546521186829,0.2244904339313507,1.0
65ff784b,2,501,0,0.002,0.0,128,5,torch.nn.functional.softplus,280,300,280,20,1.0,softplus,poisson,1.0,0.1,64.0,3.0,0.9956635236740112,0.9663193225860596,0.22083649039268494,1.0
caa67dc7,3,501,0,0.002,0.0,128,5,torch.nn.functional.softplus,280,300,280,20,1.0,softplus,poisson,1.0,0.1,64.0,3.0,0.998537540435791,0.9856546521186829,0.2244904339313507,1.0
04f118b3,5,501,0,0.002,0.0,128,5,torch.nn.functional.softplus,280,300,280,20,1.0,softplus,poisson,1.0,0.1,64.0,3.0,0.998073160648346,0.9895228743553162,0.22526481747627258,0.9986547231674194
5203707a,10,501,0,0.002,0.0,128,5,torch.nn.functional.softplus,280,300,280,20,1.0,softplus,poisson,1.0,0.1,64.0,3.0,0.9971448183059692,0.9933356642723083,0.22613108158111572,0.998367428779602
04f118b3,5,501,0,0.002,0.0,128,5,torch.nn.functional.softplus,280,300,280,20,1.0,softplus,poisson,1.0,0.1,64.0,3.0,0.998073160648346,0.9895228743553162,0.22526481747627258,0.9986547231674194
5203707a,10,501,0,0.002,0.0,128,5,torch.nn.functional.softplus,280,300,280,20,1.0,softplus,poisson,1.0,0.1,64.0,3.0,0.9971448183059692,0.9933356642723083,0.22613108158111572,0.998367428779602
4ac7f7e5,32,501,0,0.002,0.0,128,5,torch.nn.functional.softplus,280,300,280,20,1.0,softplus,poisson,1.0,0.1,64.0,3.0,0.9751585721969604,0.9924088716506958,0.22626946866512299,0.9819700717926025
4ac7f7e5,32,501,0,0.002,0.0,128,5,torch.nn.functional.softplus,280,300,280,20,1.0,softplus,poisson,1.0,0.1,64.0,3.0,0.9751585721969604,0.9924088716506958,0.22626946866512299,0.9819700717926025
fb18738e,64,501,0,0.002,0.0,128,5,torch.nn.functional.softplus,280,300,280,20,1.0,softplus,poisson,1.0,0.1,64.0,3.0,0.8435924053192139,0.991338312625885,0.2259804755449295,0.8427585363388062
fb18738e,64,501,0,0.002,0.0,128,5,torch.nn.functional.softplus,280,300,280,20,1.0,softplus,poisson,1.0,0.1,64.0,3.0,0.8435924053192139,0.991338312625885,0.2259804755449295,0.8427585363388062
b67d9926,64,500,0,0.0001,0.0001,128,5,torch.nn.functional.softplus,200,300,200,100,1.0,softplus,poisson,1.0,,,,0.7905879616737366,0.4118238389492035,0.08396976441144943,0.997506320476532
8b95b1f5,32,500,0,0.0001,0.0001,128,5,,200,300,200,100,1.0,softplus,poisson,1.0,,,,0.9029650092124939,0.7898401021957397,0.16533982753753662,0.9987745881080627
efe15f6a,256,500,0,0.0001,0.0001,128,5,torch.nn.functional.softplus,200,300,200,100,1.0,softplus,poisson,1.0,,,,0.7048625946044922,0.47670596837997437,0.10113435238599777,0.9946269989013672
4abacb9e,512,500,0,0.0001,0.0001,128,5,torch.nn.functional.softplus,200,300,200,100,1.0,softplus,poisson,1.0,,,,0.8218726515769958,0.6727588176727295,0.1445925235748291,0.9993359446525574
25da195e,128,500,0,0.0001,0.0001,128,5,torch.nn.functional.softplus,200,300,200,100,1.0,softplus,poisson,1.0,,,,0.8226228356361389,0.6317758560180664,0.13239797949790955,0.9922075867652893
b67d9926,64,500,0,0.0001,0.0001,128,5,torch.nn.functional.softplus,200,300,200,100,1.0,softplus,poisson,1.0,,,,0.7905879616737366,0.4118238389492035,0.08396976441144943,0.997506320476532
8b95b1f5,32,500,0,0.0001,0.0001,128,5,,200,300,200,100,1.0,softplus,poisson,1.0,,,,0.9029650092124939,0.7898401021957397,0.16533982753753662,0.9987745881080627
efe15f6a,256,500,0,0.0001,0.0001,128,5,torch.nn.functional.softplus,200,300,200,100,1.0,softplus,poisson,1.0,,,,0.7048625946044922,0.47670596837997437,0.10113435238599777,0.9946269989013672
80a77dd3,32,500,0,0.0001,0.0001,128,5,torch.nn.functional.softplus,200,300,200,100,1.0,softplus,poisson,1.0,,,,0.9028757214546204,0.7898921370506287,0.16525405645370483,0.9987804293632507
4abacb9e,512,500,0,0.0001,0.0001,128,5,torch.nn.functional.softplus,200,300,200,100,1.0,softplus,poisson,1.0,,,,0.8218726515769958,0.6727588176727295,0.1445925235748291,0.9993359446525574
25da195e,128,500,0,0.0001,0.0001,128,5,torch.nn.functional.softplus,200,300,200,100,1.0,softplus,poisson,1.0,,,,0.8226228356361389,0.6317758560180664,0.13239797949790955,0.9922075867652893
80a77dd3,32,500,0,0.0001,0.0001,128,5,torch.nn.functional.softplus,200,300,200,100,1.0,softplus,poisson,1.0,,,,0.9028757214546204,0.7898921370506287,0.16525405645370483,0.9987804293632507
01743df6,64,500,0,0.0001,0.0001,128,5,,200,300,200,100,1.0,softplus,poisson,1.0,,,,0.7931154370307922,0.41275832056999207,0.08415783196687698,0.9975075721740723
01743df6,64,500,0,0.0001,0.0001,128,5,,200,300,200,100,1.0,softplus,poisson,1.0,,,,0.7931154370307922,0.41275832056999207,0.08415783196687698,0.9975075721740723
34218555,128,500,0,0.0001,0.0001,128,5,,200,300,200,100,1.0,softplus,poisson,1.0,,,,0.8223255276679993,0.63107830286026,0.1322784721851349,0.9922210574150085
34218555,128,500,0,0.0001,0.0001,128,5,,200,300,200,100,1.0,softplus,poisson,1.0,,,,0.8223255276679993,0.63107830286026,0.1322784721851349,0.9922210574150085
2108a045,256,500,0,0.0001,0.0001,128,5,,200,300,200,100,1.0,softplus,poisson,1.0,,,,0.7038118839263916,0.47423309087753296,0.10072556138038635,0.9946427941322327
2108a045,256,500,0,0.0001,0.0001,128,5,,200,300,200,100,1.0,softplus,poisson,1.0,,,,0.7038118839263916,0.47423309087753296,0.10072556138038635,0.9946427941322327
1d4cc959,512,500,0,0.0001,0.0001,128,5,,200,300,200,100,1.0,softplus,poisson,1.0,,,,0.823108434677124,0.6729239821434021,0.1446382850408554,0.9993360042572021
1d4cc959,512,500,0,0.0001,0.0001,128,5,,200,300,200,100,1.0,softplus,poisson,1.0,,,,0.823108434677124,0.6729239821434021,0.1446382850408554,0.9993360042572021
b6189ca3,32,501,0,0.0001,0.0001,128,5,torch.nn.functional.softplus,200,300,200,100,1.0,softplus,poisson,1.0,,,,0.9014847278594971,0.7902904748916626,0.1653182953596115,0.998811662197113
b6189ca3,32,501,0,0.0001,0.0001,128,5,torch.nn.functional.softplus,200,300,200,100,1.0,softplus,poisson,1.0,,,,0.9014847278594971,0.7902904748916626,0.1653182953596115,0.998811662197113
3f93dbf0,64,501,0,0.0001,0.0001,128,5,torch.nn.functional.softplus,200,300,200,100,1.0,softplus,poisson,1.0,,,,0.79901522397995,0.408674031496048,0.08292016386985779,0.9973785281181335
3f93dbf0,64,501,0,0.0001,0.0001,128,5,torch.nn.functional.softplus,200,300,200,100,1.0,softplus,poisson,1.0,,,,0.79901522397995,0.408674031496048,0.08292016386985779,0.9973785281181335
3fb5b686,128,501,0,0.0001,0.0001,128,5,torch.nn.functional.softplus,200,300,200,100,1.0,softplus,poisson,1.0,,,,0.7257809042930603,0.4739474058151245,0.09852191805839539,0.9897852540016174
3fb5b686,128,501,0,0.0001,0.0001,128,5,torch.nn.functional.softplus,200,300,200,100,1.0,softplus,poisson,1.0,,,,0.7257809042930603,0.4739474058151245,0.09852191805839539,0.9897852540016174
8f46fe6d,256,501,0,0.0001,0.0001,128,5,torch.nn.functional.softplus,200,300,200,100,1.0,softplus,poisson,1.0,,,,0.8099551796913147,0.7286845445632935,0.15311729907989502,0.9959821105003357
8f46fe6d,256,501,0,0.0001,0.0001,128,5,torch.nn.functional.softplus,200,300,200,100,1.0,softplus,poisson,1.0,,,,0.8099551796913147,0.7286845445632935,0.15311729907989502,0.9959821105003357
2ce0f713,512,501,0,0.0001,0.0001,128,5,torch.nn.functional.softplus,200,300,200,100,1.0,softplus,poisson,1.0,,,,0.8170150518417358,0.6756421327590942,0.14473141729831696,0.9993606209754944
2ce0f713,512,501,0,0.0001,0.0001,128,5,torch.nn.functional.softplus,200,300,200,100,1.0,softplus,poisson,1.0,,,,0.8170150518417358,0.6756421327590942,0.14473141729831696,0.9993606209754944
2102ad75,32,501,0,0.0001,0.0001,128,5,,200,300,200,100,1.0,softplus,poisson,1.0,,,,0.905073344707489,0.7919945120811462,0.16561923921108246,0.9988064765930176
2102ad75,32,501,0,0.0001,0.0001,128,5,,200,300,200,100,1.0,softplus,poisson,1.0,,,,0.905073344707489,0.7919945120811462,0.16561923921108246,0.9988064765930176
c142fbce,64,501,0,0.0001,0.0001,128,5,,200,300,200,100,1.0,softplus,poisson,1.0,,,,0.791949987411499,0.4073241949081421,0.08263663202524185,0.9974036812782288
c142fbce,64,501,0,0.0001,0.0001,128,5,,200,300,200,100,1.0,softplus,poisson,1.0,,,,0.791949987411499,0.4073241949081421,0.08263663202524185,0.9974036812782288
b8bcd830,128,501,0,0.0001,0.0001,128,5,,200,300,200,100,1.0,softplus,poisson,1.0,,,,0.7245465517044067,0.47260305285453796,0.09821164608001709,0.9897809028625488
b8bcd830,128,501,0,0.0001,0.0001,128,5,,200,300,200,100,1.0,softplus,poisson,1.0,,,,0.7245465517044067,0.47260305285453796,0.09821164608001709,0.9897809028625488
1252e030,256,501,0,0.0001,0.0001,128,5,,200,300,200,100,1.0,softplus,poisson,1.0,,,,0.8104729056358337,0.7282781600952148,0.15304139256477356,0.9959819316864014
1252e030,256,501,0,0.0001,0.0001,128,5,,200,300,200,100,1.0,softplus,poisson,1.0,,,,0.8104729056358337,0.7282781600952148,0.15304139256477356,0.9959819316864014
6113c2a1,512,501,0,0.0001,0.0001,128,5,,200,300,200,100,1.0,softplus,poisson,1.0,,,,0.8169446587562561,0.6749809384346008,0.14458659291267395,0.9993598461151123
6113c2a1,512,501,0,0.0001,0.0001,128,5,,200,300,200,100,1.0,softplus,poisson,1.0,,,,0.8169446587562561,0.6749809384346008,0.14458659291267395,0.9993598461151123
d4c93c2c,128,500,0,0.0001,0.0001,128,5,torch.nn.functional.softplus,280,300,280,20,1.0,softplus,poisson,1.0,,,,0.7932630777359009,0.5233475565910339,0.10729087889194489,0.9972323179244995
6cd9fb81,256,500,0,0.0001,0.0001,128,5,torch.nn.functional.softplus,280,300,280,20,1.0,softplus,poisson,1.0,,,,0.8046620488166809,0.6606522798538208,0.1398250311613083,0.9948041439056396
b08fb16f,64,500,0,0.0001,0.0001,128,5,torch.nn.functional.softplus,280,300,280,20,1.0,softplus,poisson,1.0,,,,0.8292465209960938,0.4663735330104828,0.09675879031419754,0.9967514872550964
99533ba3,32,501,0,0.0001,0.0001,128,5,torch.nn.functional.softplus,280,300,280,20,1.0,softplus,poisson,1.0,,,,0.8901799321174622,0.4923642575740814,0.10042260587215424,0.9980628490447998
141ebfef,512,500,0,0.0001,0.0001,128,5,torch.nn.functional.softplus,280,300,280,20,1.0,softplus,poisson,1.0,,,,0.8298408389091492,0.7093183398246765,0.1505649834871292,0.9993153810501099
9bee8551,32,500,0,0.0001,0.0001,128,5,torch.nn.functional.softplus,280,300,280,20,1.0,softplus,poisson,1.0,,,,0.8806248903274536,0.48938503861427307,0.09979578107595444,0.9980942606925964
b08fb16f,64,500,0,0.0001,0.0001,128,5,torch.nn.functional.softplus,280,300,280,20,1.0,softplus,poisson,1.0,,,,0.8292465209960938,0.4663735330104828,0.09675879031419754,0.9967514872550964
141ebfef,512,500,0,0.0001,0.0001,128,5,torch.nn.functional.softplus,280,300,280,20,1.0,softplus,poisson,1.0,,,,0.8298408389091492,0.7093183398246765,0.1505649834871292,0.9993153810501099
d4c93c2c,128,500,0,0.0001,0.0001,128,5,torch.nn.functional.softplus,280,300,280,20,1.0,softplus,poisson,1.0,,,,0.7932630777359009,0.5233475565910339,0.10729087889194489,0.9972323179244995
9bee8551,32,500,0,0.0001,0.0001,128,5,torch.nn.functional.softplus,280,300,280,20,1.0,softplus,poisson,1.0,,,,0.8806248903274536,0.48938503861427307,0.09979578107595444,0.9980942606925964
6cd9fb81,256,500,0,0.0001,0.0001,128,5,torch.nn.functional.softplus,280,300,280,20,1.0,softplus,poisson,1.0,,,,0.8046620488166809,0.6606522798538208,0.1398250311613083,0.9948041439056396
99533ba3,32,501,0,0.0001,0.0001,128,5,torch.nn.functional.softplus,280,300,280,20,1.0,softplus,poisson,1.0,,,,0.8901799321174622,0.4923642575740814,0.10042260587215424,0.9980628490447998
e2ba8806,64,501,0,0.0001,0.0001,128,5,torch.nn.functional.softplus,280,300,280,20,1.0,softplus,poisson,1.0,,,,0.9121124148368835,0.4173153042793274,0.08255770057439804,0.9971321225166321
e2ba8806,64,501,0,0.0001,0.0001,128,5,torch.nn.functional.softplus,280,300,280,20,1.0,softplus,poisson,1.0,,,,0.9121124148368835,0.4173153042793274,0.08255770057439804,0.9971321225166321
2fe1636c,128,501,0,0.0001,0.0001,128,5,torch.nn.functional.softplus,280,300,280,20,1.0,softplus,poisson,1.0,,,,0.8290951251983643,0.44780653715133667,0.08836206048727036,0.9978986382484436
2fe1636c,128,501,0,0.0001,0.0001,128,5,torch.nn.functional.softplus,280,300,280,20,1.0,softplus,poisson,1.0,,,,0.8290951251983643,0.44780653715133667,0.08836206048727036,0.9978986382484436
c89d03ff,256,501,0,0.0001,0.0001,128,5,torch.nn.functional.softplus,280,300,280,20,1.0,softplus,poisson,1.0,,,,0.7745296955108643,0.4574730396270752,0.09342078119516373,0.9977529644966125
c89d03ff,256,501,0,0.0001,0.0001,128,5,torch.nn.functional.softplus,280,300,280,20,1.0,softplus,poisson,1.0,,,,0.7745296955108643,0.4574730396270752,0.09342078119516373,0.9977529644966125
1c2b2641,512,501,0,0.0001,0.0001,128,5,torch.nn.functional.softplus,280,300,280,20,1.0,softplus,poisson,1.0,,,,0.8365561962127686,0.5375609397888184,0.10963660478591919,0.9993197917938232
1c2b2641,512,501,0,0.0001,0.0001,128,5,torch.nn.functional.softplus,280,300,280,20,1.0,softplus,poisson,1.0,,,,0.8365561962127686,0.5375609397888184,0.10963660478591919,0.9993197917938232
b76f7e9a,256,500,0,0.0001,0.0001,128,5,torch.nn.functional.softplus,250,300,250,50,1.0,softplus,poisson,1.0,,,,0.7884659171104431,0.5142686367034912,0.10464441031217575,0.9981154203414917
a6ea90b2,512,500,0,0.0001,0.0001,128,5,torch.nn.functional.softplus,250,300,250,50,1.0,softplus,poisson,1.0,,,,0.8040666580200195,0.5693206191062927,0.11608828604221344,0.9987475872039795
c631a64c,64,500,0,0.0001,0.0001,128,5,torch.nn.functional.softplus,250,300,250,50,1.0,softplus,poisson,1.0,,,,0.866729199886322,0.37465548515319824,0.07450536638498306,0.9965750575065613
f49d0127,128,500,0,0.0001,0.0001,128,5,torch.nn.functional.softplus,250,300,250,50,1.0,softplus,poisson,1.0,,,,0.8064892888069153,0.43090900778770447,0.08506212383508682,0.9981899857521057
b76f7e9a,256,500,0,0.0001,0.0001,128,5,torch.nn.functional.softplus,250,300,250,50,1.0,softplus,poisson,1.0,,,,0.7884659171104431,0.5142686367034912,0.10464441031217575,0.9981154203414917
341766fc,32,500,0,0.0001,0.0001,128,5,torch.nn.functional.softplus,250,300,250,50,1.0,softplus,poisson,1.0,,,,0.9255114197731018,0.5678228735923767,0.11330632865428925,0.9985511302947998
a6ea90b2,512,500,0,0.0001,0.0001,128,5,torch.nn.functional.softplus,250,300,250,50,1.0,softplus,poisson,1.0,,,,0.8040666580200195,0.5693206191062927,0.11608828604221344,0.9987475872039795
c631a64c,64,500,0,0.0001,0.0001,128,5,torch.nn.functional.softplus,250,300,250,50,1.0,softplus,poisson,1.0,,,,0.866729199886322,0.37465548515319824,0.07450536638498306,0.9965750575065613
f49d0127,128,500,0,0.0001,0.0001,128,5,torch.nn.functional.softplus,250,300,250,50,1.0,softplus,poisson,1.0,,,,0.8064892888069153,0.43090900778770447,0.08506212383508682,0.9981899857521057
341766fc,32,500,0,0.0001,0.0001,128,5,torch.nn.functional.softplus,250,300,250,50,1.0,softplus,poisson,1.0,,,,0.9255114197731018,0.5678228735923767,0.11330632865428925,0.9985511302947998
7314c24b,32,500,0,0.0001,0.0001,128,5,,250,300,250,50,1.0,softplus,poisson,1.0,,,,0.9255710244178772,0.5674997568130493,0.11320170015096664,0.9985395669937134
7314c24b,32,500,0,0.0001,0.0001,128,5,,250,300,250,50,1.0,softplus,poisson,1.0,,,,0.9255710244178772,0.5674997568130493,0.11320170015096664,0.9985395669937134
945575ce,64,500,0,0.0001,0.0001,128,5,,250,300,250,50,1.0,softplus,poisson,1.0,,,,0.8632076382637024,0.374398410320282,0.07444721460342407,0.9965786933898926
945575ce,64,500,0,0.0001,0.0001,128,5,,250,300,250,50,1.0,softplus,poisson,1.0,,,,0.8632076382637024,0.374398410320282,0.07444721460342407,0.9965786933898926
a058d181,128,500,0,0.0001,0.0001,128,5,,250,300,250,50,1.0,softplus,poisson,1.0,,,,0.8075908422470093,0.4308691918849945,0.08506302535533905,0.9981891512870789
a058d181,128,500,0,0.0001,0.0001,128,5,,250,300,250,50,1.0,softplus,poisson,1.0,,,,0.8075908422470093,0.4308691918849945,0.08506302535533905,0.9981891512870789
c729395b,256,500,0,0.0001,0.0001,128,5,,250,300,250,50,1.0,softplus,poisson,1.0,,,,0.7883650064468384,0.5159197449684143,0.1048976480960846,0.9981197714805603
c729395b,256,500,0,0.0001,0.0001,128,5,,250,300,250,50,1.0,softplus,poisson,1.0,,,,0.7883650064468384,0.5159197449684143,0.1048976480960846,0.9981197714805603
57b349b4,512,500,0,0.0001,0.0001,128,5,,250,300,250,50,1.0,softplus,poisson,1.0,,,,0.8047273755073547,0.5693754553794861,0.11610103398561478,0.9987469911575317
57b349b4,512,500,0,0.0001,0.0001,128,5,,250,300,250,50,1.0,softplus,poisson,1.0,,,,0.8047273755073547,0.5693754553794861,0.11610103398561478,0.9987469911575317
e3b78345,32,501,0,0.0001,0.0001,128,5,torch.nn.functional.softplus,250,300,250,50,1.0,softplus,poisson,1.0,,,,0.9064145684242249,0.5608255863189697,0.11173507571220398,0.998613715171814
e3b78345,32,501,0,0.0001,0.0001,128,5,torch.nn.functional.softplus,250,300,250,50,1.0,softplus,poisson,1.0,,,,0.9064145684242249,0.5608255863189697,0.11173507571220398,0.998613715171814
99e827ab,64,501,0,0.0001,0.0001,128,5,torch.nn.functional.softplus,250,300,250,50,1.0,softplus,poisson,1.0,,,,0.8624496459960938,0.37350887060165405,0.07427994906902313,0.9965872764587402
99e827ab,64,501,0,0.0001,0.0001,128,5,torch.nn.functional.softplus,250,300,250,50,1.0,softplus,poisson,1.0,,,,0.8624496459960938,0.37350887060165405,0.07427994906902313,0.9965872764587402
55fe4874,128,501,0,0.0001,0.0001,128,5,torch.nn.functional.softplus,250,300,250,50,1.0,softplus,poisson,1.0,,,,0.8210737705230713,0.4283558130264282,0.08453161269426346,0.9981306195259094
55fe4874,128,501,0,0.0001,0.0001,128,5,torch.nn.functional.softplus,250,300,250,50,1.0,softplus,poisson,1.0,,,,0.8210737705230713,0.4283558130264282,0.08453161269426346,0.9981306195259094
8b2cf091,256,501,0,0.0001,0.0001,128,5,torch.nn.functional.softplus,250,300,250,50,1.0,softplus,poisson,1.0,,,,0.7827454209327698,0.5049330592155457,0.10283391922712326,0.9981002807617188
8b2cf091,256,501,0,0.0001,0.0001,128,5,torch.nn.functional.softplus,250,300,250,50,1.0,softplus,poisson,1.0,,,,0.7827454209327698,0.5049330592155457,0.10283391922712326,0.9981002807617188
28c1a7de,512,501,0,0.0001,0.0001,128,5,torch.nn.functional.softplus,250,300,250,50,1.0,softplus,poisson,1.0,,,,0.7927549481391907,0.5727640390396118,0.11688747256994247,0.9988060593605042
28c1a7de,512,501,0,0.0001,0.0001,128,5,torch.nn.functional.softplus,250,300,250,50,1.0,softplus,poisson,1.0,,,,0.7927549481391907,0.5727640390396118,0.11688747256994247,0.9988060593605042
7cb6f585,32,501,0,0.0001,0.0001,128,5,,250,300,250,50,1.0,softplus,poisson,1.0,,,,0.9008985757827759,0.5585504174232483,0.1112661212682724,0.9986237287521362
7cb6f585,32,501,0,0.0001,0.0001,128,5,,250,300,250,50,1.0,softplus,poisson,1.0,,,,0.9008985757827759,0.5585504174232483,0.1112661212682724,0.9986237287521362
ff61b4da,64,501,0,0.0001,0.0001,128,5,,250,300,250,50,1.0,softplus,poisson,1.0,,,,0.8647246360778809,0.3739754259586334,0.07436753064393997,0.9965751767158508
ff61b4da,64,501,0,0.0001,0.0001,128,5,,250,300,250,50,1.0,softplus,poisson,1.0,,,,0.8647246360778809,0.3739754259586334,0.07436753064393997,0.9965751767158508
c16d6269,128,501,0,0.0001,0.0001,128,5,,250,300,250,50,1.0,softplus,poisson,1.0,,,,0.822615921497345,0.42877620458602905,0.08460107445716858,0.998130202293396
c16d6269,128,501,0,0.0001,0.0001,128,5,,250,300,250,50,1.0,softplus,poisson,1.0,,,,0.822615921497345,0.42877620458602905,0.08460107445716858,0.998130202293396
247fd6a4,256,501,0,0.0001,0.0001,128,5,,250,300,250,50,1.0,softplus,poisson,1.0,,,,0.7825698852539062,0.506260335445404,0.10304928570985794,0.9981053471565247
247fd6a4,256,501,0,0.0001,0.0001,128,5,,250,300,250,50,1.0,softplus,poisson,1.0,,,,0.7825698852539062,0.506260335445404,0.10304928570985794,0.9981053471565247
8f6f3eb3,512,501,0,0.0001,0.0001,128,5,,250,300,250,50,1.0,softplus,poisson,1.0,,,,0.7903487086296082,0.572276771068573,0.11677458882331848,0.9988067746162415
8f6f3eb3,512,501,0,0.0001,0.0001,128,5,,250,300,250,50,1.0,softplus,poisson,1.0,,,,0.7903487086296082,0.572276771068573,0.11677458882331848,0.9988067746162415
9f1d7262,2,500,0,0.002,0.0,128,5,torch.nn.functional.softplus,250,300,250,50,1.0,softplus,poisson,1.0,0.05,128.0,3.0,0.9969192743301392,0.9673529863357544,0.22125478088855743,1.0
97bb4b50,5,500,0,0.002,0.0,128,5,torch.nn.functional.softplus,250,300,250,50,1.0,softplus,poisson,1.0,0.05,128.0,3.0,0.9982502460479736,0.9895886182785034,0.22535458207130432,0.9984670877456665
3c8502d5,32,500,0,0.002,0.0,128,5,torch.nn.functional.softplus,250,300,250,50,1.0,softplus,poisson,1.0,0.05,128.0,3.0,0.9753421545028687,0.9945668578147888,0.2266772836446762,0.9831786155700684
224680b9,3,500,0,0.002,0.0,128,5,torch.nn.functional.softplus,250,300,250,50,1.0,softplus,poisson,1.0,0.05,128.0,3.0,0.9984906315803528,0.9850677251815796,0.22428278625011444,1.0
1e77ec22,10,500,0,0.002,0.0,128,5,torch.nn.functional.softplus,250,300,250,50,1.0,softplus,poisson,1.0,0.05,128.0,3.0,0.9976160526275635,0.9938323497772217,0.22633591294288635,0.9983512163162231
1e77ec22,10,500,0,0.002,0.0,128,5,torch.nn.functional.softplus,250,300,250,50,1.0,softplus,poisson,1.0,0.05,128.0,3.0,0.9976160526275635,0.9938323497772217,0.22633591294288635,0.9983512163162231
97bb4b50,5,500,0,0.002,0.0,128,5,torch.nn.functional.softplus,250,300,250,50,1.0,softplus,poisson,1.0,0.05,128.0,3.0,0.9982502460479736,0.9895886182785034,0.22535458207130432,0.9984670877456665
224680b9,3,500,0,0.002,0.0,128,5,torch.nn.functional.softplus,250,300,250,50,1.0,softplus,poisson,1.0,0.05,128.0,3.0,0.9984906315803528,0.9850677251815796,0.22428278625011444,1.0
9f1d7262,2,500,0,0.002,0.0,128,5,torch.nn.functional.softplus,250,300,250,50,1.0,softplus,poisson,1.0,0.05,128.0,3.0,0.9969192743301392,0.9673529863357544,0.22125478088855743,1.0
3c8502d5,32,500,0,0.002,0.0,128,5,torch.nn.functional.softplus,250,300,250,50,1.0,softplus,poisson,1.0,0.05,128.0,3.0,0.9753421545028687,0.9945668578147888,0.2266772836446762,0.9831786155700684
e32f17f1,64,500,0,0.002,0.0,128,5,torch.nn.functional.softplus,250,300,250,50,1.0,softplus,poisson,1.0,0.05,128.0,3.0,0.830163836479187,0.9920355081558228,0.22636678814888,0.8917407989501953
e32f17f1,64,500,0,0.002,0.0,128,5,torch.nn.functional.softplus,250,300,250,50,1.0,softplus,poisson,1.0,0.05,128.0,3.0,0.830163836479187,0.9920355081558228,0.22636678814888,0.8917407989501953
2ac658f3,2,500,0,0.002,0.0,128,5,,250,300,250,50,1.0,softplus,poisson,1.0,0.05,128.0,3.0,0.9967867136001587,0.9673503637313843,0.22125370800495148,1.0
2ac658f3,2,500,0,0.002,0.0,128,5,,250,300,250,50,1.0,softplus,poisson,1.0,0.05,128.0,3.0,0.9967867136001587,0.9673503637313843,0.22125370800495148,1.0
a2252f81,3,500,0,0.002,0.0,128,5,,250,300,250,50,1.0,softplus,poisson,1.0,0.05,128.0,3.0,0.9985506534576416,0.9850676655769348,0.22428296506404877,1.0
a2252f81,3,500,0,0.002,0.0,128,5,,250,300,250,50,1.0,softplus,poisson,1.0,0.05,128.0,3.0,0.9985506534576416,0.9850676655769348,0.22428296506404877,1.0
c6be0cbe,5,500,0,0.002,0.0,128,5,,250,300,250,50,1.0,softplus,poisson,1.0,0.05,128.0,3.0,0.9982496500015259,0.9895871877670288,0.2253536880016327,0.9984657168388367
c6be0cbe,5,500,0,0.002,0.0,128,5,,250,300,250,50,1.0,softplus,poisson,1.0,0.05,128.0,3.0,0.9982496500015259,0.9895871877670288,0.2253536880016327,0.9984657168388367
d82744c1,10,500,0,0.002,0.0,128,5,,250,300,250,50,1.0,softplus,poisson,1.0,0.05,128.0,3.0,0.9975939989089966,0.9938333630561829,0.22633574903011322,0.9983512759208679
d82744c1,10,500,0,0.002,0.0,128,5,,250,300,250,50,1.0,softplus,poisson,1.0,0.05,128.0,3.0,0.9975939989089966,0.9938333630561829,0.22633574903011322,0.9983512759208679
5dc4f46f,32,500,0,0.002,0.0,128,5,,250,300,250,50,1.0,softplus,poisson,1.0,0.05,128.0,3.0,0.9752482175827026,0.9945454597473145,0.22667242586612701,0.9831394553184509
5dc4f46f,32,500,0,0.002,0.0,128,5,,250,300,250,50,1.0,softplus,poisson,1.0,0.05,128.0,3.0,0.9752482175827026,0.9945454597473145,0.22667242586612701,0.9831394553184509
c3ebfcd6,64,500,0,0.002,0.0,128,5,,250,300,250,50,1.0,softplus,poisson,1.0,0.05,128.0,3.0,0.8306409120559692,0.992026686668396,0.22636212408542633,0.8924270868301392
c3ebfcd6,64,500,0,0.002,0.0,128,5,,250,300,250,50,1.0,softplus,poisson,1.0,0.05,128.0,3.0,0.8306409120559692,0.992026686668396,0.22636212408542633,0.8924270868301392
429822ab,3,501,0,0.002,0.0,128,5,torch.nn.functional.softplus,250,300,250,50,1.0,softplus,poisson,1.0,0.05,128.0,3.0,0.9985414147377014,0.9858508706092834,0.22440879046916962,1.0
3db18318,2,501,0,0.002,0.0,128,5,torch.nn.functional.softplus,250,300,250,50,1.0,softplus,poisson,1.0,0.05,128.0,3.0,0.9971318244934082,0.9667606353759766,0.22129443287849426,1.0
429822ab,3,501,0,0.002,0.0,128,5,torch.nn.functional.softplus,250,300,250,50,1.0,softplus,poisson,1.0,0.05,128.0,3.0,0.9985414147377014,0.9858508706092834,0.22440879046916962,1.0
3db18318,2,501,0,0.002,0.0,128,5,torch.nn.functional.softplus,250,300,250,50,1.0,softplus,poisson,1.0,0.05,128.0,3.0,0.9971318244934082,0.9667606353759766,0.22129443287849426,1.0
7af2940b,5,501,0,0.002,0.0,128,5,torch.nn.functional.softplus,250,300,250,50,1.0,softplus,poisson,1.0,0.05,128.0,3.0,0.9979328513145447,0.9889647960662842,0.22528494894504547,0.9993680119514465
7af2940b,5,501,0,0.002,0.0,128,5,torch.nn.functional.softplus,250,300,250,50,1.0,softplus,poisson,1.0,0.05,128.0,3.0,0.9979328513145447,0.9889647960662842,0.22528494894504547,0.9993680119514465
5a0abf31,10,501,0,0.002,0.0,128,5,torch.nn.functional.softplus,250,300,250,50,1.0,softplus,poisson,1.0,0.05,128.0,3.0,0.9973572492599487,0.9941868185997009,0.2263820469379425,0.9983307123184204
5a0abf31,10,501,0,0.002,0.0,128,5,torch.nn.functional.softplus,250,300,250,50,1.0,softplus,poisson,1.0,0.05,128.0,3.0,0.9973572492599487,0.9941868185997009,0.2263820469379425,0.9983307123184204
b10ea416,32,501,0,0.002,0.0,128,5,torch.nn.functional.softplus,250,300,250,50,1.0,softplus,poisson,1.0,0.05,128.0,3.0,0.975617527961731,0.9943820238113403,0.22663795948028564,0.9830583930015564
b10ea416,32,501,0,0.002,0.0,128,5,torch.nn.functional.softplus,250,300,250,50,1.0,softplus,poisson,1.0,0.05,128.0,3.0,0.975617527961731,0.9943820238113403,0.22663795948028564,0.9830583930015564
57061708,64,501,0,0.002,0.0,128,5,torch.nn.functional.softplus,250,300,250,50,1.0,softplus,poisson,1.0,0.05,128.0,3.0,0.8298590779304504,0.9920307993888855,0.22637198865413666,0.8898659944534302
6f4adc8d,2,501,0,0.002,0.0,128,5,,250,300,250,50,1.0,softplus,poisson,1.0,0.05,128.0,3.0,0.9970756769180298,0.9667632579803467,0.2212948054075241,1.0
57061708,64,501,0,0.002,0.0,128,5,torch.nn.functional.softplus,250,300,250,50,1.0,softplus,poisson,1.0,0.05,128.0,3.0,0.8298590779304504,0.9920307993888855,0.22637198865413666,0.8898659944534302
6f4adc8d,2,501,0,0.002,0.0,128,5,,250,300,250,50,1.0,softplus,poisson,1.0,0.05,128.0,3.0,0.9970756769180298,0.9667632579803467,0.2212948054075241,1.0
beb680f1,3,501,0,0.002,0.0,128,5,,250,300,250,50,1.0,softplus,poisson,1.0,0.05,128.0,3.0,0.9984030723571777,0.9858527779579163,0.22440752387046814,1.0
beb680f1,3,501,0,0.002,0.0,128,5,,250,300,250,50,1.0,softplus,poisson,1.0,0.05,128.0,3.0,0.9984030723571777,0.9858527779579163,0.22440752387046814,1.0
5e77cbe9,5,501,0,0.002,0.0,128,5,,250,300,250,50,1.0,softplus,poisson,1.0,0.05,128.0,3.0,0.9979249238967896,0.9889588952064514,0.22528566420078278,0.9993632435798645
5e77cbe9,5,501,0,0.002,0.0,128,5,,250,300,250,50,1.0,softplus,poisson,1.0,0.05,128.0,3.0,0.9979249238967896,0.9889588952064514,0.22528566420078278,0.9993632435798645
be5b0607,10,501,0,0.002,0.0,128,5,,250,300,250,50,1.0,softplus,poisson,1.0,0.05,128.0,3.0,0.9974555969238281,0.9941839575767517,0.22638078033924103,0.9983342885971069
be5b0607,10,501,0,0.002,0.0,128,5,,250,300,250,50,1.0,softplus,poisson,1.0,0.05,128.0,3.0,0.9974555969238281,0.9941839575767517,0.22638078033924103,0.9983342885971069
eb5cf3ea,32,501,0,0.002,0.0,128,5,,250,300,250,50,1.0,softplus,poisson,1.0,0.05,128.0,3.0,0.9756813645362854,0.9943801164627075,0.2266431599855423,0.9829503297805786
eb5cf3ea,32,501,0,0.002,0.0,128,5,,250,300,250,50,1.0,softplus,poisson,1.0,0.05,128.0,3.0,0.9756813645362854,0.9943801164627075,0.2266431599855423,0.9829503297805786
628dabf0,64,501,0,0.002,0.0,128,5,,250,300,250,50,1.0,softplus,poisson,1.0,0.05,128.0,3.0,0.8296602368354797,0.9920461177825928,0.22637595236301422,0.8891879320144653
628dabf0,64,501,0,0.002,0.0,128,5,,250,300,250,50,1.0,softplus,poisson,1.0,0.05,128.0,3.0,0.8296602368354797,0.9920461177825928,0.22637595236301422,0.8891879320144653
6cd9fb81,256,500,0,0.0001,0.0001,128,5,torch.nn.functional.softplus,280,300,280,20,1.0,softplus,poisson,1.0,,,,0.8046620488166809,0.6606522798538208,0.1398250311613083,0.9948041439056396
9bee8551,32,500,0,0.0001,0.0001,128,5,torch.nn.functional.softplus,280,300,280,20,1.0,softplus,poisson,1.0,,,,0.8806248903274536,0.48938503861427307,0.09979578107595444,0.9980942606925964
b08fb16f,64,500,0,0.0001,0.0001,128,5,torch.nn.functional.softplus,280,300,280,20,1.0,softplus,poisson,1.0,,,,0.8292465209960938,0.4663735330104828,0.09675879031419754,0.9967514872550964
4d448cf1,32,500,0,0.0001,0.0001,128,5,,280,300,280,20,1.0,softplus,poisson,1.0,,,,0.9189023375511169,0.601836621761322,0.12195797264575958,0.9985808730125427
d4c93c2c,128,500,0,0.0001,0.0001,128,5,torch.nn.functional.softplus,280,300,280,20,1.0,softplus,poisson,1.0,,,,0.7932630777359009,0.5233475565910339,0.10729087889194489,0.9972323179244995
6cd9fb81,256,500,0,0.0001,0.0001,128,5,torch.nn.functional.softplus,280,300,280,20,1.0,softplus,poisson,1.0,,,,0.8046620488166809,0.6606522798538208,0.1398250311613083,0.9948041439056396
141ebfef,512,500,0,0.0001,0.0001,128,5,torch.nn.functional.softplus,280,300,280,20,1.0,softplus,poisson,1.0,,,,0.8298408389091492,0.7093183398246765,0.1505649834871292,0.9993153810501099
9bee8551,32,500,0,0.0001,0.0001,128,5,torch.nn.functional.softplus,280,300,280,20,1.0,softplus,poisson,1.0,,,,0.8806248903274536,0.48938503861427307,0.09979578107595444,0.9980942606925964
b08fb16f,64,500,0,0.0001,0.0001,128,5,torch.nn.functional.softplus,280,300,280,20,1.0,softplus,poisson,1.0,,,,0.8292465209960938,0.4663735330104828,0.09675879031419754,0.9967514872550964
4d448cf1,32,500,0,0.0001,0.0001,128,5,,280,300,280,20,1.0,softplus,poisson,1.0,,,,0.9189023375511169,0.601836621761322,0.12195797264575958,0.9985808730125427
d4c93c2c,128,500,0,0.0001,0.0001,128,5,torch.nn.functional.softplus,280,300,280,20,1.0,softplus,poisson,1.0,,,,0.7932630777359009,0.5233475565910339,0.10729087889194489,0.9972323179244995
141ebfef,512,500,0,0.0001,0.0001,128,5,torch.nn.functional.softplus,280,300,280,20,1.0,softplus,poisson,1.0,,,,0.8298408389091492,0.7093183398246765,0.1505649834871292,0.9993153810501099
56f38c06,128,500,0,0.0001,0.0001,128,5,,280,300,280,20,1.0,softplus,poisson,1.0,,,,0.8163034915924072,0.4362514317035675,0.08603554219007492,0.9979748129844666
774d04ae,256,500,0,0.0001,0.0001,128,5,,280,300,280,20,1.0,softplus,poisson,1.0,,,,0.7998424768447876,0.5207435488700867,0.10583405196666718,0.9980181455612183
812c1c42,64,500,0,0.0001,0.0001,128,5,,280,300,280,20,1.0,softplus,poisson,1.0,,,,0.902990996837616,0.4200350344181061,0.08252251148223877,0.9970105290412903
56f38c06,128,500,0,0.0001,0.0001,128,5,,280,300,280,20,1.0,softplus,poisson,1.0,,,,0.8163034915924072,0.4362514317035675,0.08603554219007492,0.9979748129844666
774d04ae,256,500,0,0.0001,0.0001,128,5,,280,300,280,20,1.0,softplus,poisson,1.0,,,,0.7998424768447876,0.5207435488700867,0.10583405196666718,0.9980181455612183
812c1c42,64,500,0,0.0001,0.0001,128,5,,280,300,280,20,1.0,softplus,poisson,1.0,,,,0.902990996837616,0.4200350344181061,0.08252251148223877,0.9970105290412903
a144a155,512,500,0,0.0001,0.0001,128,5,,280,300,280,20,1.0,softplus,poisson,1.0,,,,0.7903691530227661,0.5451414585113525,0.11160359531641006,0.9993770718574524
a144a155,512,500,0,0.0001,0.0001,128,5,,280,300,280,20,1.0,softplus,poisson,1.0,,,,0.7903691530227661,0.5451414585113525,0.11160359531641006,0.9993770718574524
99533ba3,32,501,0,0.0001,0.0001,128,5,torch.nn.functional.softplus,280,300,280,20,1.0,softplus,poisson,1.0,,,,0.8901799321174622,0.4923642575740814,0.10042260587215424,0.9980628490447998
99533ba3,32,501,0,0.0001,0.0001,128,5,torch.nn.functional.softplus,280,300,280,20,1.0,softplus,poisson,1.0,,,,0.8901799321174622,0.4923642575740814,0.10042260587215424,0.9980628490447998
e2ba8806,64,501,0,0.0001,0.0001,128,5,torch.nn.functional.softplus,280,300,280,20,1.0,softplus,poisson,1.0,,,,0.9121124148368835,0.4173153042793274,0.08255770057439804,0.9971321225166321
e2ba8806,64,501,0,0.0001,0.0001,128,5,torch.nn.functional.softplus,280,300,280,20,1.0,softplus,poisson,1.0,,,,0.9121124148368835,0.4173153042793274,0.08255770057439804,0.9971321225166321
2fe1636c,128,501,0,0.0001,0.0001,128,5,torch.nn.functional.softplus,280,300,280,20,1.0,softplus,poisson,1.0,,,,0.8290951251983643,0.44780653715133667,0.08836206048727036,0.9978986382484436
2fe1636c,128,501,0,0.0001,0.0001,128,5,torch.nn.functional.softplus,280,300,280,20,1.0,softplus,poisson,1.0,,,,0.8290951251983643,0.44780653715133667,0.08836206048727036,0.9978986382484436
c89d03ff,256,501,0,0.0001,0.0001,128,5,torch.nn.functional.softplus,280,300,280,20,1.0,softplus,poisson,1.0,,,,0.7745296955108643,0.4574730396270752,0.09342078119516373,0.9977529644966125
c89d03ff,256,501,0,0.0001,0.0001,128,5,torch.nn.functional.softplus,280,300,280,20,1.0,softplus,poisson,1.0,,,,0.7745296955108643,0.4574730396270752,0.09342078119516373,0.9977529644966125
1c2b2641,512,501,0,0.0001,0.0001,128,5,torch.nn.functional.softplus,280,300,280,20,1.0,softplus,poisson,1.0,,,,0.8365561962127686,0.5375609397888184,0.10963660478591919,0.9993197917938232
1c2b2641,512,501,0,0.0001,0.0001,128,5,torch.nn.functional.softplus,280,300,280,20,1.0,softplus,poisson,1.0,,,,0.8365561962127686,0.5375609397888184,0.10963660478591919,0.9993197917938232
2e068dc3,32,501,0,0.0001,0.0001,128,5,,280,300,280,20,1.0,softplus,poisson,1.0,,,,0.9200145602226257,0.5996201634407043,0.12165478616952896,0.9985694885253906
2e068dc3,32,501,0,0.0001,0.0001,128,5,,280,300,280,20,1.0,softplus,poisson,1.0,,,,0.9200145602226257,0.5996201634407043,0.12165478616952896,0.9985694885253906
668e9d89,64,501,0,0.0001,0.0001,128,5,,280,300,280,20,1.0,softplus,poisson,1.0,,,,0.9117699265480042,0.4175488352775574,0.08260544389486313,0.9971344470977783
668e9d89,64,501,0,0.0001,0.0001,128,5,,280,300,280,20,1.0,softplus,poisson,1.0,,,,0.9117699265480042,0.4175488352775574,0.08260544389486313,0.9971344470977783
fff1781f,128,501,0,0.0001,0.0001,128,5,,280,300,280,20,1.0,softplus,poisson,1.0,,,,0.8299694061279297,0.4484809637069702,0.08848430216312408,0.9979016780853271
fff1781f,128,501,0,0.0001,0.0001,128,5,,280,300,280,20,1.0,softplus,poisson,1.0,,,,0.8299694061279297,0.4484809637069702,0.08848430216312408,0.9979016780853271
f1607a74,256,501,0,0.0001,0.0001,128,5,,280,300,280,20,1.0,softplus,poisson,1.0,,,,0.774955689907074,0.45757177472114563,0.09344285726547241,0.9977524876594543
f1607a74,256,501,0,0.0001,0.0001,128,5,,280,300,280,20,1.0,softplus,poisson,1.0,,,,0.774955689907074,0.45757177472114563,0.09344285726547241,0.9977524876594543
1ba2e4e7,512,501,0,0.0001,0.0001,128,5,,280,300,280,20,1.0,softplus,poisson,1.0,,,,0.8352258205413818,0.5370689630508423,0.10952890664339066,0.9993199706077576
1ba2e4e7,512,501,0,0.0001,0.0001,128,5,,280,300,280,20,1.0,softplus,poisson,1.0,,,,0.8352258205413818,0.5370689630508423,0.10952890664339066,0.9993199706077576
b67d9926,64,500,0,0.0001,0.0001,128,5,torch.nn.functional.softplus,200,300,200,100,1.0,softplus,poisson,1.0,,,,0.7905879616737366,0.4118238389492035,0.08396976441144943,0.997506320476532
80a77dd3,32,500,0,0.0001,0.0001,128,5,torch.nn.functional.softplus,200,300,200,100,1.0,softplus,poisson,1.0,,,,0.9028757214546204,0.7898921370506287,0.16525405645370483,0.9987804293632507
efe15f6a,256,500,0,0.0001,0.0001,128,5,torch.nn.functional.softplus,200,300,200,100,1.0,softplus,poisson,1.0,,,,0.7048625946044922,0.47670596837997437,0.10113435238599777,0.9946269989013672
4abacb9e,512,500,0,0.0001,0.0001,128,5,torch.nn.functional.softplus,200,300,200,100,1.0,softplus,poisson,1.0,,,,0.8218726515769958,0.6727588176727295,0.1445925235748291,0.9993359446525574
25da195e,128,500,0,0.0001,0.0001,128,5,torch.nn.functional.softplus,200,300,200,100,1.0,softplus,poisson,1.0,,,,0.8226228356361389,0.6317758560180664,0.13239797949790955,0.9922075867652893
8b95b1f5,32,500,0,0.0001,0.0001,128,5,,200,300,200,100,1.0,softplus,poisson,1.0,,,,0.9029650092124939,0.7898401021957397,0.16533982753753662,0.9987745881080627
b67d9926,64,500,0,0.0001,0.0001,128,5,torch.nn.functional.softplus,200,300,200,100,1.0,softplus,poisson,1.0,,,,0.7905879616737366,0.4118238389492035,0.08396976441144943,0.997506320476532
8b95b1f5,32,500,0,0.0001,0.0001,128,5,,200,300,200,100,1.0,softplus,poisson,1.0,,,,0.9029650092124939,0.7898401021957397,0.16533982753753662,0.9987745881080627
4abacb9e,512,500,0,0.0001,0.0001,128,5,torch.nn.functional.softplus,200,300,200,100,1.0,softplus,poisson,1.0,,,,0.8218726515769958,0.6727588176727295,0.1445925235748291,0.9993359446525574
efe15f6a,256,500,0,0.0001,0.0001,128,5,torch.nn.functional.softplus,200,300,200,100,1.0,softplus,poisson,1.0,,,,0.7048625946044922,0.47670596837997437,0.10113435238599777,0.9946269989013672
25da195e,128,500,0,0.0001,0.0001,128,5,torch.nn.functional.softplus,200,300,200,100,1.0,softplus,poisson,1.0,,,,0.8226228356361389,0.6317758560180664,0.13239797949790955,0.9922075867652893
80a77dd3,32,500,0,0.0001,0.0001,128,5,torch.nn.functional.softplus,200,300,200,100,1.0,softplus,poisson,1.0,,,,0.9028757214546204,0.7898921370506287,0.16525405645370483,0.9987804293632507
01743df6,64,500,0,0.0001,0.0001,128,5,,200,300,200,100,1.0,softplus,poisson,1.0,,,,0.7931154370307922,0.41275832056999207,0.08415783196687698,0.9975075721740723
01743df6,64,500,0,0.0001,0.0001,128,5,,200,300,200,100,1.0,softplus,poisson,1.0,,,,0.7931154370307922,0.41275832056999207,0.08415783196687698,0.9975075721740723
34218555,128,500,0,0.0001,0.0001,128,5,,200,300,200,100,1.0,softplus,poisson,1.0,,,,0.8223255276679993,0.63107830286026,0.1322784721851349,0.9922210574150085
34218555,128,500,0,0.0001,0.0001,128,5,,200,300,200,100,1.0,softplus,poisson,1.0,,,,0.8223255276679993,0.63107830286026,0.1322784721851349,0.9922210574150085
2108a045,256,500,0,0.0001,0.0001,128,5,,200,300,200,100,1.0,softplus,poisson,1.0,,,,0.7038118839263916,0.47423309087753296,0.10072556138038635,0.9946427941322327
2108a045,256,500,0,0.0001,0.0001,128,5,,200,300,200,100,1.0,softplus,poisson,1.0,,,,0.7038118839263916,0.47423309087753296,0.10072556138038635,0.9946427941322327
1d4cc959,512,500,0,0.0001,0.0001,128,5,,200,300,200,100,1.0,softplus,poisson,1.0,,,,0.823108434677124,0.6729239821434021,0.1446382850408554,0.9993360042572021
1d4cc959,512,500,0,0.0001,0.0001,128,5,,200,300,200,100,1.0,softplus,poisson,1.0,,,,0.823108434677124,0.6729239821434021,0.1446382850408554,0.9993360042572021
b6189ca3,32,501,0,0.0001,0.0001,128,5,torch.nn.functional.softplus,200,300,200,100,1.0,softplus,poisson,1.0,,,,0.9014847278594971,0.7902904748916626,0.1653182953596115,0.998811662197113
b6189ca3,32,501,0,0.0001,0.0001,128,5,torch.nn.functional.softplus,200,300,200,100,1.0,softplus,poisson,1.0,,,,0.9014847278594971,0.7902904748916626,0.1653182953596115,0.998811662197113
3f93dbf0,64,501,0,0.0001,0.0001,128,5,torch.nn.functional.softplus,200,300,200,100,1.0,softplus,poisson,1.0,,,,0.79901522397995,0.408674031496048,0.08292016386985779,0.9973785281181335
3f93dbf0,64,501,0,0.0001,0.0001,128,5,torch.nn.functional.softplus,200,300,200,100,1.0,softplus,poisson,1.0,,,,0.79901522397995,0.408674031496048,0.08292016386985779,0.9973785281181335
3fb5b686,128,501,0,0.0001,0.0001,128,5,torch.nn.functional.softplus,200,300,200,100,1.0,softplus,poisson,1.0,,,,0.7257809042930603,0.4739474058151245,0.09852191805839539,0.9897852540016174
3fb5b686,128,501,0,0.0001,0.0001,128,5,torch.nn.functional.softplus,200,300,200,100,1.0,softplus,poisson,1.0,,,,0.7257809042930603,0.4739474058151245,0.09852191805839539,0.9897852540016174
8f46fe6d,256,501,0,0.0001,0.0001,128,5,torch.nn.functional.softplus,200,300,200,100,1.0,softplus,poisson,1.0,,,,0.8099551796913147,0.7286845445632935,0.15311729907989502,0.9959821105003357
8f46fe6d,256,501,0,0.0001,0.0001,128,5,torch.nn.functional.softplus,200,300,200,100,1.0,softplus,poisson,1.0,,,,0.8099551796913147,0.7286845445632935,0.15311729907989502,0.9959821105003357
2ce0f713,512,501,0,0.0001,0.0001,128,5,torch.nn.functional.softplus,200,300,200,100,1.0,softplus,poisson,1.0,,,,0.8170150518417358,0.6756421327590942,0.14473141729831696,0.9993606209754944
2102ad75,32,501,0,0.0001,0.0001,128,5,,200,300,200,100,1.0,softplus,poisson,1.0,,,,0.905073344707489,0.7919945120811462,0.16561923921108246,0.9988064765930176
2ce0f713,512,501,0,0.0001,0.0001,128,5,torch.nn.functional.softplus,200,300,200,100,1.0,softplus,poisson,1.0,,,,0.8170150518417358,0.6756421327590942,0.14473141729831696,0.9993606209754944
2102ad75,32,501,0,0.0001,0.0001,128,5,,200,300,200,100,1.0,softplus,poisson,1.0,,,,0.905073344707489,0.7919945120811462,0.16561923921108246,0.9988064765930176
c142fbce,64,501,0,0.0001,0.0001,128,5,,200,300,200,100,1.0,softplus,poisson,1.0,,,,0.791949987411499,0.4073241949081421,0.08263663202524185,0.9974036812782288
c142fbce,64,501,0,0.0001,0.0001,128,5,,200,300,200,100,1.0,softplus,poisson,1.0,,,,0.791949987411499,0.4073241949081421,0.08263663202524185,0.9974036812782288
b8bcd830,128,501,0,0.0001,0.0001,128,5,,200,300,200,100,1.0,softplus,poisson,1.0,,,,0.7245465517044067,0.47260305285453796,0.09821164608001709,0.9897809028625488
b8bcd830,128,501,0,0.0001,0.0001,128,5,,200,300,200,100,1.0,softplus,poisson,1.0,,,,0.7245465517044067,0.47260305285453796,0.09821164608001709,0.9897809028625488
1252e030,256,501,0,0.0001,0.0001,128,5,,200,300,200,100,1.0,softplus,poisson,1.0,,,,0.8104729056358337,0.7282781600952148,0.15304139256477356,0.9959819316864014
1252e030,256,501,0,0.0001,0.0001,128,5,,200,300,200,100,1.0,softplus,poisson,1.0,,,,0.8104729056358337,0.7282781600952148,0.15304139256477356,0.9959819316864014
6113c2a1,512,501,0,0.0001,0.0001,128,5,,200,300,200,100,1.0,softplus,poisson,1.0,,,,0.8169446587562561,0.6749809384346008,0.14458659291267395,0.9993598461151123
6113c2a1,512,501,0,0.0001,0.0001,128,5,,200,300,200,100,1.0,softplus,poisson,1.0,,,,0.8169446587562561,0.6749809384346008,0.14458659291267395,0.9993598461151123
794fc2cd,3,500,0,0.002,0.0,128,5,torch.nn.functional.softplus,280,300,250,50,1.0,softplus,poisson,1.0,0.1,64.0,3.0,,,,
9c6c1663,10,500,0,0.002,0.0,128,5,torch.nn.functional.softplus,280,300,250,50,1.0,softplus,poisson,1.0,0.1,64.0,3.0,,,,
d493995c,5,500,0,0.002,0.0,128,5,torch.nn.functional.softplus,280,300,250,50,1.0,softplus,poisson,1.0,0.1,64.0,3.0,,,,
4966527e,64,500,0,0.002,0.0,128,5,torch.nn.functional.softplus,280,300,250,50,1.0,softplus,poisson,1.0,0.1,64.0,3.0,,,,
d4245f8a,32,500,0,0.002,0.0,128,5,torch.nn.functional.softplus,280,300,250,50,1.0,softplus,poisson,1.0,0.1,64.0,3.0,,,,
97d90ce6,2,500,0,0.002,0.0,128,5,torch.nn.functional.softplus,280,300,250,50,1.0,softplus,poisson,1.0,0.1,64.0,3.0,,,,
97d90ce6,2,500,0,0.002,0.0,128,5,torch.nn.functional.softplus,280,300,250,50,1.0,softplus,poisson,1.0,0.1,64.0,3.0,,,,
9c6c1663,10,500,0,0.002,0.0,128,5,torch.nn.functional.softplus,280,300,250,50,1.0,softplus,poisson,1.0,0.1,64.0,3.0,,,,
4966527e,64,500,0,0.002,0.0,128,5,torch.nn.functional.softplus,280,300,250,50,1.0,softplus,poisson,1.0,0.1,64.0,3.0,,,,
d4245f8a,32,500,0,0.002,0.0,128,5,torch.nn.functional.softplus,280,300,250,50,1.0,softplus,poisson,1.0,0.1,64.0,3.0,,,,
d493995c,5,500,0,0.002,0.0,128,5,torch.nn.functional.softplus,280,300,250,50,1.0,softplus,poisson,1.0,0.1,64.0,3.0,,,,
794fc2cd,3,500,0,0.002,0.0,128,5,torch.nn.functional.softplus,280,300,250,50,1.0,softplus,poisson,1.0,0.1,64.0,3.0,,,,
a20989c5,32,501,0,0.002,0.0,128,5,torch.nn.functional.softplus,280,300,250,50,1.0,softplus,poisson,1.0,0.1,64.0,3.0,,,,
e9a2a138,3,501,0,0.002,0.0,128,5,torch.nn.functional.softplus,280,300,250,50,1.0,softplus,poisson,1.0,0.1,64.0,3.0,,,,
3e8ec4b7,5,501,0,0.002,0.0,128,5,torch.nn.functional.softplus,280,300,250,50,1.0,softplus,poisson,1.0,0.1,64.0,3.0,,,,
841fe3e8,2,501,0,0.002,0.0,128,5,torch.nn.functional.softplus,280,300,250,50,1.0,softplus,poisson,1.0,0.1,64.0,3.0,,,,
dc3a799a,10,501,0,0.002,0.0,128,5,torch.nn.functional.softplus,280,300,250,50,1.0,softplus,poisson,1.0,0.1,64.0,3.0,,,,
984a095e,64,501,0,0.002,0.0,128,5,torch.nn.functional.softplus,280,300,250,50,1.0,softplus,poisson,1.0,0.1,64.0,3.0,,,,
a20989c5,32,501,0,0.002,0.0,128,5,torch.nn.functional.softplus,280,300,250,50,1.0,softplus,poisson,1.0,0.1,64.0,3.0,,,,
e9a2a138,3,501,0,0.002,0.0,128,5,torch.nn.functional.softplus,280,300,250,50,1.0,softplus,poisson,1.0,0.1,64.0,3.0,,,,
dc3a799a,10,501,0,0.002,0.0,128,5,torch.nn.functional.softplus,280,300,250,50,1.0,softplus,poisson,1.0,0.1,64.0,3.0,,,,
3e8ec4b7,5,501,0,0.002,0.0,128,5,torch.nn.functional.softplus,280,300,250,50,1.0,softplus,poisson,1.0,0.1,64.0,3.0,,,,
841fe3e8,2,501,0,0.002,0.0,128,5,torch.nn.functional.softplus,280,300,250,50,1.0,softplus,poisson,1.0,0.1,64.0,3.0,,,,
984a095e,64,501,0,0.002,0.0,128,5,torch.nn.functional.softplus,280,300,250,50,1.0,softplus,poisson,1.0,0.1,64.0,3.0,,,,
5de5ff74,2,500,0,0.002,0.0,128,5,torch.nn.functional.softplus,250,300,250,50,1.0,softplus,poisson,1.0,0.1,64.0,3.0,0.9963598847389221,0.9668399095535278,0.2211941033601761,1.0
b517bd66,3,500,0,0.002,0.0,128,5,torch.nn.functional.softplus,250,300,250,50,1.0,softplus,poisson,1.0,0.1,64.0,3.0,0.9978728294372559,0.982930064201355,0.2237386405467987,1.0
c053d764,32,500,0,0.002,0.0,128,5,torch.nn.functional.softplus,250,300,250,50,1.0,softplus,poisson,1.0,0.1,64.0,3.0,0.9654425382614136,0.9938119649887085,0.2265579253435135,0.9667253494262695
414d7c3f,5,500,0,0.002,0.0,128,5,torch.nn.functional.softplus,250,300,250,50,1.0,softplus,poisson,1.0,0.1,64.0,3.0,0.9983307719230652,0.9895386099815369,0.2253405898809433,0.9988386631011963
e0ed99f9,10,500,0,0.002,0.0,128,5,torch.nn.functional.softplus,250,300,250,50,1.0,softplus,poisson,1.0,0.1,64.0,3.0,0.9970649480819702,0.9938620328903198,0.22634974122047424,0.9993206858634949
1df312c6,64,500,0,0.002,0.0,128,5,torch.nn.functional.softplus,250,300,250,50,1.0,softplus,poisson,1.0,0.1,64.0,3.0,0.8182013630867004,0.9915868043899536,0.22619307041168213,0.7939140796661377
5de5ff74,2,500,0,0.002,0.0,128,5,torch.nn.functional.softplus,250,300,250,50,1.0,softplus,poisson,1.0,0.1,64.0,3.0,0.9963598847389221,0.9668399095535278,0.2211941033601761,1.0
b517bd66,3,500,0,0.002,0.0,128,5,torch.nn.functional.softplus,250,300,250,50,1.0,softplus,poisson,1.0,0.1,64.0,3.0,0.9978728294372559,0.982930064201355,0.2237386405467987,1.0
c053d764,32,500,0,0.002,0.0,128,5,torch.nn.functional.softplus,250,300,250,50,1.0,softplus,poisson,1.0,0.1,64.0,3.0,0.9654425382614136,0.9938119649887085,0.2265579253435135,0.9667253494262695
414d7c3f,5,500,0,0.002,0.0,128,5,torch.nn.functional.softplus,250,300,250,50,1.0,softplus,poisson,1.0,0.1,64.0,3.0,0.9983307719230652,0.9895386099815369,0.2253405898809433,0.9988386631011963
e0ed99f9,10,500,0,0.002,0.0,128,5,torch.nn.functional.softplus,250,300,250,50,1.0,softplus,poisson,1.0,0.1,64.0,3.0,0.9970649480819702,0.9938620328903198,0.22634974122047424,0.9993206858634949
1df312c6,64,500,0,0.002,0.0,128,5,torch.nn.functional.softplus,250,300,250,50,1.0,softplus,poisson,1.0,0.1,64.0,3.0,0.8182013630867004,0.9915868043899536,0.22619307041168213,0.7939140796661377
0886bc04,2,501,0,0.002,0.0,128,5,torch.nn.functional.softplus,250,300,250,50,1.0,softplus,poisson,1.0,0.1,64.0,3.0,0.9962717890739441,0.9671080708503723,0.221207395195961,1.0
0886bc04,2,501,0,0.002,0.0,128,5,torch.nn.functional.softplus,250,300,250,50,1.0,softplus,poisson,1.0,0.1,64.0,3.0,0.9962717890739441,0.9671080708503723,0.221207395195961,1.0
4f494e9c,3,501,0,0.002,0.0,128,5,torch.nn.functional.softplus,250,300,250,50,1.0,softplus,poisson,1.0,0.1,64.0,3.0,0.9984070062637329,0.9844887256622314,0.22406509518623352,1.0
4f494e9c,3,501,0,0.002,0.0,128,5,torch.nn.functional.softplus,250,300,250,50,1.0,softplus,poisson,1.0,0.1,64.0,3.0,0.9984070062637329,0.9844887256622314,0.22406509518623352,1.0
0592aa79,5,501,0,0.002,0.0,128,5,torch.nn.functional.softplus,250,300,250,50,1.0,softplus,poisson,1.0,0.1,64.0,3.0,0.9981580376625061,0.9896723031997681,0.22533251345157623,0.9987969398498535
0592aa79,5,501,0,0.002,0.0,128,5,torch.nn.functional.softplus,250,300,250,50,1.0,softplus,poisson,1.0,0.1,64.0,3.0,0.9981580376625061,0.9896723031997681,0.22533251345157623,0.9987969398498535
0393f9dd,10,501,0,0.002,0.0,128,5,torch.nn.functional.softplus,250,300,250,50,1.0,softplus,poisson,1.0,0.1,64.0,3.0,0.9973452687263489,0.9936518669128418,0.22632534801959991,0.9993139505386353
0393f9dd,10,501,0,0.002,0.0,128,5,torch.nn.functional.softplus,250,300,250,50,1.0,softplus,poisson,1.0,0.1,64.0,3.0,0.9973452687263489,0.9936518669128418,0.22632534801959991,0.9993139505386353
74e54292,32,501,0,0.002,0.0,128,5,torch.nn.functional.softplus,250,300,250,50,1.0,softplus,poisson,1.0,0.1,64.0,3.0,0.9652165174484253,0.9939161539077759,0.2265816181898117,0.9653417468070984
74e54292,32,501,0,0.002,0.0,128,5,torch.nn.functional.softplus,250,300,250,50,1.0,softplus,poisson,1.0,0.1,64.0,3.0,0.9652165174484253,0.9939161539077759,0.2265816181898117,0.9653417468070984
f3c5e126,64,501,0,0.002,0.0,128,5,torch.nn.functional.softplus,250,300,250,50,1.0,softplus,poisson,1.0,0.1,64.0,3.0,0.8182711601257324,0.9914767742156982,0.22618427872657776,0.793779194355011
f3c5e126,64,501,0,0.002,0.0,128,5,torch.nn.functional.softplus,250,300,250,50,1.0,softplus,poisson,1.0,0.1,64.0,3.0,0.8182711601257324,0.9914767742156982,0.22618427872657776,0.793779194355011
1c613103,10,500,0,0.002,0.0,128,5,torch.nn.functional.softplus,280,300,200,100,1.0,softplus,poisson,1.0,0.1,64.0,3.0,,,,
58f550d2,5,500,0,0.002,0.0,128,5,torch.nn.functional.softplus,280,300,200,100,1.0,softplus,poisson,1.0,0.1,64.0,3.0,,,,
ff087baa,3,500,0,0.002,0.0,128,5,torch.nn.functional.softplus,280,300,200,100,1.0,softplus,poisson,1.0,0.1,64.0,3.0,,,,
da1762eb,32,500,0,0.002,0.0,128,5,torch.nn.functional.softplus,280,300,200,100,1.0,softplus,poisson,1.0,0.1,64.0,3.0,,,,
5cc7dbe9,2,500,0,0.002,0.0,128,5,torch.nn.functional.softplus,280,300,200,100,1.0,softplus,poisson,1.0,0.1,64.0,3.0,,,,
e043ea07,64,500,0,0.002,0.0,128,5,torch.nn.functional.softplus,280,300,200,100,1.0,softplus,poisson,1.0,0.1,64.0,3.0,,,,
e043ea07,64,500,0,0.002,0.0,128,5,torch.nn.functional.softplus,280,300,200,100,1.0,softplus,poisson,1.0,0.1,64.0,3.0,,,,
ff087baa,3,500,0,0.002,0.0,128,5,torch.nn.functional.softplus,280,300,200,100,1.0,softplus,poisson,1.0,0.1,64.0,3.0,,,,
5cc7dbe9,2,500,0,0.002,0.0,128,5,torch.nn.functional.softplus,280,300,200,100,1.0,softplus,poisson,1.0,0.1,64.0,3.0,,,,
58f550d2,5,500,0,0.002,0.0,128,5,torch.nn.functional.softplus,280,300,200,100,1.0,softplus,poisson,1.0,0.1,64.0,3.0,,,,
da1762eb,32,500,0,0.002,0.0,128,5,torch.nn.functional.softplus,280,300,200,100,1.0,softplus,poisson,1.0,0.1,64.0,3.0,,,,
1c613103,10,500,0,0.002,0.0,128,5,torch.nn.functional.softplus,280,300,200,100,1.0,softplus,poisson,1.0,0.1,64.0,3.0,,,,
b7d2bf26,10,501,0,0.002,0.0,128,5,torch.nn.functional.softplus,280,300,200,100,1.0,softplus,poisson,1.0,0.1,64.0,3.0,,,,
0fe475ab,3,501,0,0.002,0.0,128,5,torch.nn.functional.softplus,280,300,200,100,1.0,softplus,poisson,1.0,0.1,64.0,3.0,,,,
b9fbcb3c,32,501,0,0.002,0.0,128,5,torch.nn.functional.softplus,280,300,200,100,1.0,softplus,poisson,1.0,0.1,64.0,3.0,,,,
eb097913,64,501,0,0.002,0.0,128,5,torch.nn.functional.softplus,280,300,200,100,1.0,softplus,poisson,1.0,0.1,64.0,3.0,,,,
2aa56212,5,501,0,0.002,0.0,128,5,torch.nn.functional.softplus,280,300,200,100,1.0,softplus,poisson,1.0,0.1,64.0,3.0,,,,
da8f2602,2,501,0,0.002,0.0,128,5,torch.nn.functional.softplus,280,300,200,100,1.0,softplus,poisson,1.0,0.1,64.0,3.0,,,,
b7d2bf26,10,501,0,0.002,0.0,128,5,torch.nn.functional.softplus,280,300,200,100,1.0,softplus,poisson,1.0,0.1,64.0,3.0,,,,
0fe475ab,3,501,0,0.002,0.0,128,5,torch.nn.functional.softplus,280,300,200,100,1.0,softplus,poisson,1.0,0.1,64.0,3.0,,,,
eb097913,64,501,0,0.002,0.0,128,5,torch.nn.functional.softplus,280,300,200,100,1.0,softplus,poisson,1.0,0.1,64.0,3.0,,,,
b9fbcb3c,32,501,0,0.002,0.0,128,5,torch.nn.functional.softplus,280,300,200,100,1.0,softplus,poisson,1.0,0.1,64.0,3.0,,,,
2aa56212,5,501,0,0.002,0.0,128,5,torch.nn.functional.softplus,280,300,200,100,1.0,softplus,poisson,1.0,0.1,64.0,3.0,,,,
da8f2602,2,501,0,0.002,0.0,128,5,torch.nn.functional.softplus,280,300,200,100,1.0,softplus,poisson,1.0,0.1,64.0,3.0,,,,
05629e85,5,500,0,0.002,0.0,128,5,torch.nn.functional.softplus,200,300,200,100,1.0,softplus,poisson,1.0,0.1,64.0,3.0,0.997940182685852,0.9910956621170044,0.2256171554327011,0.9992566108703613
1b54eea3,10,500,0,0.002,0.0,128,5,torch.nn.functional.softplus,200,300,200,100,1.0,softplus,poisson,1.0,0.1,64.0,3.0,0.996345579624176,0.9934326410293579,0.226193368434906,0.9990366697311401
3d1d193b,3,500,0,0.002,0.0,128,5,torch.nn.functional.softplus,200,300,200,100,1.0,softplus,poisson,1.0,0.1,64.0,3.0,0.9953749775886536,0.9842768311500549,0.22414404153823853,1.0
53e5282d,32,500,0,0.002,0.0,128,5,torch.nn.functional.softplus,200,300,200,100,1.0,softplus,poisson,1.0,0.1,64.0,3.0,0.9589678049087524,0.993561327457428,0.2265160232782364,0.9647696614265442
15c2274e,2,500,0,0.002,0.0,128,5,torch.nn.functional.softplus,200,300,200,100,1.0,softplus,poisson,1.0,0.1,64.0,3.0,0.9974851608276367,0.968234121799469,0.22143004834651947,1.0
775d50d9,64,500,0,0.002,0.0,128,5,torch.nn.functional.softplus,200,300,200,100,1.0,softplus,poisson,1.0,0.1,64.0,3.0,0.8842461109161377,0.9914581179618835,0.22624772787094116,0.8789910674095154
1b54eea3,10,500,0,0.002,0.0,128,5,torch.nn.functional.softplus,200,300,200,100,1.0,softplus,poisson,1.0,0.1,64.0,3.0,0.996345579624176,0.9934326410293579,0.226193368434906,0.9990366697311401
15c2274e,2,500,0,0.002,0.0,128,5,torch.nn.functional.softplus,200,300,200,100,1.0,softplus,poisson,1.0,0.1,64.0,3.0,0.9974851608276367,0.968234121799469,0.22143004834651947,1.0
53e5282d,32,500,0,0.002,0.0,128,5,torch.nn.functional.softplus,200,300,200,100,1.0,softplus,poisson,1.0,0.1,64.0,3.0,0.9589678049087524,0.993561327457428,0.2265160232782364,0.9647696614265442
05629e85,5,500,0,0.002,0.0,128,5,torch.nn.functional.softplus,200,300,200,100,1.0,softplus,poisson,1.0,0.1,64.0,3.0,0.997940182685852,0.9910956621170044,0.2256171554327011,0.9992566108703613
3d1d193b,3,500,0,0.002,0.0,128,5,torch.nn.functional.softplus,200,300,200,100,1.0,softplus,poisson,1.0,0.1,64.0,3.0,0.9953749775886536,0.9842768311500549,0.22414404153823853,1.0
775d50d9,64,500,0,0.002,0.0,128,5,torch.nn.functional.softplus,200,300,200,100,1.0,softplus,poisson,1.0,0.1,64.0,3.0,0.8842461109161377,0.9914581179618835,0.22624772787094116,0.8789910674095154
27e32749,2,501,0,0.002,0.0,128,5,torch.nn.functional.softplus,200,300,200,100,1.0,softplus,poisson,1.0,0.1,64.0,3.0,0.9974329471588135,0.9678521752357483,0.2214219719171524,1.0
27e32749,2,501,0,0.002,0.0,128,5,torch.nn.functional.softplus,200,300,200,100,1.0,softplus,poisson,1.0,0.1,64.0,3.0,0.9974329471588135,0.9678521752357483,0.2214219719171524,1.0
8e24d1b7,3,501,0,0.002,0.0,128,5,torch.nn.functional.softplus,200,300,200,100,1.0,softplus,poisson,1.0,0.1,64.0,3.0,0.9948750138282776,0.9831135272979736,0.22396960854530334,1.0
8e24d1b7,3,501,0,0.002,0.0,128,5,torch.nn.functional.softplus,200,300,200,100,1.0,softplus,poisson,1.0,0.1,64.0,3.0,0.9948750138282776,0.9831135272979736,0.22396960854530334,1.0
dfc6f6f1,5,501,0,0.002,0.0,128,5,torch.nn.functional.softplus,200,300,200,100,1.0,softplus,poisson,1.0,0.1,64.0,3.0,0.9980859160423279,0.9905696511268616,0.22554323077201843,0.9992741942405701
dfc6f6f1,5,501,0,0.002,0.0,128,5,torch.nn.functional.softplus,200,300,200,100,1.0,softplus,poisson,1.0,0.1,64.0,3.0,0.9980859160423279,0.9905696511268616,0.22554323077201843,0.9992741942405701
91034b05,32,501,0,0.002,0.0,128,5,torch.nn.functional.softplus,200,300,200,100,1.0,softplus,poisson,1.0,0.1,64.0,3.0,0.9585344791412354,0.9938762187957764,0.22655603289604187,0.9463843703269958
86d7b039,10,501,0,0.002,0.0,128,5,torch.nn.functional.softplus,200,300,200,100,1.0,softplus,poisson,1.0,0.1,64.0,3.0,0.9963696002960205,0.9936721920967102,0.22625401616096497,0.999020516872406
91034b05,32,501,0,0.002,0.0,128,5,torch.nn.functional.softplus,200,300,200,100,1.0,softplus,poisson,1.0,0.1,64.0,3.0,0.9585344791412354,0.9938762187957764,0.22655603289604187,0.9463843703269958
86d7b039,10,501,0,0.002,0.0,128,5,torch.nn.functional.softplus,200,300,200,100,1.0,softplus,poisson,1.0,0.1,64.0,3.0,0.9963696002960205,0.9936721920967102,0.22625401616096497,0.999020516872406
25a0ba63,64,501,0,0.002,0.0,128,5,torch.nn.functional.softplus,200,300,200,100,1.0,softplus,poisson,1.0,0.1,64.0,3.0,0.8858587145805359,0.9916051626205444,0.2262619286775589,0.8811394572257996
25a0ba63,64,501,0,0.002,0.0,128,5,torch.nn.functional.softplus,200,300,200,100,1.0,softplus,poisson,1.0,0.1,64.0,3.0,0.8858587145805359,0.9916051626205444,0.2262619286775589,0.8811394572257996
dad1868e,32,500,0,0.002,0.0,128,5,torch.nn.functional.softplus,200,300,200,100,1.0,softplus,poisson,1.0,0.05,128.0,3.0,0.9756420850753784,0.9939014315605164,0.22660250961780548,0.9906249642372131
fbf8412f,10,500,0,0.002,0.0,128,5,torch.nn.functional.softplus,200,300,200,100,1.0,softplus,poisson,1.0,0.05,128.0,3.0,0.997093141078949,0.9948998689651489,0.2265639305114746,0.9990353584289551
cf88fd13,3,500,0,0.002,0.0,128,5,torch.nn.functional.softplus,200,300,200,100,1.0,softplus,poisson,1.0,0.05,128.0,3.0,0.9940274357795715,0.9753738641738892,0.22228996455669403,1.0
d2134b59,2,500,0,0.002,0.0,128,5,torch.nn.functional.softplus,200,300,200,100,1.0,softplus,poisson,1.0,0.05,128.0,3.0,0.9970464110374451,0.9678466320037842,0.2213325947523117,1.0
58f98661,5,500,0,0.002,0.0,128,5,torch.nn.functional.softplus,200,300,200,100,1.0,softplus,poisson,1.0,0.05,128.0,3.0,0.9984553456306458,0.9904471039772034,0.2254486382007599,0.9986592531204224
dad1868e,32,500,0,0.002,0.0,128,5,torch.nn.functional.softplus,200,300,200,100,1.0,softplus,poisson,1.0,0.05,128.0,3.0,0.9756420850753784,0.9939014315605164,0.22660250961780548,0.9906249642372131
cf88fd13,3,500,0,0.002,0.0,128,5,torch.nn.functional.softplus,200,300,200,100,1.0,softplus,poisson,1.0,0.05,128.0,3.0,0.9940274357795715,0.9753738641738892,0.22228996455669403,1.0
58f98661,5,500,0,0.002,0.0,128,5,torch.nn.functional.softplus,200,300,200,100,1.0,softplus,poisson,1.0,0.05,128.0,3.0,0.9984553456306458,0.9904471039772034,0.2254486382007599,0.9986592531204224
d2134b59,2,500,0,0.002,0.0,128,5,torch.nn.functional.softplus,200,300,200,100,1.0,softplus,poisson,1.0,0.05,128.0,3.0,0.9970464110374451,0.9678466320037842,0.2213325947523117,1.0
fbf8412f,10,500,0,0.002,0.0,128,5,torch.nn.functional.softplus,200,300,200,100,1.0,softplus,poisson,1.0,0.05,128.0,3.0,0.997093141078949,0.9948998689651489,0.2265639305114746,0.9990353584289551
2b764c8f,64,500,0,0.002,0.0,128,5,torch.nn.functional.softplus,200,300,200,100,1.0,softplus,poisson,1.0,0.05,128.0,3.0,0.8797339200973511,0.9918853640556335,0.2262696474790573,0.9430374503135681
2b764c8f,64,500,0,0.002,0.0,128,5,torch.nn.functional.softplus,200,300,200,100,1.0,softplus,poisson,1.0,0.05,128.0,3.0,0.8797339200973511,0.9918853640556335,0.2262696474790573,0.9430374503135681
f72b5ec1,2,500,0,0.002,0.0,128,5,,200,300,200,100,1.0,softplus,poisson,1.0,0.05,128.0,3.0,0.9970561265945435,0.9678436517715454,0.22133313119411469,1.0
f72b5ec1,2,500,0,0.002,0.0,128,5,,200,300,200,100,1.0,softplus,poisson,1.0,0.05,128.0,3.0,0.9970561265945435,0.9678436517715454,0.22133313119411469,1.0
f3135e0e,3,500,0,0.002,0.0,128,5,,200,300,200,100,1.0,softplus,poisson,1.0,0.05,128.0,3.0,0.9942939877510071,0.9753749370574951,0.2222897857427597,1.0
f3135e0e,3,500,0,0.002,0.0,128,5,,200,300,200,100,1.0,softplus,poisson,1.0,0.05,128.0,3.0,0.9942939877510071,0.9753749370574951,0.2222897857427597,1.0
f7735c9f,5,500,0,0.002,0.0,128,5,,200,300,200,100,1.0,softplus,poisson,1.0,0.05,128.0,3.0,0.9984709024429321,0.9904463887214661,0.2254486382007599,0.9986588358879089
f7735c9f,5,500,0,0.002,0.0,128,5,,200,300,200,100,1.0,softplus,poisson,1.0,0.05,128.0,3.0,0.9984709024429321,0.9904463887214661,0.2254486382007599,0.9986588358879089
19f3a445,10,500,0,0.002,0.0,128,5,,200,300,200,100,1.0,softplus,poisson,1.0,0.05,128.0,3.0,0.9970906376838684,0.9949016571044922,0.2265658974647522,0.9990306496620178
19f3a445,10,500,0,0.002,0.0,128,5,,200,300,200,100,1.0,softplus,poisson,1.0,0.05,128.0,3.0,0.9970906376838684,0.9949016571044922,0.2265658974647522,0.9990306496620178
7888a8da,32,500,0,0.002,0.0,128,5,,200,300,200,100,1.0,softplus,poisson,1.0,0.05,128.0,3.0,0.9756456613540649,0.993914008140564,0.22660215198993683,0.9906934499740601
ae6ee5a7,64,500,0,0.002,0.0,128,5,,200,300,200,100,1.0,softplus,poisson,1.0,0.05,128.0,3.0,0.8799808621406555,0.9919033050537109,0.2262708842754364,0.9428931474685669
7888a8da,32,500,0,0.002,0.0,128,5,,200,300,200,100,1.0,softplus,poisson,1.0,0.05,128.0,3.0,0.9756456613540649,0.993914008140564,0.22660215198993683,0.9906934499740601
ae6ee5a7,64,500,0,0.002,0.0,128,5,,200,300,200,100,1.0,softplus,poisson,1.0,0.05,128.0,3.0,0.8799808621406555,0.9919033050537109,0.2262708842754364,0.9428931474685669
f9d4a623,2,501,0,0.002,0.0,128,5,torch.nn.functional.softplus,200,300,200,100,1.0,softplus,poisson,1.0,0.05,128.0,3.0,0.9971268773078918,0.9678571224212646,0.22134390473365784,1.0
3dcc0bde,3,501,0,0.002,0.0,128,5,torch.nn.functional.softplus,200,300,200,100,1.0,softplus,poisson,1.0,0.05,128.0,3.0,0.9955072999000549,0.9767736196517944,0.22255124151706696,1.0
f9d4a623,2,501,0,0.002,0.0,128,5,torch.nn.functional.softplus,200,300,200,100,1.0,softplus,poisson,1.0,0.05,128.0,3.0,0.9971268773078918,0.9678571224212646,0.22134390473365784,1.0
3dcc0bde,3,501,0,0.002,0.0,128,5,torch.nn.functional.softplus,200,300,200,100,1.0,softplus,poisson,1.0,0.05,128.0,3.0,0.9955072999000549,0.9767736196517944,0.22255124151706696,1.0
b71b8007,5,501,0,0.002,0.0,128,5,torch.nn.functional.softplus,200,300,200,100,1.0,softplus,poisson,1.0,0.05,128.0,3.0,0.9984570145606995,0.9903308749198914,0.22542299330234528,0.9995356798171997
b71b8007,5,501,0,0.002,0.0,128,5,torch.nn.functional.softplus,200,300,200,100,1.0,softplus,poisson,1.0,0.05,128.0,3.0,0.9984570145606995,0.9903308749198914,0.22542299330234528,0.9995356798171997
d4bbc563,10,501,0,0.002,0.0,128,5,torch.nn.functional.softplus,200,300,200,100,1.0,softplus,poisson,1.0,0.05,128.0,3.0,0.9970272183418274,0.9944872260093689,0.22650130093097687,0.9990391135215759
d4bbc563,10,501,0,0.002,0.0,128,5,torch.nn.functional.softplus,200,300,200,100,1.0,softplus,poisson,1.0,0.05,128.0,3.0,0.9970272183418274,0.9944872260093689,0.22650130093097687,0.9990391135215759
9558aa27,32,501,0,0.002,0.0,128,5,torch.nn.functional.softplus,200,300,200,100,1.0,softplus,poisson,1.0,0.05,128.0,3.0,0.9749911427497864,0.9928735494613647,0.2264052927494049,0.9904763102531433
9558aa27,32,501,0,0.002,0.0,128,5,torch.nn.functional.softplus,200,300,200,100,1.0,softplus,poisson,1.0,0.05,128.0,3.0,0.9749911427497864,0.9928735494613647,0.2264052927494049,0.9904763102531433
c716fa68,64,501,0,0.002,0.0,128,5,torch.nn.functional.softplus,200,300,200,100,1.0,softplus,poisson,1.0,0.05,128.0,3.0,0.8808019757270813,0.9921646118164062,0.226322203874588,0.944242000579834
c716fa68,64,501,0,0.002,0.0,128,5,torch.nn.functional.softplus,200,300,200,100,1.0,softplus,poisson,1.0,0.05,128.0,3.0,0.8808019757270813,0.9921646118164062,0.226322203874588,0.944242000579834
64137f30,2,501,0,0.002,0.0,128,5,,200,300,200,100,1.0,softplus,poisson,1.0,0.05,128.0,3.0,0.997088611125946,0.96784907579422,0.2213430106639862,1.0
64137f30,2,501,0,0.002,0.0,128,5,,200,300,200,100,1.0,softplus,poisson,1.0,0.05,128.0,3.0,0.997088611125946,0.96784907579422,0.2213430106639862,1.0
92985aca,3,501,0,0.002,0.0,128,5,,200,300,200,100,1.0,softplus,poisson,1.0,0.05,128.0,3.0,0.995357871055603,0.976779580116272,0.22255124151706696,1.0
92985aca,3,501,0,0.002,0.0,128,5,,200,300,200,100,1.0,softplus,poisson,1.0,0.05,128.0,3.0,0.995357871055603,0.976779580116272,0.22255124151706696,1.0
3be8590d,5,501,0,0.002,0.0,128,5,,200,300,200,100,1.0,softplus,poisson,1.0,0.05,128.0,3.0,0.9983958601951599,0.9903346300125122,0.22542406618595123,0.9995360970497131
3be8590d,5,501,0,0.002,0.0,128,5,,200,300,200,100,1.0,softplus,poisson,1.0,0.05,128.0,3.0,0.9983958601951599,0.9903346300125122,0.22542406618595123,0.9995360970497131
b9a657d3,32,501,0,0.002,0.0,128,5,,200,300,200,100,1.0,softplus,poisson,1.0,0.05,128.0,3.0,0.9748598337173462,0.9928545951843262,0.22640152275562286,0.9896523952484131
b19a3bbc,10,501,0,0.002,0.0,128,5,,200,300,200,100,1.0,softplus,poisson,1.0,0.05,128.0,3.0,0.996998131275177,0.9944844245910645,0.22650201618671417,0.9990333914756775
b9a657d3,32,501,0,0.002,0.0,128,5,,200,300,200,100,1.0,softplus,poisson,1.0,0.05,128.0,3.0,0.9748598337173462,0.9928545951843262,0.22640152275562286,0.9896523952484131
b19a3bbc,10,501,0,0.002,0.0,128,5,,200,300,200,100,1.0,softplus,poisson,1.0,0.05,128.0,3.0,0.996998131275177,0.9944844245910645,0.22650201618671417,0.9990333914756775
695349be,64,501,0,0.002,0.0,128,5,,200,300,200,100,1.0,softplus,poisson,1.0,0.05,128.0,3.0,0.881068766117096,0.9921422004699707,0.2263152152299881,0.944542407989502
695349be,64,501,0,0.002,0.0,128,5,,200,300,200,100,1.0,softplus,poisson,1.0,0.05,128.0,3.0,0.881068766117096,0.9921422004699707,0.2263152152299881,0.944542407989502
b08fb16f,64,500,0,0.0001,0.0001,128,5,torch.nn.functional.softplus,280,300,280,20,1.0,softplus,poisson,1.0,,,,0.8292465209960938,0.4663735330104828,0.09675879031419754,0.9967514872550964
d4c93c2c,128,500,0,0.0001,0.0001,128,5,torch.nn.functional.softplus,280,300,280,20,1.0,softplus,poisson,1.0,,,,0.7932630777359009,0.5233475565910339,0.10729087889194489,0.9972323179244995
6cd9fb81,256,500,0,0.0001,0.0001,128,5,torch.nn.functional.softplus,280,300,280,20,1.0,softplus,poisson,1.0,,,,0.8046620488166809,0.6606522798538208,0.1398250311613083,0.9948041439056396
9bee8551,32,500,0,0.0001,0.0001,128,5,torch.nn.functional.softplus,280,300,280,20,1.0,softplus,poisson,1.0,,,,0.8806248903274536,0.48938503861427307,0.09979578107595444,0.9980942606925964
141ebfef,512,500,0,0.0001,0.0001,128,5,torch.nn.functional.softplus,280,300,280,20,1.0,softplus,poisson,1.0,,,,0.8298408389091492,0.7093183398246765,0.1505649834871292,0.9993153810501099
99533ba3,32,501,0,0.0001,0.0001,128,5,torch.nn.functional.softplus,280,300,280,20,1.0,softplus,poisson,1.0,,,,0.8901799321174622,0.4923642575740814,0.10042260587215424,0.9980628490447998
b08fb16f,64,500,0,0.0001,0.0001,128,5,torch.nn.functional.softplus,280,300,280,20,1.0,softplus,poisson,1.0,,,,0.8292465209960938,0.4663735330104828,0.09675879031419754,0.9967514872550964
6cd9fb81,256,500,0,0.0001,0.0001,128,5,torch.nn.functional.softplus,280,300,280,20,1.0,softplus,poisson,1.0,,,,0.8046620488166809,0.6606522798538208,0.1398250311613083,0.9948041439056396
9bee8551,32,500,0,0.0001,0.0001,128,5,torch.nn.functional.softplus,280,300,280,20,1.0,softplus,poisson,1.0,,,,0.8806248903274536,0.48938503861427307,0.09979578107595444,0.9980942606925964
141ebfef,512,500,0,0.0001,0.0001,128,5,torch.nn.functional.softplus,280,300,280,20,1.0,softplus,poisson,1.0,,,,0.8298408389091492,0.7093183398246765,0.1505649834871292,0.9993153810501099
d4c93c2c,128,500,0,0.0001,0.0001,128,5,torch.nn.functional.softplus,280,300,280,20,1.0,softplus,poisson,1.0,,,,0.7932630777359009,0.5233475565910339,0.10729087889194489,0.9972323179244995
99533ba3,32,501,0,0.0001,0.0001,128,5,torch.nn.functional.softplus,280,300,280,20,1.0,softplus,poisson,1.0,,,,0.8901799321174622,0.4923642575740814,0.10042260587215424,0.9980628490447998
e2ba8806,64,501,0,0.0001,0.0001,128,5,torch.nn.functional.softplus,280,300,280,20,1.0,softplus,poisson,1.0,,,,0.9121124148368835,0.4173153042793274,0.08255770057439804,0.9971321225166321
2fe1636c,128,501,0,0.0001,0.0001,128,5,torch.nn.functional.softplus,280,300,280,20,1.0,softplus,poisson,1.0,,,,0.8290951251983643,0.44780653715133667,0.08836206048727036,0.9978986382484436
2fe1636c,128,501,0,0.0001,0.0001,128,5,torch.nn.functional.softplus,280,300,280,20,1.0,softplus,poisson,1.0,,,,0.8290951251983643,0.44780653715133667,0.08836206048727036,0.9978986382484436
e2ba8806,64,501,0,0.0001,0.0001,128,5,torch.nn.functional.softplus,280,300,280,20,1.0,softplus,poisson,1.0,,,,0.9121124148368835,0.4173153042793274,0.08255770057439804,0.9971321225166321
c89d03ff,256,501,0,0.0001,0.0001,128,5,torch.nn.functional.softplus,280,300,280,20,1.0,softplus,poisson,1.0,,,,0.7745296955108643,0.4574730396270752,0.09342078119516373,0.9977529644966125
c89d03ff,256,501,0,0.0001,0.0001,128,5,torch.nn.functional.softplus,280,300,280,20,1.0,softplus,poisson,1.0,,,,0.7745296955108643,0.4574730396270752,0.09342078119516373,0.9977529644966125
1c2b2641,512,501,0,0.0001,0.0001,128,5,torch.nn.functional.softplus,280,300,280,20,1.0,softplus,poisson,1.0,,,,0.8365561962127686,0.5375609397888184,0.10963660478591919,0.9993197917938232
1c2b2641,512,501,0,0.0001,0.0001,128,5,torch.nn.functional.softplus,280,300,280,20,1.0,softplus,poisson,1.0,,,,0.8365561962127686,0.5375609397888184,0.10963660478591919,0.9993197917938232
60d37760,5,500,0,0.002,0.0,128,5,torch.nn.functional.softplus,280,300,280,20,1.0,softplus,poisson,1.0,0.05,128.0,3.0,0.9983736276626587,0.9899305701255798,0.22525331377983093,0.9989718794822693
833b4a48,32,500,0,0.002,0.0,128,5,torch.nn.functional.softplus,280,300,280,20,1.0,softplus,poisson,1.0,0.05,128.0,3.0,0.9751358032226562,0.994117021560669,0.22648577392101288,0.9836282730102539
8e46ce51,2,500,0,0.002,0.0,128,5,torch.nn.functional.softplus,280,300,280,20,1.0,softplus,poisson,1.0,0.05,128.0,3.0,0.9977766871452332,0.9686850905418396,0.221357062458992,1.0
de05d2bf,3,500,0,0.002,0.0,128,5,torch.nn.functional.softplus,280,300,280,20,1.0,softplus,poisson,1.0,0.05,128.0,3.0,0.9985772371292114,0.9796417951583862,0.22304221987724304,1.0
e7d7f51c,10,500,0,0.002,0.0,128,5,torch.nn.functional.softplus,280,300,280,20,1.0,softplus,poisson,1.0,0.05,128.0,3.0,0.9973187446594238,0.9938628673553467,0.22625456750392914,0.9992150068283081
8e46ce51,2,500,0,0.002,0.0,128,5,torch.nn.functional.softplus,280,300,280,20,1.0,softplus,poisson,1.0,0.05,128.0,3.0,0.9977766871452332,0.9686850905418396,0.221357062458992,1.0
60d37760,5,500,0,0.002,0.0,128,5,torch.nn.functional.softplus,280,300,280,20,1.0,softplus,poisson,1.0,0.05,128.0,3.0,0.9983736276626587,0.9899305701255798,0.22525331377983093,0.9989718794822693
e7d7f51c,10,500,0,0.002,0.0,128,5,torch.nn.functional.softplus,280,300,280,20,1.0,softplus,poisson,1.0,0.05,128.0,3.0,0.9973187446594238,0.9938628673553467,0.22625456750392914,0.9992150068283081
de05d2bf,3,500,0,0.002,0.0,128,5,torch.nn.functional.softplus,280,300,280,20,1.0,softplus,poisson,1.0,0.05,128.0,3.0,0.9985772371292114,0.9796417951583862,0.22304221987724304,1.0
833b4a48,32,500,0,0.002,0.0,128,5,torch.nn.functional.softplus,280,300,280,20,1.0,softplus,poisson,1.0,0.05,128.0,3.0,0.9751358032226562,0.994117021560669,0.22648577392101288,0.9836282730102539
1427d2f3,64,500,0,0.002,0.0,128,5,torch.nn.functional.softplus,280,300,280,20,1.0,softplus,poisson,1.0,0.05,128.0,3.0,0.8594866991043091,0.9915620684623718,0.22607220709323883,0.911969780921936
1427d2f3,64,500,0,0.002,0.0,128,5,torch.nn.functional.softplus,280,300,280,20,1.0,softplus,poisson,1.0,0.05,128.0,3.0,0.8594866991043091,0.9915620684623718,0.22607220709323883,0.911969780921936
332f2ac9,2,500,0,0.002,0.0,128,5,,280,300,280,20,1.0,softplus,poisson,1.0,0.05,128.0,3.0,0.9976608157157898,0.9686790108680725,0.22135670483112335,1.0
332f2ac9,2,500,0,0.002,0.0,128,5,,280,300,280,20,1.0,softplus,poisson,1.0,0.05,128.0,3.0,0.9976608157157898,0.9686790108680725,0.22135670483112335,1.0
ba82a6d1,3,500,0,0.002,0.0,128,5,,280,300,280,20,1.0,softplus,poisson,1.0,0.05,128.0,3.0,0.9985552430152893,0.9796425700187683,0.22304238379001617,1.0
ba82a6d1,3,500,0,0.002,0.0,128,5,,280,300,280,20,1.0,softplus,poisson,1.0,0.05,128.0,3.0,0.9985552430152893,0.9796425700187683,0.22304238379001617,1.0
4538ffaf,5,500,0,0.002,0.0,128,5,,280,300,280,20,1.0,softplus,poisson,1.0,0.05,128.0,3.0,0.9983782172203064,0.9899306297302246,0.22525474429130554,0.9989711046218872
78234dfb,10,500,0,0.002,0.0,128,5,,280,300,280,20,1.0,softplus,poisson,1.0,0.05,128.0,3.0,0.9972668886184692,0.9938620328903198,0.226254403591156,0.9992140531539917
4538ffaf,5,500,0,0.002,0.0,128,5,,280,300,280,20,1.0,softplus,poisson,1.0,0.05,128.0,3.0,0.9983782172203064,0.9899306297302246,0.22525474429130554,0.9989711046218872
78234dfb,10,500,0,0.002,0.0,128,5,,280,300,280,20,1.0,softplus,poisson,1.0,0.05,128.0,3.0,0.9972668886184692,0.9938620328903198,0.226254403591156,0.9992140531539917
0c340819,32,500,0,0.002,0.0,128,5,,280,300,280,20,1.0,softplus,poisson,1.0,0.05,128.0,3.0,0.9750730395317078,0.9940974712371826,0.2264832705259323,0.9836379289627075
0c340819,32,500,0,0.002,0.0,128,5,,280,300,280,20,1.0,softplus,poisson,1.0,0.05,128.0,3.0,0.9750730395317078,0.9940974712371826,0.2264832705259323,0.9836379289627075
f1f50dbb,64,500,0,0.002,0.0,128,5,,280,300,280,20,1.0,softplus,poisson,1.0,0.05,128.0,3.0,0.8593476414680481,0.9915709495544434,0.22607776522636414,0.9120347499847412
f1f50dbb,64,500,0,0.002,0.0,128,5,,280,300,280,20,1.0,softplus,poisson,1.0,0.05,128.0,3.0,0.8593476414680481,0.9915709495544434,0.22607776522636414,0.9120347499847412
f3657ba0,2,501,0,0.002,0.0,128,5,torch.nn.functional.softplus,280,300,280,20,1.0,softplus,poisson,1.0,0.05,128.0,3.0,0.9974672198295593,0.9681687355041504,0.2213181108236313,1.0
f3657ba0,2,501,0,0.002,0.0,128,5,torch.nn.functional.softplus,280,300,280,20,1.0,softplus,poisson,1.0,0.05,128.0,3.0,0.9974672198295593,0.9681687355041504,0.2213181108236313,1.0
ea333e5e,3,501,0,0.002,0.0,128,5,torch.nn.functional.softplus,280,300,280,20,1.0,softplus,poisson,1.0,0.05,128.0,3.0,0.9985013008117676,0.9793704748153687,0.2230350375175476,1.0
ea333e5e,3,501,0,0.002,0.0,128,5,torch.nn.functional.softplus,280,300,280,20,1.0,softplus,poisson,1.0,0.05,128.0,3.0,0.9985013008117676,0.9793704748153687,0.2230350375175476,1.0
a83d6aff,5,501,0,0.002,0.0,128,5,torch.nn.functional.softplus,280,300,280,20,1.0,softplus,poisson,1.0,0.05,128.0,3.0,0.9983240365982056,0.9899370670318604,0.2252759486436844,0.9989279508590698
a83d6aff,5,501,0,0.002,0.0,128,5,torch.nn.functional.softplus,280,300,280,20,1.0,softplus,poisson,1.0,0.05,128.0,3.0,0.9983240365982056,0.9899370670318604,0.2252759486436844,0.9989279508590698
9b54d561,10,501,0,0.002,0.0,128,5,torch.nn.functional.softplus,280,300,280,20,1.0,softplus,poisson,1.0,0.05,128.0,3.0,0.9971689581871033,0.9935532212257385,0.2261718213558197,0.99925297498703
9b54d561,10,501,0,0.002,0.0,128,5,torch.nn.functional.softplus,280,300,280,20,1.0,softplus,poisson,1.0,0.05,128.0,3.0,0.9971689581871033,0.9935532212257385,0.2261718213558197,0.99925297498703
490f3ad0,32,501,0,0.002,0.0,128,5,torch.nn.functional.softplus,280,300,280,20,1.0,softplus,poisson,1.0,0.05,128.0,3.0,0.9751394391059875,0.9943105578422546,0.22651144862174988,0.98335862159729
490f3ad0,32,501,0,0.002,0.0,128,5,torch.nn.functional.softplus,280,300,280,20,1.0,softplus,poisson,1.0,0.05,128.0,3.0,0.9751394391059875,0.9943105578422546,0.22651144862174988,0.98335862159729
ace7ed32,64,501,0,0.002,0.0,128,5,torch.nn.functional.softplus,280,300,280,20,1.0,softplus,poisson,1.0,0.05,128.0,3.0,0.8575537800788879,0.992033064365387,0.22615531086921692,0.9104511737823486
ace7ed32,64,501,0,0.002,0.0,128,5,torch.nn.functional.softplus,280,300,280,20,1.0,softplus,poisson,1.0,0.05,128.0,3.0,0.8575537800788879,0.992033064365387,0.22615531086921692,0.9104511737823486
a8626884,2,501,0,0.002,0.0,128,5,,280,300,280,20,1.0,softplus,poisson,1.0,0.05,128.0,3.0,0.9975282549858093,0.9681670069694519,0.22131720185279846,1.0
a8626884,2,501,0,0.002,0.0,128,5,,280,300,280,20,1.0,softplus,poisson,1.0,0.05,128.0,3.0,0.9975282549858093,0.9681670069694519,0.22131720185279846,1.0
8558d258,3,501,0,0.002,0.0,128,5,,280,300,280,20,1.0,softplus,poisson,1.0,0.05,128.0,3.0,0.998496949672699,0.9793700575828552,0.22303161025047302,1.0
8558d258,3,501,0,0.002,0.0,128,5,,280,300,280,20,1.0,softplus,poisson,1.0,0.05,128.0,3.0,0.998496949672699,0.9793700575828552,0.22303161025047302,1.0
36b458f6,5,501,0,0.002,0.0,128,5,,280,300,280,20,1.0,softplus,poisson,1.0,0.05,128.0,3.0,0.9983379244804382,0.9899415373802185,0.22527702152729034,0.9989299774169922
36b458f6,5,501,0,0.002,0.0,128,5,,280,300,280,20,1.0,softplus,poisson,1.0,0.05,128.0,3.0,0.9983379244804382,0.9899415373802185,0.22527702152729034,0.9989299774169922
57505e5a,10,501,0,0.002,0.0,128,5,,280,300,280,20,1.0,softplus,poisson,1.0,0.05,128.0,3.0,0.9972436428070068,0.9935518503189087,0.2261739820241928,0.999247670173645
57505e5a,10,501,0,0.002,0.0,128,5,,280,300,280,20,1.0,softplus,poisson,1.0,0.05,128.0,3.0,0.9972436428070068,0.9935518503189087,0.2261739820241928,0.999247670173645
a4b6b8ca,32,501,0,0.002,0.0,128,5,,280,300,280,20,1.0,softplus,poisson,1.0,0.05,128.0,3.0,0.9752342700958252,0.9943188428878784,0.22650983929634094,0.9834146499633789
a4b6b8ca,32,501,0,0.002,0.0,128,5,,280,300,280,20,1.0,softplus,poisson,1.0,0.05,128.0,3.0,0.9752342700958252,0.9943188428878784,0.22650983929634094,0.9834146499633789
2e978976,64,501,0,0.002,0.0,128,5,,280,300,280,20,1.0,softplus,poisson,1.0,0.05,128.0,3.0,0.8577032685279846,0.9920700788497925,0.22616249322891235,0.9103133082389832
2e978976,64,501,0,0.002,0.0,128,5,,280,300,280,20,1.0,softplus,poisson,1.0,0.05,128.0,3.0,0.8577032685279846,0.9920700788497925,0.22616249322891235,0.9103133082389832
