hashname,model,20250412_PC_gNODE_sweep_latent_size,_max_epochs,_seed,_lr,_weight_decay,_encoder_size,_file_index,_vf_hidden_size,_vf_num_layers,_output_nonlinearity,_heldin_size,_heldout_size,_alpha,_n_heldin,_n_heldout,_fr_scaling,_rect_func,_obs_noise,_dispersion,state_r2,rate_r2,co-bps,cycle_con
35c1a647,gnode,32,500,0,0.002,0.0,128,10,64.0,3.0,torch.nn.functional.softplus,200,300,0.1,200,100,1.0,softplus,poisson,1.0,0.874178409576416,0.9977057576179504,0.2804201245307922,0.9101433157920836
42f0c8e5,gnode,10,500,0,0.002,0.0,128,10,64.0,3.0,torch.nn.functional.softplus,200,300,0.1,200,100,1.0,softplus,poisson,1.0,0.965947151184082,0.9992822408676147,0.2807939648628235,0.9987382888793944
f5bb38d1,gnode,64,500,0,0.002,0.0,128,10,64.0,3.0,torch.nn.functional.softplus,200,300,0.1,200,100,1.0,softplus,poisson,1.0,0.7174471020698547,0.9955800771713256,0.2802580595016479,0.8281390070915222
c13a73bf,gnode,2,500,0,0.002,0.0,128,10,64.0,3.0,torch.nn.functional.softplus,200,300,0.1,200,100,1.0,softplus,poisson,1.0,0.9727010726928712,0.9986652731895448,0.2806069552898407,1.0
7f66f908,gnode,3,500,0,0.002,0.0,128,10,64.0,3.0,torch.nn.functional.softplus,200,300,0.1,200,100,1.0,softplus,poisson,1.0,0.9708947539329528,0.9995175004005432,0.2808253467082977,0.9999578595161438
2ebdff45,gnode,5,500,0,0.002,0.0,128,10,64.0,3.0,torch.nn.functional.softplus,200,300,0.1,200,100,1.0,softplus,poisson,1.0,0.967900276184082,0.9994524717330932,0.2808143496513366,0.99980491399765
7f66f908,gnode,3,500,0,0.002,0.0,128,10,64.0,3.0,torch.nn.functional.softplus,200,300,0.1,200,100,1.0,softplus,poisson,1.0,0.9708947539329528,0.9995175004005432,0.2808253467082977,0.9999578595161438
c13a73bf,gnode,2,500,0,0.002,0.0,128,10,64.0,3.0,torch.nn.functional.softplus,200,300,0.1,200,100,1.0,softplus,poisson,1.0,0.9727010726928712,0.9986652731895448,0.2806069552898407,1.0
35c1a647,gnode,32,500,0,0.002,0.0,128,10,64.0,3.0,torch.nn.functional.softplus,200,300,0.1,200,100,1.0,softplus,poisson,1.0,0.874178409576416,0.9977057576179504,0.2804201245307922,0.9101433157920836
2ebdff45,gnode,5,500,0,0.002,0.0,128,10,64.0,3.0,torch.nn.functional.softplus,200,300,0.1,200,100,1.0,softplus,poisson,1.0,0.967900276184082,0.9994524717330932,0.2808143496513366,0.99980491399765
42f0c8e5,gnode,10,500,0,0.002,0.0,128,10,64.0,3.0,torch.nn.functional.softplus,200,300,0.1,200,100,1.0,softplus,poisson,1.0,0.965947151184082,0.9992822408676147,0.2807939648628235,0.9987382888793944
f5bb38d1,gnode,64,500,0,0.002,0.0,128,10,64.0,3.0,torch.nn.functional.softplus,200,300,0.1,200,100,1.0,softplus,poisson,1.0,0.7174471020698547,0.9955800771713256,0.2802580595016479,0.8281390070915222
d7c4a37a,gnode,3,501,0,0.002,0.0,128,10,64.0,3.0,torch.nn.functional.softplus,200,300,0.1,200,100,1.0,softplus,poisson,1.0,0.970471739768982,0.9996140003204346,0.2808290421962738,0.9999590516090392
6f68cc36,gnode,2,501,0,0.002,0.0,128,10,64.0,3.0,torch.nn.functional.softplus,200,300,0.1,200,100,1.0,softplus,poisson,1.0,0.9716961979866028,0.9996502995491028,0.2808380722999573,1.0
6f68cc36,gnode,2,501,0,0.002,0.0,128,10,64.0,3.0,torch.nn.functional.softplus,200,300,0.1,200,100,1.0,softplus,poisson,1.0,0.9716961979866028,0.9996502995491028,0.2808380722999573,1.0
d7c4a37a,gnode,3,501,0,0.002,0.0,128,10,64.0,3.0,torch.nn.functional.softplus,200,300,0.1,200,100,1.0,softplus,poisson,1.0,0.970471739768982,0.9996140003204346,0.2808290421962738,0.9999590516090392
b60b4f6a,gnode,5,501,0,0.002,0.0,128,10,64.0,3.0,torch.nn.functional.softplus,200,300,0.1,200,100,1.0,softplus,poisson,1.0,0.9700748324394226,0.9990338683128356,0.2806776165962219,0.9997854828834534
b60b4f6a,gnode,5,501,0,0.002,0.0,128,10,64.0,3.0,torch.nn.functional.softplus,200,300,0.1,200,100,1.0,softplus,poisson,1.0,0.9700748324394226,0.9990338683128356,0.2806776165962219,0.9997854828834534
873d8290,gnode,10,501,0,0.002,0.0,128,10,64.0,3.0,torch.nn.functional.softplus,200,300,0.1,200,100,1.0,softplus,poisson,1.0,0.9660188555717468,0.9987018704414368,0.2806769013404846,0.998714804649353
873d8290,gnode,10,501,0,0.002,0.0,128,10,64.0,3.0,torch.nn.functional.softplus,200,300,0.1,200,100,1.0,softplus,poisson,1.0,0.9660188555717468,0.9987018704414368,0.2806769013404846,0.998714804649353
447dc50b,gnode,32,501,0,0.002,0.0,128,10,64.0,3.0,torch.nn.functional.softplus,200,300,0.1,200,100,1.0,softplus,poisson,1.0,0.8772491216659546,0.9976436495780944,0.280406653881073,0.9115413427352904
447dc50b,gnode,32,501,0,0.002,0.0,128,10,64.0,3.0,torch.nn.functional.softplus,200,300,0.1,200,100,1.0,softplus,poisson,1.0,0.8772491216659546,0.9976436495780944,0.280406653881073,0.9115413427352904
f492a5f4,gnode,64,501,0,0.002,0.0,128,10,64.0,3.0,torch.nn.functional.softplus,200,300,0.1,200,100,1.0,softplus,poisson,1.0,0.7221543192863464,0.9952961206436156,0.2801245450973511,0.8313514590263367
f492a5f4,gnode,64,501,0,0.002,0.0,128,10,64.0,3.0,torch.nn.functional.softplus,200,300,0.1,200,100,1.0,softplus,poisson,1.0,0.7221543192863464,0.9952961206436156,0.2801245450973511,0.8313514590263367
95b6b39c,node,32,500,0,0.002,0.0,128,10,128.0,3.0,torch.nn.functional.softplus,280,300,0.05,280,20,1.0,softplus,poisson,1.0,0.909770369529724,0.998094916343689,0.2809344232082367,0.9698834419250488
04a67a9f,node,5,500,0,0.002,0.0,128,10,128.0,3.0,torch.nn.functional.softplus,280,300,0.05,280,20,1.0,softplus,poisson,1.0,0.9675338268280028,0.9996512532234192,0.2812931835651397,0.9998720288276672
ceb58bd8,node,2,500,0,0.002,0.0,128,10,128.0,3.0,torch.nn.functional.softplus,280,300,0.05,280,20,1.0,softplus,poisson,1.0,0.9710193872451782,0.999415397644043,0.2811979055404663,1.0
62b9e2e9,node,3,500,0,0.002,0.0,128,10,128.0,3.0,torch.nn.functional.softplus,280,300,0.05,280,20,1.0,softplus,poisson,1.0,0.969334840774536,0.9995056986808776,0.2812627255916595,0.9999741911888124
5a384b98,node,10,500,0,0.002,0.0,128,10,128.0,3.0,torch.nn.functional.softplus,280,300,0.05,280,20,1.0,softplus,poisson,1.0,0.9650743007659912,0.9993535876274108,0.2812388241291046,0.9990869164466858
ceb58bd8,node,2,500,0,0.002,0.0,128,10,128.0,3.0,torch.nn.functional.softplus,280,300,0.05,280,20,1.0,softplus,poisson,1.0,0.9710193872451782,0.999415397644043,0.2811979055404663,1.0
95b6b39c,node,32,500,0,0.002,0.0,128,10,128.0,3.0,torch.nn.functional.softplus,280,300,0.05,280,20,1.0,softplus,poisson,1.0,0.909770369529724,0.998094916343689,0.2809344232082367,0.9698834419250488
04a67a9f,node,5,500,0,0.002,0.0,128,10,128.0,3.0,torch.nn.functional.softplus,280,300,0.05,280,20,1.0,softplus,poisson,1.0,0.9675338268280028,0.9996512532234192,0.2812931835651397,0.9998720288276672
62b9e2e9,node,3,500,0,0.002,0.0,128,10,128.0,3.0,torch.nn.functional.softplus,280,300,0.05,280,20,1.0,softplus,poisson,1.0,0.969334840774536,0.9995056986808776,0.2812627255916595,0.9999741911888124
5a384b98,node,10,500,0,0.002,0.0,128,10,128.0,3.0,torch.nn.functional.softplus,280,300,0.05,280,20,1.0,softplus,poisson,1.0,0.9650743007659912,0.9993535876274108,0.2812388241291046,0.9990869164466858
5affcbc0,node,64,500,0,0.002,0.0,128,10,128.0,3.0,torch.nn.functional.softplus,280,300,0.05,280,20,1.0,softplus,poisson,1.0,0.7456220984458923,0.9952282309532166,0.2800605893135071,0.8815239667892456
5affcbc0,node,64,500,0,0.002,0.0,128,10,128.0,3.0,torch.nn.functional.softplus,280,300,0.05,280,20,1.0,softplus,poisson,1.0,0.7456220984458923,0.9952282309532166,0.2800605893135071,0.8815239667892456
309eb94c,node,2,500,0,0.002,0.0,128,10,128.0,3.0,,280,300,0.05,280,20,1.0,softplus,poisson,1.0,0.9710202217102052,0.9994168281555176,0.2811991572380066,1.0
309eb94c,node,2,500,0,0.002,0.0,128,10,128.0,3.0,,280,300,0.05,280,20,1.0,softplus,poisson,1.0,0.9710202217102052,0.9994168281555176,0.2811991572380066,1.0
6d63ae4a,node,3,500,0,0.002,0.0,128,10,128.0,3.0,,280,300,0.05,280,20,1.0,softplus,poisson,1.0,0.9693389534950256,0.9995067119598388,0.2812621891498565,0.9999746084213256
6d63ae4a,node,3,500,0,0.002,0.0,128,10,128.0,3.0,,280,300,0.05,280,20,1.0,softplus,poisson,1.0,0.9693389534950256,0.9995067119598388,0.2812621891498565,0.9999746084213256
d845f25f,node,5,500,0,0.002,0.0,128,10,128.0,3.0,,280,300,0.05,280,20,1.0,softplus,poisson,1.0,0.967535138130188,0.9996515512466432,0.2812935411930084,0.9998707175254822
e69cba41,node,10,500,0,0.002,0.0,128,10,128.0,3.0,,280,300,0.05,280,20,1.0,softplus,poisson,1.0,0.9650834202766418,0.999354362487793,0.2812391519546509,0.999089539051056
e69cba41,node,10,500,0,0.002,0.0,128,10,128.0,3.0,,280,300,0.05,280,20,1.0,softplus,poisson,1.0,0.9650834202766418,0.999354362487793,0.2812391519546509,0.999089539051056
d845f25f,node,5,500,0,0.002,0.0,128,10,128.0,3.0,,280,300,0.05,280,20,1.0,softplus,poisson,1.0,0.967535138130188,0.9996515512466432,0.2812935411930084,0.9998707175254822
becc9a62,node,32,500,0,0.002,0.0,128,10,128.0,3.0,,280,300,0.05,280,20,1.0,softplus,poisson,1.0,0.9095261693000792,0.9980675578117372,0.28091761469841,0.9698129892349244
2ac77f90,node,64,500,0,0.002,0.0,128,10,128.0,3.0,,280,300,0.05,280,20,1.0,softplus,poisson,1.0,0.7462629079818726,0.995250642299652,0.2800574004650116,0.881373941898346
8f69cfdc,node,2,501,0,0.002,0.0,128,10,128.0,3.0,torch.nn.functional.softplus,280,300,0.05,280,20,1.0,softplus,poisson,1.0,0.9695601463317872,0.9996899962425232,0.2812837958335876,1.0
becc9a62,node,32,500,0,0.002,0.0,128,10,128.0,3.0,,280,300,0.05,280,20,1.0,softplus,poisson,1.0,0.9095261693000792,0.9980675578117372,0.28091761469841,0.9698129892349244
2ac77f90,node,64,500,0,0.002,0.0,128,10,128.0,3.0,,280,300,0.05,280,20,1.0,softplus,poisson,1.0,0.7462629079818726,0.995250642299652,0.2800574004650116,0.881373941898346
8f69cfdc,node,2,501,0,0.002,0.0,128,10,128.0,3.0,torch.nn.functional.softplus,280,300,0.05,280,20,1.0,softplus,poisson,1.0,0.9695601463317872,0.9996899962425232,0.2812837958335876,1.0
07a3ee5f,node,5,501,0,0.002,0.0,128,10,128.0,3.0,torch.nn.functional.softplus,280,300,0.05,280,20,1.0,softplus,poisson,1.0,0.9690119028091432,0.9987334609031676,0.28102508187294,0.9998733997344972
7d511902,node,3,501,0,0.002,0.0,128,10,128.0,3.0,torch.nn.functional.softplus,280,300,0.05,280,20,1.0,softplus,poisson,1.0,0.9708377122879028,0.9993685483932496,0.2812133133411407,0.9999736547470092
07a3ee5f,node,5,501,0,0.002,0.0,128,10,128.0,3.0,torch.nn.functional.softplus,280,300,0.05,280,20,1.0,softplus,poisson,1.0,0.9690119028091432,0.9987334609031676,0.28102508187294,0.9998733997344972
7d511902,node,3,501,0,0.002,0.0,128,10,128.0,3.0,torch.nn.functional.softplus,280,300,0.05,280,20,1.0,softplus,poisson,1.0,0.9708377122879028,0.9993685483932496,0.2812133133411407,0.9999736547470092
2a457ed5,node,10,501,0,0.002,0.0,128,10,128.0,3.0,torch.nn.functional.softplus,280,300,0.05,280,20,1.0,softplus,poisson,1.0,0.9632751941680908,0.9992552399635316,0.2811635434627533,0.9991374611854552
2a457ed5,node,10,501,0,0.002,0.0,128,10,128.0,3.0,torch.nn.functional.softplus,280,300,0.05,280,20,1.0,softplus,poisson,1.0,0.9632751941680908,0.9992552399635316,0.2811635434627533,0.9991374611854552
8aba258a,node,32,501,0,0.002,0.0,128,10,128.0,3.0,torch.nn.functional.softplus,280,300,0.05,280,20,1.0,softplus,poisson,1.0,0.9074147939682008,0.9979655146598816,0.2808267772197723,0.968312680721283
8aba258a,node,32,501,0,0.002,0.0,128,10,128.0,3.0,torch.nn.functional.softplus,280,300,0.05,280,20,1.0,softplus,poisson,1.0,0.9074147939682008,0.9979655146598816,0.2808267772197723,0.968312680721283
cd9a7f6e,node,64,501,0,0.002,0.0,128,10,128.0,3.0,torch.nn.functional.softplus,280,300,0.05,280,20,1.0,softplus,poisson,1.0,0.7494844794273376,0.9959921836853028,0.2803240716457367,0.8829927444458008
cd9a7f6e,node,64,501,0,0.002,0.0,128,10,128.0,3.0,torch.nn.functional.softplus,280,300,0.05,280,20,1.0,softplus,poisson,1.0,0.7494844794273376,0.9959921836853028,0.2803240716457367,0.8829927444458008
0cc3384a,node,2,501,0,0.002,0.0,128,10,128.0,3.0,,280,300,0.05,280,20,1.0,softplus,poisson,1.0,0.9695518016815186,0.9996906518936156,0.281283974647522,1.0
d7001813,node,3,501,0,0.002,0.0,128,10,128.0,3.0,,280,300,0.05,280,20,1.0,softplus,poisson,1.0,0.9708458185195924,0.9993691444396972,0.2812133133411407,0.999973475933075
0cc3384a,node,2,501,0,0.002,0.0,128,10,128.0,3.0,,280,300,0.05,280,20,1.0,softplus,poisson,1.0,0.9695518016815186,0.9996906518936156,0.281283974647522,1.0
d7001813,node,3,501,0,0.002,0.0,128,10,128.0,3.0,,280,300,0.05,280,20,1.0,softplus,poisson,1.0,0.9708458185195924,0.9993691444396972,0.2812133133411407,0.999973475933075
6bd5e9f9,node,5,501,0,0.002,0.0,128,10,128.0,3.0,,280,300,0.05,280,20,1.0,softplus,poisson,1.0,0.969000518321991,0.9987325072288512,0.2810247540473938,0.9998717308044434
6bd5e9f9,node,5,501,0,0.002,0.0,128,10,128.0,3.0,,280,300,0.05,280,20,1.0,softplus,poisson,1.0,0.969000518321991,0.9987325072288512,0.2810247540473938,0.9998717308044434
80fc3361,node,10,501,0,0.002,0.0,128,10,128.0,3.0,,280,300,0.05,280,20,1.0,softplus,poisson,1.0,0.9632573127746582,0.9992542266845704,0.2811640799045563,0.9991262555122375
80fc3361,node,10,501,0,0.002,0.0,128,10,128.0,3.0,,280,300,0.05,280,20,1.0,softplus,poisson,1.0,0.9632573127746582,0.9992542266845704,0.2811640799045563,0.9991262555122375
b9fe2392,node,32,501,0,0.002,0.0,128,10,128.0,3.0,,280,300,0.05,280,20,1.0,softplus,poisson,1.0,0.9073686003684998,0.9979572892189026,0.2808214724063873,0.9682871103286744
2decde61,node,64,501,0,0.002,0.0,128,10,128.0,3.0,,280,300,0.05,280,20,1.0,softplus,poisson,1.0,0.7495462894439697,0.996005356311798,0.2803267240524292,0.8832191228866577
b9fe2392,node,32,501,0,0.002,0.0,128,10,128.0,3.0,,280,300,0.05,280,20,1.0,softplus,poisson,1.0,0.9073686003684998,0.9979572892189026,0.2808214724063873,0.9682871103286744
2decde61,node,64,501,0,0.002,0.0,128,10,128.0,3.0,,280,300,0.05,280,20,1.0,softplus,poisson,1.0,0.7495462894439697,0.996005356311798,0.2803267240524292,0.8832191228866577
bb6d13e5,gru,512,500,0,0.0001,0.0001,128,10,,,torch.nn.functional.softplus,250,300,,250,50,1.0,softplus,poisson,1.0,0.6683540344238281,0.5797573924064636,0.142008751630783,0.9995513558387756
667d6c05,gru,256,500,0,0.0001,0.0001,128,10,,,torch.nn.functional.softplus,250,300,,250,50,1.0,softplus,poisson,1.0,0.8118053078651428,0.7637279033660889,0.2139040231704712,0.9994149208068848
9d8418cd,gru,64,500,0,0.0001,0.0001,128,10,,,torch.nn.functional.softplus,250,300,,250,50,1.0,softplus,poisson,1.0,0.8293372988700867,0.7534361481666565,0.2073665112257003,0.9946629405021667
b0c84d10,gru,128,500,0,0.0001,0.0001,128,10,,,torch.nn.functional.softplus,250,300,,250,50,1.0,softplus,poisson,1.0,0.7655442953109741,0.6729120016098022,0.189921036362648,0.9980708360671996
10fd576c,gru,32,500,0,0.0001,0.0001,128,10,,,torch.nn.functional.softplus,250,300,,250,50,1.0,softplus,poisson,1.0,0.6528865694999695,0.6200821399688721,0.1701241880655288,0.9962494373321532
667d6c05,gru,256,500,0,0.0001,0.0001,128,10,,,torch.nn.functional.softplus,250,300,,250,50,1.0,softplus,poisson,1.0,0.8118053078651428,0.7637279033660889,0.2139040231704712,0.9994149208068848
bb6d13e5,gru,512,500,0,0.0001,0.0001,128,10,,,torch.nn.functional.softplus,250,300,,250,50,1.0,softplus,poisson,1.0,0.6683540344238281,0.5797573924064636,0.142008751630783,0.9995513558387756
fc849e05,gru,32,500,0,0.0001,0.0001,128,10,,,,250,300,,250,50,1.0,softplus,poisson,1.0,0.6542074680328369,0.6208186745643616,0.1703412681818008,0.996240258216858
9d8418cd,gru,64,500,0,0.0001,0.0001,128,10,,,torch.nn.functional.softplus,250,300,,250,50,1.0,softplus,poisson,1.0,0.8293372988700867,0.7534361481666565,0.2073665112257003,0.9946629405021667
10fd576c,gru,32,500,0,0.0001,0.0001,128,10,,,torch.nn.functional.softplus,250,300,,250,50,1.0,softplus,poisson,1.0,0.6528865694999695,0.6200821399688721,0.1701241880655288,0.9962494373321532
b0c84d10,gru,128,500,0,0.0001,0.0001,128,10,,,torch.nn.functional.softplus,250,300,,250,50,1.0,softplus,poisson,1.0,0.7655442953109741,0.6729120016098022,0.189921036362648,0.9980708360671996
fc849e05,gru,32,500,0,0.0001,0.0001,128,10,,,,250,300,,250,50,1.0,softplus,poisson,1.0,0.6542074680328369,0.6208186745643616,0.1703412681818008,0.996240258216858
57169a92,gru,64,500,0,0.0001,0.0001,128,10,,,,250,300,,250,50,1.0,softplus,poisson,1.0,0.8232885003089905,0.751800537109375,0.2067742198705673,0.9947300553321838
57169a92,gru,64,500,0,0.0001,0.0001,128,10,,,,250,300,,250,50,1.0,softplus,poisson,1.0,0.8232885003089905,0.751800537109375,0.2067742198705673,0.9947300553321838
7f4a0dca,gru,128,500,0,0.0001,0.0001,128,10,,,,250,300,,250,50,1.0,softplus,poisson,1.0,0.7711984515190125,0.6825793981552124,0.1924112439155578,0.9980855584144592
7f4a0dca,gru,128,500,0,0.0001,0.0001,128,10,,,,250,300,,250,50,1.0,softplus,poisson,1.0,0.7711984515190125,0.6825793981552124,0.1924112439155578,0.9980855584144592
4a30d451,gru,256,500,0,0.0001,0.0001,128,10,,,,250,300,,250,50,1.0,softplus,poisson,1.0,0.7976771593093872,0.7530490756034851,0.2101702988147735,0.999412477016449
4a30d451,gru,256,500,0,0.0001,0.0001,128,10,,,,250,300,,250,50,1.0,softplus,poisson,1.0,0.7976771593093872,0.7530490756034851,0.2101702988147735,0.999412477016449
3aaf083a,gru,512,500,0,0.0001,0.0001,128,10,,,,250,300,,250,50,1.0,softplus,poisson,1.0,0.6699446439743042,0.5816826820373535,0.1425351649522781,0.9995508193969728
3aaf083a,gru,512,500,0,0.0001,0.0001,128,10,,,,250,300,,250,50,1.0,softplus,poisson,1.0,0.6699446439743042,0.5816826820373535,0.1425351649522781,0.9995508193969728
fdb85e91,gru,32,501,0,0.0001,0.0001,128,10,,,torch.nn.functional.softplus,250,300,,250,50,1.0,softplus,poisson,1.0,0.5493648648262024,0.5730786323547363,0.1574131995439529,0.9971575140953064
fdb85e91,gru,32,501,0,0.0001,0.0001,128,10,,,torch.nn.functional.softplus,250,300,,250,50,1.0,softplus,poisson,1.0,0.5493648648262024,0.5730786323547363,0.1574131995439529,0.9971575140953064
672cee54,gru,64,501,0,0.0001,0.0001,128,10,,,torch.nn.functional.softplus,250,300,,250,50,1.0,softplus,poisson,1.0,0.8264951705932617,0.7476903796195984,0.2060827910900116,0.9947128891944884
672cee54,gru,64,501,0,0.0001,0.0001,128,10,,,torch.nn.functional.softplus,250,300,,250,50,1.0,softplus,poisson,1.0,0.8264951705932617,0.7476903796195984,0.2060827910900116,0.9947128891944884
946eb608,gru,128,501,0,0.0001,0.0001,128,10,,,torch.nn.functional.softplus,250,300,,250,50,1.0,softplus,poisson,1.0,0.832176148891449,0.766046404838562,0.2105313092470169,0.9981821179389954
946eb608,gru,128,501,0,0.0001,0.0001,128,10,,,torch.nn.functional.softplus,250,300,,250,50,1.0,softplus,poisson,1.0,0.832176148891449,0.766046404838562,0.2105313092470169,0.9981821179389954
f561fd9e,gru,256,501,0,0.0001,0.0001,128,10,,,torch.nn.functional.softplus,250,300,,250,50,1.0,softplus,poisson,1.0,0.843464195728302,0.7890853881835938,0.2203554809093475,0.999424695968628
f561fd9e,gru,256,501,0,0.0001,0.0001,128,10,,,torch.nn.functional.softplus,250,300,,250,50,1.0,softplus,poisson,1.0,0.843464195728302,0.7890853881835938,0.2203554809093475,0.999424695968628
1bf19918,gru,512,501,0,0.0001,0.0001,128,10,,,torch.nn.functional.softplus,250,300,,250,50,1.0,softplus,poisson,1.0,0.7638156414031982,0.6108601093292236,0.1761218309402465,0.9996432065963744
1bf19918,gru,512,501,0,0.0001,0.0001,128,10,,,torch.nn.functional.softplus,250,300,,250,50,1.0,softplus,poisson,1.0,0.7638156414031982,0.6108601093292236,0.1761218309402465,0.9996432065963744
9e2e31fe,gru,32,501,0,0.0001,0.0001,128,10,,,,250,300,,250,50,1.0,softplus,poisson,1.0,0.5506749749183655,0.577904224395752,0.1583350002765655,0.9971303343772888
9e2e31fe,gru,32,501,0,0.0001,0.0001,128,10,,,,250,300,,250,50,1.0,softplus,poisson,1.0,0.5506749749183655,0.577904224395752,0.1583350002765655,0.9971303343772888
ece98f7b,gru,64,501,0,0.0001,0.0001,128,10,,,,250,300,,250,50,1.0,softplus,poisson,1.0,0.8240475058555603,0.7467691898345947,0.2056985795497894,0.994718074798584
ece98f7b,gru,64,501,0,0.0001,0.0001,128,10,,,,250,300,,250,50,1.0,softplus,poisson,1.0,0.8240475058555603,0.7467691898345947,0.2056985795497894,0.994718074798584
021612fc,gru,128,501,0,0.0001,0.0001,128,10,,,,250,300,,250,50,1.0,softplus,poisson,1.0,0.8332494497299194,0.766586422920227,0.2108179926872253,0.9981858134269714
021612fc,gru,128,501,0,0.0001,0.0001,128,10,,,,250,300,,250,50,1.0,softplus,poisson,1.0,0.8332494497299194,0.766586422920227,0.2108179926872253,0.9981858134269714
e60b5326,gru,256,501,0,0.0001,0.0001,128,10,,,,250,300,,250,50,1.0,softplus,poisson,1.0,0.8430976271629333,0.788712203502655,0.2202235758304596,0.99942547082901
e60b5326,gru,256,501,0,0.0001,0.0001,128,10,,,,250,300,,250,50,1.0,softplus,poisson,1.0,0.8430976271629333,0.788712203502655,0.2202235758304596,0.99942547082901
1221f4a0,gru,512,501,0,0.0001,0.0001,128,10,,,,250,300,,250,50,1.0,softplus,poisson,1.0,0.7660665512084961,0.6052273511886597,0.1755322068929672,0.9996402859687804
1221f4a0,gru,512,501,0,0.0001,0.0001,128,10,,,,250,300,,250,50,1.0,softplus,poisson,1.0,0.7660665512084961,0.6052273511886597,0.1755322068929672,0.9996402859687804
b0c84d10,gru,128,500,0,0.0001,0.0001,128,10,,,torch.nn.functional.softplus,250,300,,250,50,1.0,softplus,poisson,1.0,0.7655442953109741,0.6729120016098022,0.189921036362648,0.9980708360671996
fc849e05,gru,32,500,0,0.0001,0.0001,128,10,,,,250,300,,250,50,1.0,softplus,poisson,1.0,0.6542074680328369,0.6208186745643616,0.1703412681818008,0.996240258216858
667d6c05,gru,256,500,0,0.0001,0.0001,128,10,,,torch.nn.functional.softplus,250,300,,250,50,1.0,softplus,poisson,1.0,0.8118053078651428,0.7637279033660889,0.2139040231704712,0.9994149208068848
9d8418cd,gru,64,500,0,0.0001,0.0001,128,10,,,torch.nn.functional.softplus,250,300,,250,50,1.0,softplus,poisson,1.0,0.8293372988700867,0.7534361481666565,0.2073665112257003,0.9946629405021667
b0c84d10,gru,128,500,0,0.0001,0.0001,128,10,,,torch.nn.functional.softplus,250,300,,250,50,1.0,softplus,poisson,1.0,0.7655442953109741,0.6729120016098022,0.189921036362648,0.9980708360671996
fc849e05,gru,32,500,0,0.0001,0.0001,128,10,,,,250,300,,250,50,1.0,softplus,poisson,1.0,0.6542074680328369,0.6208186745643616,0.1703412681818008,0.996240258216858
bb6d13e5,gru,512,500,0,0.0001,0.0001,128,10,,,torch.nn.functional.softplus,250,300,,250,50,1.0,softplus,poisson,1.0,0.6683540344238281,0.5797573924064636,0.142008751630783,0.9995513558387756
667d6c05,gru,256,500,0,0.0001,0.0001,128,10,,,torch.nn.functional.softplus,250,300,,250,50,1.0,softplus,poisson,1.0,0.8118053078651428,0.7637279033660889,0.2139040231704712,0.9994149208068848
10fd576c,gru,32,500,0,0.0001,0.0001,128,10,,,torch.nn.functional.softplus,250,300,,250,50,1.0,softplus,poisson,1.0,0.6528865694999695,0.6200821399688721,0.1701241880655288,0.9962494373321532
9d8418cd,gru,64,500,0,0.0001,0.0001,128,10,,,torch.nn.functional.softplus,250,300,,250,50,1.0,softplus,poisson,1.0,0.8293372988700867,0.7534361481666565,0.2073665112257003,0.9946629405021667
bb6d13e5,gru,512,500,0,0.0001,0.0001,128,10,,,torch.nn.functional.softplus,250,300,,250,50,1.0,softplus,poisson,1.0,0.6683540344238281,0.5797573924064636,0.142008751630783,0.9995513558387756
10fd576c,gru,32,500,0,0.0001,0.0001,128,10,,,torch.nn.functional.softplus,250,300,,250,50,1.0,softplus,poisson,1.0,0.6528865694999695,0.6200821399688721,0.1701241880655288,0.9962494373321532
57169a92,gru,64,500,0,0.0001,0.0001,128,10,,,,250,300,,250,50,1.0,softplus,poisson,1.0,0.8232885003089905,0.751800537109375,0.2067742198705673,0.9947300553321838
57169a92,gru,64,500,0,0.0001,0.0001,128,10,,,,250,300,,250,50,1.0,softplus,poisson,1.0,0.8232885003089905,0.751800537109375,0.2067742198705673,0.9947300553321838
7f4a0dca,gru,128,500,0,0.0001,0.0001,128,10,,,,250,300,,250,50,1.0,softplus,poisson,1.0,0.7711984515190125,0.6825793981552124,0.1924112439155578,0.9980855584144592
7f4a0dca,gru,128,500,0,0.0001,0.0001,128,10,,,,250,300,,250,50,1.0,softplus,poisson,1.0,0.7711984515190125,0.6825793981552124,0.1924112439155578,0.9980855584144592
4a30d451,gru,256,500,0,0.0001,0.0001,128,10,,,,250,300,,250,50,1.0,softplus,poisson,1.0,0.7976771593093872,0.7530490756034851,0.2101702988147735,0.999412477016449
4a30d451,gru,256,500,0,0.0001,0.0001,128,10,,,,250,300,,250,50,1.0,softplus,poisson,1.0,0.7976771593093872,0.7530490756034851,0.2101702988147735,0.999412477016449
3aaf083a,gru,512,500,0,0.0001,0.0001,128,10,,,,250,300,,250,50,1.0,softplus,poisson,1.0,0.6699446439743042,0.5816826820373535,0.1425351649522781,0.9995508193969728
3aaf083a,gru,512,500,0,0.0001,0.0001,128,10,,,,250,300,,250,50,1.0,softplus,poisson,1.0,0.6699446439743042,0.5816826820373535,0.1425351649522781,0.9995508193969728
fdb85e91,gru,32,501,0,0.0001,0.0001,128,10,,,torch.nn.functional.softplus,250,300,,250,50,1.0,softplus,poisson,1.0,0.5493648648262024,0.5730786323547363,0.1574131995439529,0.9971575140953064
fdb85e91,gru,32,501,0,0.0001,0.0001,128,10,,,torch.nn.functional.softplus,250,300,,250,50,1.0,softplus,poisson,1.0,0.5493648648262024,0.5730786323547363,0.1574131995439529,0.9971575140953064
672cee54,gru,64,501,0,0.0001,0.0001,128,10,,,torch.nn.functional.softplus,250,300,,250,50,1.0,softplus,poisson,1.0,0.8264951705932617,0.7476903796195984,0.2060827910900116,0.9947128891944884
672cee54,gru,64,501,0,0.0001,0.0001,128,10,,,torch.nn.functional.softplus,250,300,,250,50,1.0,softplus,poisson,1.0,0.8264951705932617,0.7476903796195984,0.2060827910900116,0.9947128891944884
946eb608,gru,128,501,0,0.0001,0.0001,128,10,,,torch.nn.functional.softplus,250,300,,250,50,1.0,softplus,poisson,1.0,0.832176148891449,0.766046404838562,0.2105313092470169,0.9981821179389954
946eb608,gru,128,501,0,0.0001,0.0001,128,10,,,torch.nn.functional.softplus,250,300,,250,50,1.0,softplus,poisson,1.0,0.832176148891449,0.766046404838562,0.2105313092470169,0.9981821179389954
f561fd9e,gru,256,501,0,0.0001,0.0001,128,10,,,torch.nn.functional.softplus,250,300,,250,50,1.0,softplus,poisson,1.0,0.843464195728302,0.7890853881835938,0.2203554809093475,0.999424695968628
f561fd9e,gru,256,501,0,0.0001,0.0001,128,10,,,torch.nn.functional.softplus,250,300,,250,50,1.0,softplus,poisson,1.0,0.843464195728302,0.7890853881835938,0.2203554809093475,0.999424695968628
1bf19918,gru,512,501,0,0.0001,0.0001,128,10,,,torch.nn.functional.softplus,250,300,,250,50,1.0,softplus,poisson,1.0,0.7638156414031982,0.6108601093292236,0.1761218309402465,0.9996432065963744
1bf19918,gru,512,501,0,0.0001,0.0001,128,10,,,torch.nn.functional.softplus,250,300,,250,50,1.0,softplus,poisson,1.0,0.7638156414031982,0.6108601093292236,0.1761218309402465,0.9996432065963744
9e2e31fe,gru,32,501,0,0.0001,0.0001,128,10,,,,250,300,,250,50,1.0,softplus,poisson,1.0,0.5506749749183655,0.577904224395752,0.1583350002765655,0.9971303343772888
9e2e31fe,gru,32,501,0,0.0001,0.0001,128,10,,,,250,300,,250,50,1.0,softplus,poisson,1.0,0.5506749749183655,0.577904224395752,0.1583350002765655,0.9971303343772888
ece98f7b,gru,64,501,0,0.0001,0.0001,128,10,,,,250,300,,250,50,1.0,softplus,poisson,1.0,0.8240475058555603,0.7467691898345947,0.2056985795497894,0.994718074798584
ece98f7b,gru,64,501,0,0.0001,0.0001,128,10,,,,250,300,,250,50,1.0,softplus,poisson,1.0,0.8240475058555603,0.7467691898345947,0.2056985795497894,0.994718074798584
021612fc,gru,128,501,0,0.0001,0.0001,128,10,,,,250,300,,250,50,1.0,softplus,poisson,1.0,0.8332494497299194,0.766586422920227,0.2108179926872253,0.9981858134269714
021612fc,gru,128,501,0,0.0001,0.0001,128,10,,,,250,300,,250,50,1.0,softplus,poisson,1.0,0.8332494497299194,0.766586422920227,0.2108179926872253,0.9981858134269714
e60b5326,gru,256,501,0,0.0001,0.0001,128,10,,,,250,300,,250,50,1.0,softplus,poisson,1.0,0.8430976271629333,0.788712203502655,0.2202235758304596,0.99942547082901
e60b5326,gru,256,501,0,0.0001,0.0001,128,10,,,,250,300,,250,50,1.0,softplus,poisson,1.0,0.8430976271629333,0.788712203502655,0.2202235758304596,0.99942547082901
1221f4a0,gru,512,501,0,0.0001,0.0001,128,10,,,,250,300,,250,50,1.0,softplus,poisson,1.0,0.7660665512084961,0.6052273511886597,0.1755322068929672,0.9996402859687804
1221f4a0,gru,512,501,0,0.0001,0.0001,128,10,,,,250,300,,250,50,1.0,softplus,poisson,1.0,0.7660665512084961,0.6052273511886597,0.1755322068929672,0.9996402859687804
0a086b19,gnode,32,500,0,0.002,0.0,128,10,64.0,3.0,torch.nn.functional.softplus,250,300,0.1,250,50,1.0,softplus,poisson,1.0,0.8705155849456787,0.99816232919693,0.2805121839046478,0.8788018226623535
8eb73e78,gnode,10,500,0,0.002,0.0,128,10,64.0,3.0,torch.nn.functional.softplus,250,300,0.1,250,50,1.0,softplus,poisson,1.0,0.9673804044723512,0.9985989332199096,0.2805954217910766,0.998477339744568
4ec1fc58,gnode,64,500,0,0.002,0.0,128,10,64.0,3.0,torch.nn.functional.softplus,250,300,0.1,250,50,1.0,softplus,poisson,1.0,0.7231519818305969,0.9954119324684144,0.279944896697998,0.7767710089683533
53b7548a,gnode,3,500,0,0.002,0.0,128,10,64.0,3.0,torch.nn.functional.softplus,250,300,0.1,250,50,1.0,softplus,poisson,1.0,0.9710565209388732,0.9994642734527588,0.2808078825473785,0.9999675154685974
2e454f5d,gnode,5,500,0,0.002,0.0,128,10,64.0,3.0,torch.nn.functional.softplus,250,300,0.1,250,50,1.0,softplus,poisson,1.0,0.971285343170166,0.9994364976882936,0.2808199226856231,0.9996744394302368
d566470b,gnode,2,500,0,0.002,0.0,128,10,64.0,3.0,torch.nn.functional.softplus,250,300,0.1,250,50,1.0,softplus,poisson,1.0,0.971465229988098,0.9997153282165528,0.2808686196804046,1.0
53b7548a,gnode,3,500,0,0.002,0.0,128,10,64.0,3.0,torch.nn.functional.softplus,250,300,0.1,250,50,1.0,softplus,poisson,1.0,0.9710565209388732,0.9994642734527588,0.2808078825473785,0.9999675154685974
2e454f5d,gnode,5,500,0,0.002,0.0,128,10,64.0,3.0,torch.nn.functional.softplus,250,300,0.1,250,50,1.0,softplus,poisson,1.0,0.971285343170166,0.9994364976882936,0.2808199226856231,0.9996744394302368
0a086b19,gnode,32,500,0,0.002,0.0,128,10,64.0,3.0,torch.nn.functional.softplus,250,300,0.1,250,50,1.0,softplus,poisson,1.0,0.8705155849456787,0.99816232919693,0.2805121839046478,0.8788018226623535
8eb73e78,gnode,10,500,0,0.002,0.0,128,10,64.0,3.0,torch.nn.functional.softplus,250,300,0.1,250,50,1.0,softplus,poisson,1.0,0.9673804044723512,0.9985989332199096,0.2805954217910766,0.998477339744568
d566470b,gnode,2,500,0,0.002,0.0,128,10,64.0,3.0,torch.nn.functional.softplus,250,300,0.1,250,50,1.0,softplus,poisson,1.0,0.971465229988098,0.9997153282165528,0.2808686196804046,1.0
4ec1fc58,gnode,64,500,0,0.002,0.0,128,10,64.0,3.0,torch.nn.functional.softplus,250,300,0.1,250,50,1.0,softplus,poisson,1.0,0.7231519818305969,0.9954119324684144,0.279944896697998,0.7767710089683533
932a575d,gnode,2,501,0,0.002,0.0,128,10,64.0,3.0,torch.nn.functional.softplus,250,300,0.1,250,50,1.0,softplus,poisson,1.0,0.9711796045303344,0.999555766582489,0.2808183133602142,1.0
932a575d,gnode,2,501,0,0.002,0.0,128,10,64.0,3.0,torch.nn.functional.softplus,250,300,0.1,250,50,1.0,softplus,poisson,1.0,0.9711796045303344,0.999555766582489,0.2808183133602142,1.0
d4dfdc16,gnode,3,501,0,0.002,0.0,128,10,64.0,3.0,torch.nn.functional.softplus,250,300,0.1,250,50,1.0,softplus,poisson,1.0,0.9706633687019348,0.999326229095459,0.2807731926441192,0.9999656081199646
d4dfdc16,gnode,3,501,0,0.002,0.0,128,10,64.0,3.0,torch.nn.functional.softplus,250,300,0.1,250,50,1.0,softplus,poisson,1.0,0.9706633687019348,0.999326229095459,0.2807731926441192,0.9999656081199646
b77e32df,gnode,5,501,0,0.002,0.0,128,10,64.0,3.0,torch.nn.functional.softplus,250,300,0.1,250,50,1.0,softplus,poisson,1.0,0.9707475304603576,0.9985076189041138,0.280606210231781,0.9996830224990844
b77e32df,gnode,5,501,0,0.002,0.0,128,10,64.0,3.0,torch.nn.functional.softplus,250,300,0.1,250,50,1.0,softplus,poisson,1.0,0.9707475304603576,0.9985076189041138,0.280606210231781,0.9996830224990844
047eb157,gnode,10,501,0,0.002,0.0,128,10,64.0,3.0,torch.nn.functional.softplus,250,300,0.1,250,50,1.0,softplus,poisson,1.0,0.966418981552124,0.9986838102340698,0.2806586027145386,0.9985533356666564
047eb157,gnode,10,501,0,0.002,0.0,128,10,64.0,3.0,torch.nn.functional.softplus,250,300,0.1,250,50,1.0,softplus,poisson,1.0,0.966418981552124,0.9986838102340698,0.2806586027145386,0.9985533356666564
734917aa,gnode,32,501,0,0.002,0.0,128,10,64.0,3.0,torch.nn.functional.softplus,250,300,0.1,250,50,1.0,softplus,poisson,1.0,0.8707526326179504,0.9981573224067688,0.2805121839046478,0.8800371289253235
9dc644f8,gnode,64,501,0,0.002,0.0,128,10,64.0,3.0,torch.nn.functional.softplus,250,300,0.1,250,50,1.0,softplus,poisson,1.0,0.719950795173645,0.9952558279037476,0.2799627482891083,0.7787560224533081
734917aa,gnode,32,501,0,0.002,0.0,128,10,64.0,3.0,torch.nn.functional.softplus,250,300,0.1,250,50,1.0,softplus,poisson,1.0,0.8707526326179504,0.9981573224067688,0.2805121839046478,0.8800371289253235
9dc644f8,gnode,64,501,0,0.002,0.0,128,10,64.0,3.0,torch.nn.functional.softplus,250,300,0.1,250,50,1.0,softplus,poisson,1.0,0.719950795173645,0.9952558279037476,0.2799627482891083,0.7787560224533081
3cdf23ce,fr,32,500,0,0.0001,0.0001,128,10,,,torch.nn.functional.softplus,200,300,,200,100,1.0,softplus,poisson,1.0,0.4608946442604065,0.4962675869464874,0.136249154806137,0.9966405630111694
3d84f657,fr,128,500,0,0.0001,0.0001,128,10,,,torch.nn.functional.softplus,200,300,,200,100,1.0,softplus,poisson,1.0,0.7416808009147644,0.610291600227356,0.1553253382444381,0.9758242964744568
4c485089,fr,64,500,0,0.0001,0.0001,128,10,,,torch.nn.functional.softplus,200,300,,200,100,1.0,softplus,poisson,1.0,0.0388331599533557,-0.6067719459533691,-0.1200418174266815,0.9987878203392028
849e5565,fr,256,500,0,0.0001,0.0001,128,10,,,torch.nn.functional.softplus,200,300,,200,100,1.0,softplus,poisson,1.0,0.843049943447113,0.8201675415039062,0.2168803513050079,0.999192237854004
3cdf23ce,fr,32,500,0,0.0001,0.0001,128,10,,,torch.nn.functional.softplus,200,300,,200,100,1.0,softplus,poisson,1.0,0.4608946442604065,0.4962675869464874,0.136249154806137,0.9966405630111694
3d84f657,fr,128,500,0,0.0001,0.0001,128,10,,,torch.nn.functional.softplus,200,300,,200,100,1.0,softplus,poisson,1.0,0.7416808009147644,0.610291600227356,0.1553253382444381,0.9758242964744568
95e869f5,fr,512,500,0,0.0001,0.0001,128,10,,,torch.nn.functional.softplus,200,300,,200,100,1.0,softplus,poisson,1.0,0.8445248007774353,0.7889226078987122,0.2053090780973434,0.9989442229270936
4c485089,fr,64,500,0,0.0001,0.0001,128,10,,,torch.nn.functional.softplus,200,300,,200,100,1.0,softplus,poisson,1.0,0.0388331599533557,-0.6067719459533691,-0.1200418174266815,0.9987878203392028
849e5565,fr,256,500,0,0.0001,0.0001,128,10,,,torch.nn.functional.softplus,200,300,,200,100,1.0,softplus,poisson,1.0,0.843049943447113,0.8201675415039062,0.2168803513050079,0.999192237854004
87cad0a3,fr,32,500,0,0.0001,0.0001,128,10,,,,200,300,,200,100,1.0,softplus,poisson,1.0,0.4486900568008423,0.4855684340000152,0.1336985975503921,0.9966529607772828
95e869f5,fr,512,500,0,0.0001,0.0001,128,10,,,torch.nn.functional.softplus,200,300,,200,100,1.0,softplus,poisson,1.0,0.8445248007774353,0.7889226078987122,0.2053090780973434,0.9989442229270936
87cad0a3,fr,32,500,0,0.0001,0.0001,128,10,,,,200,300,,200,100,1.0,softplus,poisson,1.0,0.4486900568008423,0.4855684340000152,0.1336985975503921,0.9966529607772828
1f5ba8c6,fr,64,500,0,0.0001,0.0001,128,10,,,,200,300,,200,100,1.0,softplus,poisson,1.0,0.0375323481857776,-0.612830400466919,-0.1213950142264366,0.9987872242927552
1f5ba8c6,fr,64,500,0,0.0001,0.0001,128,10,,,,200,300,,200,100,1.0,softplus,poisson,1.0,0.0375323481857776,-0.612830400466919,-0.1213950142264366,0.9987872242927552
ac2cd44c,fr,128,500,0,0.0001,0.0001,128,10,,,,200,300,,200,100,1.0,softplus,poisson,1.0,0.7417308688163757,0.6104369759559631,0.1553639322519302,0.9758235216140748
ac2cd44c,fr,128,500,0,0.0001,0.0001,128,10,,,,200,300,,200,100,1.0,softplus,poisson,1.0,0.7417308688163757,0.6104369759559631,0.1553639322519302,0.9758235216140748
51898186,fr,256,500,0,0.0001,0.0001,128,10,,,,200,300,,200,100,1.0,softplus,poisson,1.0,0.8430505394935608,0.8201678991317749,0.2168805301189422,0.999192237854004
51898186,fr,256,500,0,0.0001,0.0001,128,10,,,,200,300,,200,100,1.0,softplus,poisson,1.0,0.8430505394935608,0.8201678991317749,0.2168805301189422,0.999192237854004
27ea651f,fr,512,500,0,0.0001,0.0001,128,10,,,,200,300,,200,100,1.0,softplus,poisson,1.0,0.8445260524749756,0.7889217734336853,0.205308735370636,0.9989442229270936
27ea651f,fr,512,500,0,0.0001,0.0001,128,10,,,,200,300,,200,100,1.0,softplus,poisson,1.0,0.8445260524749756,0.7889217734336853,0.205308735370636,0.9989442229270936
2650a493,fr,32,501,0,0.0001,0.0001,128,10,,,torch.nn.functional.softplus,200,300,,200,100,1.0,softplus,poisson,1.0,0.6092367172241211,0.6214057803153992,0.1653448641300201,0.996290922164917
2650a493,fr,32,501,0,0.0001,0.0001,128,10,,,torch.nn.functional.softplus,200,300,,200,100,1.0,softplus,poisson,1.0,0.6092367172241211,0.6214057803153992,0.1653448641300201,0.996290922164917
472d76b9,fr,64,501,0,0.0001,0.0001,128,10,,,torch.nn.functional.softplus,200,300,,200,100,1.0,softplus,poisson,1.0,0.5982100963592529,0.5908967852592468,0.1563209742307663,0.9983456134796144
472d76b9,fr,64,501,0,0.0001,0.0001,128,10,,,torch.nn.functional.softplus,200,300,,200,100,1.0,softplus,poisson,1.0,0.5982100963592529,0.5908967852592468,0.1563209742307663,0.9983456134796144
d12d0fcb,fr,128,501,0,0.0001,0.0001,128,10,,,torch.nn.functional.softplus,200,300,,200,100,1.0,softplus,poisson,1.0,0.7996187210083008,0.7069584131240845,0.1824424862861633,0.9792741537094116
d12d0fcb,fr,128,501,0,0.0001,0.0001,128,10,,,torch.nn.functional.softplus,200,300,,200,100,1.0,softplus,poisson,1.0,0.7996187210083008,0.7069584131240845,0.1824424862861633,0.9792741537094116
59aafcad,fr,256,501,0,0.0001,0.0001,128,10,,,torch.nn.functional.softplus,200,300,,200,100,1.0,softplus,poisson,1.0,0.8123236894607544,0.7922918200492859,0.2176215201616287,0.9994009733200072
59aafcad,fr,256,501,0,0.0001,0.0001,128,10,,,torch.nn.functional.softplus,200,300,,200,100,1.0,softplus,poisson,1.0,0.8123236894607544,0.7922918200492859,0.2176215201616287,0.9994009733200072
ff5116ad,fr,512,501,0,0.0001,0.0001,128,10,,,torch.nn.functional.softplus,200,300,,200,100,1.0,softplus,poisson,1.0,0.8192095160484314,0.8074110150337219,0.2157201766967773,0.9993273019790648
ff5116ad,fr,512,501,0,0.0001,0.0001,128,10,,,torch.nn.functional.softplus,200,300,,200,100,1.0,softplus,poisson,1.0,0.8192095160484314,0.8074110150337219,0.2157201766967773,0.9993273019790648
0517d079,fr,32,501,0,0.0001,0.0001,128,10,,,,200,300,,200,100,1.0,softplus,poisson,1.0,0.6090940237045288,0.6214048266410828,0.1653441488742828,0.9962905645370485
0517d079,fr,32,501,0,0.0001,0.0001,128,10,,,,200,300,,200,100,1.0,softplus,poisson,1.0,0.6090940237045288,0.6214048266410828,0.1653441488742828,0.9962905645370485
d1e41d15,fr,64,501,0,0.0001,0.0001,128,10,,,,200,300,,200,100,1.0,softplus,poisson,1.0,0.5982545614242554,0.5908766388893127,0.1563149541616439,0.998345911502838
d1e41d15,fr,64,501,0,0.0001,0.0001,128,10,,,,200,300,,200,100,1.0,softplus,poisson,1.0,0.5982545614242554,0.5908766388893127,0.1563149541616439,0.998345911502838
5cc314ac,fr,128,501,0,0.0001,0.0001,128,10,,,,200,300,,200,100,1.0,softplus,poisson,1.0,0.799497663974762,0.7069991827011108,0.1824564784765243,0.97927325963974
5cc314ac,fr,128,501,0,0.0001,0.0001,128,10,,,,200,300,,200,100,1.0,softplus,poisson,1.0,0.799497663974762,0.7069991827011108,0.1824564784765243,0.97927325963974
9cfa68af,fr,256,501,0,0.0001,0.0001,128,10,,,,200,300,,200,100,1.0,softplus,poisson,1.0,0.8123427629470825,0.7923110127449036,0.2176269888877868,0.9994010925292968
9cfa68af,fr,256,501,0,0.0001,0.0001,128,10,,,,200,300,,200,100,1.0,softplus,poisson,1.0,0.8123427629470825,0.7923110127449036,0.2176269888877868,0.9994010925292968
822fb8eb,fr,512,501,0,0.0001,0.0001,128,10,,,,200,300,,200,100,1.0,softplus,poisson,1.0,0.819209098815918,0.8074111938476562,0.2157198339700698,0.9993273019790648
822fb8eb,fr,512,501,0,0.0001,0.0001,128,10,,,,200,300,,200,100,1.0,softplus,poisson,1.0,0.819209098815918,0.8074111938476562,0.2157198339700698,0.9993273019790648
01745b0e,node,3,500,0,0.002,0.0,128,10,128.0,3.0,torch.nn.functional.softplus,200,300,0.05,200,100,1.0,softplus,poisson,1.0,0.9712378978729248,0.9995688199996948,0.2808392941951751,0.9999685883522034
57420c5d,node,10,500,0,0.002,0.0,128,10,128.0,3.0,torch.nn.functional.softplus,200,300,0.05,200,100,1.0,softplus,poisson,1.0,0.9647727608680724,0.9992076754570008,0.2808074355125427,0.9987532496452332
19f85d76,node,5,500,0,0.002,0.0,128,10,128.0,3.0,torch.nn.functional.softplus,200,300,0.05,200,100,1.0,softplus,poisson,1.0,0.9680058360099792,0.9993197321891784,0.2807858288288116,0.9998340010643004
5507ff92,node,2,500,0,0.002,0.0,128,10,128.0,3.0,torch.nn.functional.softplus,200,300,0.05,200,100,1.0,softplus,poisson,1.0,0.9689327478408812,0.9996665120124816,0.2808493971824646,1.0
b7f1d587,node,32,500,0,0.002,0.0,128,10,128.0,3.0,torch.nn.functional.softplus,200,300,0.05,200,100,1.0,softplus,poisson,1.0,0.9093714952468872,0.9981271624565125,0.2806026935577392,0.9649288654327391
01745b0e,node,3,500,0,0.002,0.0,128,10,128.0,3.0,torch.nn.functional.softplus,200,300,0.05,200,100,1.0,softplus,poisson,1.0,0.9712378978729248,0.9995688199996948,0.2808392941951751,0.9999685883522034
57420c5d,node,10,500,0,0.002,0.0,128,10,128.0,3.0,torch.nn.functional.softplus,200,300,0.05,200,100,1.0,softplus,poisson,1.0,0.9647727608680724,0.9992076754570008,0.2808074355125427,0.9987532496452332
19f85d76,node,5,500,0,0.002,0.0,128,10,128.0,3.0,torch.nn.functional.softplus,200,300,0.05,200,100,1.0,softplus,poisson,1.0,0.9680058360099792,0.9993197321891784,0.2807858288288116,0.9998340010643004
5507ff92,node,2,500,0,0.002,0.0,128,10,128.0,3.0,torch.nn.functional.softplus,200,300,0.05,200,100,1.0,softplus,poisson,1.0,0.9689327478408812,0.9996665120124816,0.2808493971824646,1.0
b7f1d587,node,32,500,0,0.002,0.0,128,10,128.0,3.0,torch.nn.functional.softplus,200,300,0.05,200,100,1.0,softplus,poisson,1.0,0.9093714952468872,0.9981271624565125,0.2806026935577392,0.9649288654327391
a9c6abc0,node,64,500,0,0.002,0.0,128,10,128.0,3.0,torch.nn.functional.softplus,200,300,0.05,200,100,1.0,softplus,poisson,1.0,0.7260257601737976,0.9954444766044616,0.2800156474113464,0.8879155516624451
a9c6abc0,node,64,500,0,0.002,0.0,128,10,128.0,3.0,torch.nn.functional.softplus,200,300,0.05,200,100,1.0,softplus,poisson,1.0,0.7260257601737976,0.9954444766044616,0.2800156474113464,0.8879155516624451
398e186f,node,2,500,0,0.002,0.0,128,10,128.0,3.0,,200,300,0.05,200,100,1.0,softplus,poisson,1.0,0.9689297676086426,0.9996643662452698,0.280847817659378,1.0
ee6f4460,node,3,500,0,0.002,0.0,128,10,128.0,3.0,,200,300,0.05,200,100,1.0,softplus,poisson,1.0,0.9712435603141784,0.999570906162262,0.2808396816253662,0.9999684691429138
ee6f4460,node,3,500,0,0.002,0.0,128,10,128.0,3.0,,200,300,0.05,200,100,1.0,softplus,poisson,1.0,0.9712435603141784,0.999570906162262,0.2808396816253662,0.9999684691429138
398e186f,node,2,500,0,0.002,0.0,128,10,128.0,3.0,,200,300,0.05,200,100,1.0,softplus,poisson,1.0,0.9689297676086426,0.9996643662452698,0.280847817659378,1.0
23a73c5f,node,5,500,0,0.002,0.0,128,10,128.0,3.0,,200,300,0.05,200,100,1.0,softplus,poisson,1.0,0.9680072069168092,0.9993200302124025,0.280785471200943,0.999834418296814
23a73c5f,node,5,500,0,0.002,0.0,128,10,128.0,3.0,,200,300,0.05,200,100,1.0,softplus,poisson,1.0,0.9680072069168092,0.9993200302124025,0.280785471200943,0.999834418296814
44cb59e9,node,10,500,0,0.002,0.0,128,10,128.0,3.0,,200,300,0.05,200,100,1.0,softplus,poisson,1.0,0.9647853970527648,0.9992082118988036,0.280807614326477,0.998749315738678
44cb59e9,node,10,500,0,0.002,0.0,128,10,128.0,3.0,,200,300,0.05,200,100,1.0,softplus,poisson,1.0,0.9647853970527648,0.9992082118988036,0.280807614326477,0.998749315738678
e3c824c4,node,32,500,0,0.002,0.0,128,10,128.0,3.0,,200,300,0.05,200,100,1.0,softplus,poisson,1.0,0.9095651507377625,0.9981278777122498,0.2805984616279602,0.9655987024307252
e3c824c4,node,32,500,0,0.002,0.0,128,10,128.0,3.0,,200,300,0.05,200,100,1.0,softplus,poisson,1.0,0.9095651507377625,0.9981278777122498,0.2805984616279602,0.9655987024307252
b8b48028,node,64,500,0,0.002,0.0,128,10,128.0,3.0,,200,300,0.05,200,100,1.0,softplus,poisson,1.0,0.7259774208068848,0.9954658150672911,0.2800246775150299,0.8877130150794983
b8b48028,node,64,500,0,0.002,0.0,128,10,128.0,3.0,,200,300,0.05,200,100,1.0,softplus,poisson,1.0,0.7259774208068848,0.9954658150672911,0.2800246775150299,0.8877130150794983
662d3bc2,node,2,501,0,0.002,0.0,128,10,128.0,3.0,torch.nn.functional.softplus,200,300,0.05,200,100,1.0,softplus,poisson,1.0,0.9689722657203674,0.9995226860046388,0.2808290421962738,1.0
662d3bc2,node,2,501,0,0.002,0.0,128,10,128.0,3.0,torch.nn.functional.softplus,200,300,0.05,200,100,1.0,softplus,poisson,1.0,0.9689722657203674,0.9995226860046388,0.2808290421962738,1.0
c41cfd0f,node,3,501,0,0.002,0.0,128,10,128.0,3.0,torch.nn.functional.softplus,200,300,0.05,200,100,1.0,softplus,poisson,1.0,0.9724401831626892,0.9991843700408936,0.2807077169418335,0.9999703764915466
c41cfd0f,node,3,501,0,0.002,0.0,128,10,128.0,3.0,torch.nn.functional.softplus,200,300,0.05,200,100,1.0,softplus,poisson,1.0,0.9724401831626892,0.9991843700408936,0.2807077169418335,0.9999703764915466
fbd661a2,node,5,501,0,0.002,0.0,128,10,128.0,3.0,torch.nn.functional.softplus,200,300,0.05,200,100,1.0,softplus,poisson,1.0,0.9700415134429932,0.999204158782959,0.2807686328887939,0.9998326301574708
fbd661a2,node,5,501,0,0.002,0.0,128,10,128.0,3.0,torch.nn.functional.softplus,200,300,0.05,200,100,1.0,softplus,poisson,1.0,0.9700415134429932,0.999204158782959,0.2807686328887939,0.9998326301574708
f45a1eb6,node,10,501,0,0.002,0.0,128,10,128.0,3.0,torch.nn.functional.softplus,200,300,0.05,200,100,1.0,softplus,poisson,1.0,0.9650989770889282,0.9992364048957824,0.2808108031749725,0.998784840106964
f45a1eb6,node,10,501,0,0.002,0.0,128,10,128.0,3.0,torch.nn.functional.softplus,200,300,0.05,200,100,1.0,softplus,poisson,1.0,0.9650989770889282,0.9992364048957824,0.2808108031749725,0.998784840106964
4781235d,node,32,501,0,0.002,0.0,128,10,128.0,3.0,torch.nn.functional.softplus,200,300,0.05,200,100,1.0,softplus,poisson,1.0,0.9031215906143188,0.9981358647346495,0.2806036174297333,0.9601127505302428
4781235d,node,32,501,0,0.002,0.0,128,10,128.0,3.0,torch.nn.functional.softplus,200,300,0.05,200,100,1.0,softplus,poisson,1.0,0.9031215906143188,0.9981358647346495,0.2806036174297333,0.9601127505302428
5b5eed4c,node,64,501,0,0.002,0.0,128,10,128.0,3.0,torch.nn.functional.softplus,200,300,0.05,200,100,1.0,softplus,poisson,1.0,0.7182815670967102,0.9954570531845092,0.2800058722496032,0.8811537027359009
5b5eed4c,node,64,501,0,0.002,0.0,128,10,128.0,3.0,torch.nn.functional.softplus,200,300,0.05,200,100,1.0,softplus,poisson,1.0,0.7182815670967102,0.9954570531845092,0.2800058722496032,0.8811537027359009
a7380367,node,2,501,0,0.002,0.0,128,10,128.0,3.0,,200,300,0.05,200,100,1.0,softplus,poisson,1.0,0.9689684510231018,0.9995213150978088,0.2808285057544708,1.0
a7380367,node,2,501,0,0.002,0.0,128,10,128.0,3.0,,200,300,0.05,200,100,1.0,softplus,poisson,1.0,0.9689684510231018,0.9995213150978088,0.2808285057544708,1.0
6fabb7c5,node,3,501,0,0.002,0.0,128,10,128.0,3.0,,200,300,0.05,200,100,1.0,softplus,poisson,1.0,0.9724459052085876,0.9991855621337892,0.2807079255580902,0.9999710321426392
6fabb7c5,node,3,501,0,0.002,0.0,128,10,128.0,3.0,,200,300,0.05,200,100,1.0,softplus,poisson,1.0,0.9724459052085876,0.9991855621337892,0.2807079255580902,0.9999710321426392
4b386e39,node,5,501,0,0.002,0.0,128,10,128.0,3.0,,200,300,0.05,200,100,1.0,softplus,poisson,1.0,0.970038652420044,0.9992040991783142,0.280768483877182,0.9998318552970886
4b386e39,node,5,501,0,0.002,0.0,128,10,128.0,3.0,,200,300,0.05,200,100,1.0,softplus,poisson,1.0,0.970038652420044,0.9992040991783142,0.280768483877182,0.9998318552970886
140c6e8f,node,10,501,0,0.002,0.0,128,10,128.0,3.0,,200,300,0.05,200,100,1.0,softplus,poisson,1.0,0.9650883078575134,0.9992350935935974,0.2808099091053009,0.9987808465957642
140c6e8f,node,10,501,0,0.002,0.0,128,10,128.0,3.0,,200,300,0.05,200,100,1.0,softplus,poisson,1.0,0.9650883078575134,0.9992350935935974,0.2808099091053009,0.9987808465957642
fd514f56,node,32,501,0,0.002,0.0,128,10,128.0,3.0,,200,300,0.05,200,100,1.0,softplus,poisson,1.0,0.9027843475341796,0.9981268048286438,0.2806021869182586,0.959792137145996
fd514f56,node,32,501,0,0.002,0.0,128,10,128.0,3.0,,200,300,0.05,200,100,1.0,softplus,poisson,1.0,0.9027843475341796,0.9981268048286438,0.2806021869182586,0.959792137145996
4c2d6827,node,64,501,0,0.002,0.0,128,10,128.0,3.0,,200,300,0.05,200,100,1.0,softplus,poisson,1.0,0.7180652022361755,0.9954856038093568,0.2800202369689941,0.8801525235176086
4c2d6827,node,64,501,0,0.002,0.0,128,10,128.0,3.0,,200,300,0.05,200,100,1.0,softplus,poisson,1.0,0.7180652022361755,0.9954856038093568,0.2800202369689941,0.8801525235176086
7f66f908,gnode,3,500,0,0.002,0.0,128,10,64.0,3.0,torch.nn.functional.softplus,200,300,0.1,200,100,1.0,softplus,poisson,1.0,0.9708947539329528,0.9995175004005432,0.2808253467082977,0.9999578595161438
35c1a647,gnode,32,500,0,0.002,0.0,128,10,64.0,3.0,torch.nn.functional.softplus,200,300,0.1,200,100,1.0,softplus,poisson,1.0,0.874178409576416,0.9977057576179504,0.2804201245307922,0.9101433157920836
2ebdff45,gnode,5,500,0,0.002,0.0,128,10,64.0,3.0,torch.nn.functional.softplus,200,300,0.1,200,100,1.0,softplus,poisson,1.0,0.967900276184082,0.9994524717330932,0.2808143496513366,0.99980491399765
42f0c8e5,gnode,10,500,0,0.002,0.0,128,10,64.0,3.0,torch.nn.functional.softplus,200,300,0.1,200,100,1.0,softplus,poisson,1.0,0.965947151184082,0.9992822408676147,0.2807939648628235,0.9987382888793944
f5bb38d1,gnode,64,500,0,0.002,0.0,128,10,64.0,3.0,torch.nn.functional.softplus,200,300,0.1,200,100,1.0,softplus,poisson,1.0,0.7174471020698547,0.9955800771713256,0.2802580595016479,0.8281390070915222
c13a73bf,gnode,2,500,0,0.002,0.0,128,10,64.0,3.0,torch.nn.functional.softplus,200,300,0.1,200,100,1.0,softplus,poisson,1.0,0.9727010726928712,0.9986652731895448,0.2806069552898407,1.0
2ebdff45,gnode,5,500,0,0.002,0.0,128,10,64.0,3.0,torch.nn.functional.softplus,200,300,0.1,200,100,1.0,softplus,poisson,1.0,0.967900276184082,0.9994524717330932,0.2808143496513366,0.99980491399765
f5bb38d1,gnode,64,500,0,0.002,0.0,128,10,64.0,3.0,torch.nn.functional.softplus,200,300,0.1,200,100,1.0,softplus,poisson,1.0,0.7174471020698547,0.9955800771713256,0.2802580595016479,0.8281390070915222
35c1a647,gnode,32,500,0,0.002,0.0,128,10,64.0,3.0,torch.nn.functional.softplus,200,300,0.1,200,100,1.0,softplus,poisson,1.0,0.874178409576416,0.9977057576179504,0.2804201245307922,0.9101433157920836
c13a73bf,gnode,2,500,0,0.002,0.0,128,10,64.0,3.0,torch.nn.functional.softplus,200,300,0.1,200,100,1.0,softplus,poisson,1.0,0.9727010726928712,0.9986652731895448,0.2806069552898407,1.0
42f0c8e5,gnode,10,500,0,0.002,0.0,128,10,64.0,3.0,torch.nn.functional.softplus,200,300,0.1,200,100,1.0,softplus,poisson,1.0,0.965947151184082,0.9992822408676147,0.2807939648628235,0.9987382888793944
7f66f908,gnode,3,500,0,0.002,0.0,128,10,64.0,3.0,torch.nn.functional.softplus,200,300,0.1,200,100,1.0,softplus,poisson,1.0,0.9708947539329528,0.9995175004005432,0.2808253467082977,0.9999578595161438
eaa8c796,fr,64,500,0,0.0001,0.0001,128,10,,,torch.nn.functional.softplus,280,300,,280,20,1.0,softplus,poisson,1.0,0.6255236268043518,0.6329196095466614,0.1669293493032455,0.998440444469452
b15058d9,fr,32,500,0,0.0001,0.0001,128,10,,,torch.nn.functional.softplus,280,300,,280,20,1.0,softplus,poisson,1.0,0.5788335800170898,0.5988905429840088,0.1612207889556884,0.9976566433906556
83df3de8,fr,256,500,0,0.0001,0.0001,128,10,,,torch.nn.functional.softplus,280,300,,280,20,1.0,softplus,poisson,1.0,0.7795878052711487,0.7896033525466919,0.2106125056743621,0.9992743134498596
599d7410,fr,512,500,0,0.0001,0.0001,128,10,,,torch.nn.functional.softplus,280,300,,280,20,1.0,softplus,poisson,1.0,0.8236130475997925,0.6777319312095642,0.1718772202730178,0.9986116290092468
f9b9eed0,fr,32,501,0,0.0001,0.0001,128,10,,,torch.nn.functional.softplus,280,300,,280,20,1.0,softplus,poisson,1.0,0.2133953422307968,0.1652750968933105,0.0588911697268486,0.9981603622436525
d82cf1d3,fr,128,500,0,0.0001,0.0001,128,10,,,torch.nn.functional.softplus,280,300,,280,20,1.0,softplus,poisson,1.0,0.7142038941383362,0.6856412291526794,0.1810265928506851,0.9864735007286072
b15058d9,fr,32,500,0,0.0001,0.0001,128,10,,,torch.nn.functional.softplus,280,300,,280,20,1.0,softplus,poisson,1.0,0.5788335800170898,0.5988905429840088,0.1612207889556884,0.9976566433906556
83df3de8,fr,256,500,0,0.0001,0.0001,128,10,,,torch.nn.functional.softplus,280,300,,280,20,1.0,softplus,poisson,1.0,0.7795878052711487,0.7896033525466919,0.2106125056743621,0.9992743134498596
eaa8c796,fr,64,500,0,0.0001,0.0001,128,10,,,torch.nn.functional.softplus,280,300,,280,20,1.0,softplus,poisson,1.0,0.6255236268043518,0.6329196095466614,0.1669293493032455,0.998440444469452
d82cf1d3,fr,128,500,0,0.0001,0.0001,128,10,,,torch.nn.functional.softplus,280,300,,280,20,1.0,softplus,poisson,1.0,0.7142038941383362,0.6856412291526794,0.1810265928506851,0.9864735007286072
599d7410,fr,512,500,0,0.0001,0.0001,128,10,,,torch.nn.functional.softplus,280,300,,280,20,1.0,softplus,poisson,1.0,0.8236130475997925,0.6777319312095642,0.1718772202730178,0.9986116290092468
f9b9eed0,fr,32,501,0,0.0001,0.0001,128,10,,,torch.nn.functional.softplus,280,300,,280,20,1.0,softplus,poisson,1.0,0.2133953422307968,0.1652750968933105,0.0588911697268486,0.9981603622436525
6496136e,fr,64,501,0,0.0001,0.0001,128,10,,,torch.nn.functional.softplus,280,300,,280,20,1.0,softplus,poisson,1.0,0.2348289936780929,0.1284774392843246,0.0520727336406707,0.9988549947738647
6496136e,fr,64,501,0,0.0001,0.0001,128,10,,,torch.nn.functional.softplus,280,300,,280,20,1.0,softplus,poisson,1.0,0.2348289936780929,0.1284774392843246,0.0520727336406707,0.9988549947738647
5d123f08,fr,128,501,0,0.0001,0.0001,128,10,,,torch.nn.functional.softplus,280,300,,280,20,1.0,softplus,poisson,1.0,0.7911256551742554,0.6696863770484924,0.1721293628215789,0.9836610555648804
5d123f08,fr,128,501,0,0.0001,0.0001,128,10,,,torch.nn.functional.softplus,280,300,,280,20,1.0,softplus,poisson,1.0,0.7911256551742554,0.6696863770484924,0.1721293628215789,0.9836610555648804
39ca03fc,fr,256,501,0,0.0001,0.0001,128,10,,,torch.nn.functional.softplus,280,300,,280,20,1.0,softplus,poisson,1.0,0.8328023552894592,0.8024151921272278,0.2117870301008224,0.999091863632202
39ca03fc,fr,256,501,0,0.0001,0.0001,128,10,,,torch.nn.functional.softplus,280,300,,280,20,1.0,softplus,poisson,1.0,0.8328023552894592,0.8024151921272278,0.2117870301008224,0.999091863632202
5e371ba8,fr,512,501,0,0.0001,0.0001,128,10,,,torch.nn.functional.softplus,280,300,,280,20,1.0,softplus,poisson,1.0,0.7923997640609741,0.6724146008491516,0.183385357260704,0.9988802671432496
5e371ba8,fr,512,501,0,0.0001,0.0001,128,10,,,torch.nn.functional.softplus,280,300,,280,20,1.0,softplus,poisson,1.0,0.7923997640609741,0.6724146008491516,0.183385357260704,0.9988802671432496
536c050b,gnode,32,500,0,0.002,0.0,128,10,64.0,3.0,torch.nn.functional.softplus,280,300,0.1,280,20,1.0,softplus,poisson,1.0,0.887793242931366,0.9966731071472168,0.2805096507072449,0.9062629342079164
87244eb0,gnode,5,500,0,0.002,0.0,128,10,64.0,3.0,torch.nn.functional.softplus,280,300,0.1,280,20,1.0,softplus,poisson,1.0,0.9683173298835754,0.9995840191841124,0.2812646627426147,0.9994347095489502
3d41d2b1,gnode,3,500,0,0.002,0.0,128,10,64.0,3.0,torch.nn.functional.softplus,280,300,0.1,280,20,1.0,softplus,poisson,1.0,0.971089243888855,0.9983477592468262,0.280860424041748,0.9999595284461976
7c029f3f,gnode,64,500,0,0.002,0.0,128,10,64.0,3.0,torch.nn.functional.softplus,280,300,0.1,280,20,1.0,softplus,poisson,1.0,0.7234116196632385,0.995337724685669,0.2803028225898742,0.7959923148155212
3a1c93f5,gnode,10,500,0,0.002,0.0,128,10,64.0,3.0,torch.nn.functional.softplus,280,300,0.1,280,20,1.0,softplus,poisson,1.0,0.9623316526412964,0.9986755847930908,0.2807846367359161,0.9989804625511168
99eb3cdc,gnode,2,500,0,0.002,0.0,128,10,64.0,3.0,torch.nn.functional.softplus,280,300,0.1,280,20,1.0,softplus,poisson,1.0,0.9716090559959412,0.996302366256714,0.2804002165794372,1.0
99eb3cdc,gnode,2,500,0,0.002,0.0,128,10,64.0,3.0,torch.nn.functional.softplus,280,300,0.1,280,20,1.0,softplus,poisson,1.0,0.9716090559959412,0.996302366256714,0.2804002165794372,1.0
3a1c93f5,gnode,10,500,0,0.002,0.0,128,10,64.0,3.0,torch.nn.functional.softplus,280,300,0.1,280,20,1.0,softplus,poisson,1.0,0.9623316526412964,0.9986755847930908,0.2807846367359161,0.9989804625511168
87244eb0,gnode,5,500,0,0.002,0.0,128,10,64.0,3.0,torch.nn.functional.softplus,280,300,0.1,280,20,1.0,softplus,poisson,1.0,0.9683173298835754,0.9995840191841124,0.2812646627426147,0.9994347095489502
7c029f3f,gnode,64,500,0,0.002,0.0,128,10,64.0,3.0,torch.nn.functional.softplus,280,300,0.1,280,20,1.0,softplus,poisson,1.0,0.7234116196632385,0.995337724685669,0.2803028225898742,0.7959923148155212
3d41d2b1,gnode,3,500,0,0.002,0.0,128,10,64.0,3.0,torch.nn.functional.softplus,280,300,0.1,280,20,1.0,softplus,poisson,1.0,0.971089243888855,0.9983477592468262,0.280860424041748,0.9999595284461976
536c050b,gnode,32,500,0,0.002,0.0,128,10,64.0,3.0,torch.nn.functional.softplus,280,300,0.1,280,20,1.0,softplus,poisson,1.0,0.887793242931366,0.9966731071472168,0.2805096507072449,0.9062629342079164
c7a1b705,gnode,2,501,0,0.002,0.0,128,10,64.0,3.0,torch.nn.functional.softplus,280,300,0.1,280,20,1.0,softplus,poisson,1.0,0.9713622331619264,0.9981374740600586,0.280917078256607,1.0
c7a1b705,gnode,2,501,0,0.002,0.0,128,10,64.0,3.0,torch.nn.functional.softplus,280,300,0.1,280,20,1.0,softplus,poisson,1.0,0.9713622331619264,0.9981374740600586,0.280917078256607,1.0
d00662c5,gnode,3,501,0,0.002,0.0,128,10,64.0,3.0,torch.nn.functional.softplus,280,300,0.1,280,20,1.0,softplus,poisson,1.0,0.9672160744667052,0.9861118793487548,0.2774620950222015,0.9999520778656006
d00662c5,gnode,3,501,0,0.002,0.0,128,10,64.0,3.0,torch.nn.functional.softplus,280,300,0.1,280,20,1.0,softplus,poisson,1.0,0.9672160744667052,0.9861118793487548,0.2774620950222015,0.9999520778656006
b8751e26,gnode,5,501,0,0.002,0.0,128,10,64.0,3.0,torch.nn.functional.softplus,280,300,0.1,280,20,1.0,softplus,poisson,1.0,0.968692421913147,0.9996195435523988,0.2812703251838684,0.999441146850586
b6e5db47,gnode,10,501,0,0.002,0.0,128,10,64.0,3.0,torch.nn.functional.softplus,280,300,0.1,280,20,1.0,softplus,poisson,1.0,0.9654141068458556,0.997208297252655,0.2804235816001892,0.998903512954712
b8751e26,gnode,5,501,0,0.002,0.0,128,10,64.0,3.0,torch.nn.functional.softplus,280,300,0.1,280,20,1.0,softplus,poisson,1.0,0.968692421913147,0.9996195435523988,0.2812703251838684,0.999441146850586
b6e5db47,gnode,10,501,0,0.002,0.0,128,10,64.0,3.0,torch.nn.functional.softplus,280,300,0.1,280,20,1.0,softplus,poisson,1.0,0.9654141068458556,0.997208297252655,0.2804235816001892,0.998903512954712
83c15e0b,gnode,32,501,0,0.002,0.0,128,10,64.0,3.0,torch.nn.functional.softplus,280,300,0.1,280,20,1.0,softplus,poisson,1.0,0.8868988156318665,0.9977246522903442,0.2807656824588775,0.9031214714050292
83c15e0b,gnode,32,501,0,0.002,0.0,128,10,64.0,3.0,torch.nn.functional.softplus,280,300,0.1,280,20,1.0,softplus,poisson,1.0,0.8868988156318665,0.9977246522903442,0.2807656824588775,0.9031214714050292
64358cd7,gnode,64,501,0,0.002,0.0,128,10,64.0,3.0,torch.nn.functional.softplus,280,300,0.1,280,20,1.0,softplus,poisson,1.0,0.720819354057312,0.9953099489212036,0.2802720069885254,0.7943689227104187
64358cd7,gnode,64,501,0,0.002,0.0,128,10,64.0,3.0,torch.nn.functional.softplus,280,300,0.1,280,20,1.0,softplus,poisson,1.0,0.720819354057312,0.9953099489212036,0.2802720069885254,0.7943689227104187
5be79c3c,node,32,500,0,0.002,0.0,128,10,128.0,3.0,torch.nn.functional.softplus,250,300,0.05,250,50,1.0,softplus,poisson,1.0,0.8997061252593994,0.9965906739234924,0.2801070809364319,0.9579207301139832
7d37cc9b,node,5,500,0,0.002,0.0,128,10,128.0,3.0,torch.nn.functional.softplus,250,300,0.05,250,50,1.0,softplus,poisson,1.0,0.9696622490882874,0.9995511174201964,0.2808457911014557,0.9998872876167296
91a47db1,node,10,500,0,0.002,0.0,128,10,128.0,3.0,torch.nn.functional.softplus,250,300,0.05,250,50,1.0,softplus,poisson,1.0,0.965967297554016,0.9994325041770936,0.2808278799057007,0.9988453388214112
188ab288,node,3,500,0,0.002,0.0,128,10,128.0,3.0,torch.nn.functional.softplus,250,300,0.05,250,50,1.0,softplus,poisson,1.0,0.9660627841949464,0.9990898370742798,0.2807103097438812,0.9999852180480956
7a31afc2,node,2,500,0,0.002,0.0,128,10,128.0,3.0,torch.nn.functional.softplus,250,300,0.05,250,50,1.0,softplus,poisson,1.0,0.9714315533638,0.9995245933532716,0.2808234691619873,1.0
5be79c3c,node,32,500,0,0.002,0.0,128,10,128.0,3.0,torch.nn.functional.softplus,250,300,0.05,250,50,1.0,softplus,poisson,1.0,0.8997061252593994,0.9965906739234924,0.2801070809364319,0.9579207301139832
7d37cc9b,node,5,500,0,0.002,0.0,128,10,128.0,3.0,torch.nn.functional.softplus,250,300,0.05,250,50,1.0,softplus,poisson,1.0,0.9696622490882874,0.9995511174201964,0.2808457911014557,0.9998872876167296
188ab288,node,3,500,0,0.002,0.0,128,10,128.0,3.0,torch.nn.functional.softplus,250,300,0.05,250,50,1.0,softplus,poisson,1.0,0.9660627841949464,0.9990898370742798,0.2807103097438812,0.9999852180480956
91a47db1,node,10,500,0,0.002,0.0,128,10,128.0,3.0,torch.nn.functional.softplus,250,300,0.05,250,50,1.0,softplus,poisson,1.0,0.965967297554016,0.9994325041770936,0.2808278799057007,0.9988453388214112
7a31afc2,node,2,500,0,0.002,0.0,128,10,128.0,3.0,torch.nn.functional.softplus,250,300,0.05,250,50,1.0,softplus,poisson,1.0,0.9714315533638,0.9995245933532716,0.2808234691619873,1.0
5d4dfe4a,node,64,500,0,0.002,0.0,128,10,128.0,3.0,torch.nn.functional.softplus,250,300,0.05,250,50,1.0,softplus,poisson,1.0,0.7168197631835938,0.9931938648223876,0.2792350351810455,0.8714632391929626
5d4dfe4a,node,64,500,0,0.002,0.0,128,10,128.0,3.0,torch.nn.functional.softplus,250,300,0.05,250,50,1.0,softplus,poisson,1.0,0.7168197631835938,0.9931938648223876,0.2792350351810455,0.8714632391929626
49e261a4,node,2,500,0,0.002,0.0,128,10,128.0,3.0,,250,300,0.05,250,50,1.0,softplus,poisson,1.0,0.971430480480194,0.9995233416557312,0.28082275390625,1.0
49e261a4,node,2,500,0,0.002,0.0,128,10,128.0,3.0,,250,300,0.05,250,50,1.0,softplus,poisson,1.0,0.971430480480194,0.9995233416557312,0.28082275390625,1.0
d427903d,node,3,500,0,0.002,0.0,128,10,128.0,3.0,,250,300,0.05,250,50,1.0,softplus,poisson,1.0,0.9660628437995912,0.999089241027832,0.2807097733020782,0.9999850988388062
d427903d,node,3,500,0,0.002,0.0,128,10,128.0,3.0,,250,300,0.05,250,50,1.0,softplus,poisson,1.0,0.9660628437995912,0.999089241027832,0.2807097733020782,0.9999850988388062
5f1af55e,node,5,500,0,0.002,0.0,128,10,128.0,3.0,,250,300,0.05,250,50,1.0,softplus,poisson,1.0,0.9696626663208008,0.9995505809783936,0.2808464765548706,0.9998862743377686
5f1af55e,node,5,500,0,0.002,0.0,128,10,128.0,3.0,,250,300,0.05,250,50,1.0,softplus,poisson,1.0,0.9696626663208008,0.9995505809783936,0.2808464765548706,0.9998862743377686
b5390459,node,10,500,0,0.002,0.0,128,10,128.0,3.0,,250,300,0.05,250,50,1.0,softplus,poisson,1.0,0.9659590125083924,0.9994311332702636,0.2808270156383514,0.998833179473877
b5390459,node,10,500,0,0.002,0.0,128,10,128.0,3.0,,250,300,0.05,250,50,1.0,softplus,poisson,1.0,0.9659590125083924,0.9994311332702636,0.2808270156383514,0.998833179473877
964dd9a7,node,32,500,0,0.002,0.0,128,10,128.0,3.0,,250,300,0.05,250,50,1.0,softplus,poisson,1.0,0.899824321269989,0.9965834617614746,0.2801099121570587,0.9579159617424012
964dd9a7,node,32,500,0,0.002,0.0,128,10,128.0,3.0,,250,300,0.05,250,50,1.0,softplus,poisson,1.0,0.899824321269989,0.9965834617614746,0.2801099121570587,0.9579159617424012
02a69630,node,64,500,0,0.002,0.0,128,10,128.0,3.0,,250,300,0.05,250,50,1.0,softplus,poisson,1.0,0.7165733575820923,0.9931859970092772,0.279237151145935,0.8724942803382874
02a69630,node,64,500,0,0.002,0.0,128,10,128.0,3.0,,250,300,0.05,250,50,1.0,softplus,poisson,1.0,0.7165733575820923,0.9931859970092772,0.279237151145935,0.8724942803382874
106f9119,node,2,501,0,0.002,0.0,128,10,128.0,3.0,torch.nn.functional.softplus,250,300,0.05,250,50,1.0,softplus,poisson,1.0,0.9720881581306458,0.9985615015029908,0.2805323898792267,1.0
106f9119,node,2,501,0,0.002,0.0,128,10,128.0,3.0,torch.nn.functional.softplus,250,300,0.05,250,50,1.0,softplus,poisson,1.0,0.9720881581306458,0.9985615015029908,0.2805323898792267,1.0
2c321edb,node,3,501,0,0.002,0.0,128,10,128.0,3.0,torch.nn.functional.softplus,250,300,0.05,250,50,1.0,softplus,poisson,1.0,0.96808660030365,0.9975720047950744,0.2804169058799743,0.9999824166297911
2c321edb,node,3,501,0,0.002,0.0,128,10,128.0,3.0,torch.nn.functional.softplus,250,300,0.05,250,50,1.0,softplus,poisson,1.0,0.96808660030365,0.9975720047950744,0.2804169058799743,0.9999824166297911
fd988c4f,node,5,501,0,0.002,0.0,128,10,128.0,3.0,torch.nn.functional.softplus,250,300,0.05,250,50,1.0,softplus,poisson,1.0,0.9682257175445556,0.9995442628860474,0.2808381617069244,0.9998759031295776
fd988c4f,node,5,501,0,0.002,0.0,128,10,128.0,3.0,torch.nn.functional.softplus,250,300,0.05,250,50,1.0,softplus,poisson,1.0,0.9682257175445556,0.9995442628860474,0.2808381617069244,0.9998759031295776
baf7dedf,node,10,501,0,0.002,0.0,128,10,128.0,3.0,torch.nn.functional.softplus,250,300,0.05,250,50,1.0,softplus,poisson,1.0,0.9642370343208312,0.9994179010391236,0.280816912651062,0.998860239982605
baf7dedf,node,10,501,0,0.002,0.0,128,10,128.0,3.0,torch.nn.functional.softplus,250,300,0.05,250,50,1.0,softplus,poisson,1.0,0.9642370343208312,0.9994179010391236,0.280816912651062,0.998860239982605
72a3d0b9,node,32,501,0,0.002,0.0,128,10,128.0,3.0,torch.nn.functional.softplus,250,300,0.05,250,50,1.0,softplus,poisson,1.0,0.9022522568702698,0.9981980919837952,0.2805911600589752,0.961766242980957
72a3d0b9,node,32,501,0,0.002,0.0,128,10,128.0,3.0,torch.nn.functional.softplus,250,300,0.05,250,50,1.0,softplus,poisson,1.0,0.9022522568702698,0.9981980919837952,0.2805911600589752,0.961766242980957
04e7df0e,node,64,501,0,0.002,0.0,128,10,128.0,3.0,torch.nn.functional.softplus,250,300,0.05,250,50,1.0,softplus,poisson,1.0,0.6873401999473572,0.9947478771209716,0.2798262536525726,0.8436776995658875
1a17da42,node,2,501,0,0.002,0.0,128,10,128.0,3.0,,250,300,0.05,250,50,1.0,softplus,poisson,1.0,0.9720842838287354,0.998561680316925,0.2805314660072326,1.0
1a17da42,node,2,501,0,0.002,0.0,128,10,128.0,3.0,,250,300,0.05,250,50,1.0,softplus,poisson,1.0,0.9720842838287354,0.998561680316925,0.2805314660072326,1.0
04e7df0e,node,64,501,0,0.002,0.0,128,10,128.0,3.0,torch.nn.functional.softplus,250,300,0.05,250,50,1.0,softplus,poisson,1.0,0.6873401999473572,0.9947478771209716,0.2798262536525726,0.8436776995658875
a4d81a60,node,3,501,0,0.002,0.0,128,10,128.0,3.0,,250,300,0.05,250,50,1.0,softplus,poisson,1.0,0.9680830240249634,0.9975717067718506,0.2804167568683624,0.9999824166297911
a4d81a60,node,3,501,0,0.002,0.0,128,10,128.0,3.0,,250,300,0.05,250,50,1.0,softplus,poisson,1.0,0.9680830240249634,0.9975717067718506,0.2804167568683624,0.9999824166297911
357597a4,node,5,501,0,0.002,0.0,128,10,128.0,3.0,,250,300,0.05,250,50,1.0,softplus,poisson,1.0,0.9682249426841736,0.9995454549789428,0.2808383405208587,0.9998754858970642
357597a4,node,5,501,0,0.002,0.0,128,10,128.0,3.0,,250,300,0.05,250,50,1.0,softplus,poisson,1.0,0.9682249426841736,0.9995454549789428,0.2808383405208587,0.9998754858970642
3b63a68e,node,10,501,0,0.002,0.0,128,10,128.0,3.0,,250,300,0.05,250,50,1.0,softplus,poisson,1.0,0.9642202258110046,0.9994162321090698,0.2808144390583038,0.9988460540771484
3b63a68e,node,10,501,0,0.002,0.0,128,10,128.0,3.0,,250,300,0.05,250,50,1.0,softplus,poisson,1.0,0.9642202258110046,0.9994162321090698,0.2808144390583038,0.9988460540771484
6a406145,node,32,501,0,0.002,0.0,128,10,128.0,3.0,,250,300,0.05,250,50,1.0,softplus,poisson,1.0,0.9028660655021667,0.9981966614723206,0.280588150024414,0.962413728237152
6a406145,node,32,501,0,0.002,0.0,128,10,128.0,3.0,,250,300,0.05,250,50,1.0,softplus,poisson,1.0,0.9028660655021667,0.9981966614723206,0.280588150024414,0.962413728237152
1e9588f2,node,64,501,0,0.002,0.0,128,10,128.0,3.0,,250,300,0.05,250,50,1.0,softplus,poisson,1.0,0.6881755590438843,0.9947783946990968,0.2798425257205963,0.843368649482727
1e9588f2,node,64,501,0,0.002,0.0,128,10,128.0,3.0,,250,300,0.05,250,50,1.0,softplus,poisson,1.0,0.6881755590438843,0.9947783946990968,0.2798425257205963,0.843368649482727
849e5565,fr,256,500,0,0.0001,0.0001,128,10,,,torch.nn.functional.softplus,200,300,,200,100,1.0,softplus,poisson,1.0,0.843049943447113,0.8201675415039062,0.2168803513050079,0.999192237854004
87cad0a3,fr,32,500,0,0.0001,0.0001,128,10,,,,200,300,,200,100,1.0,softplus,poisson,1.0,0.4486900568008423,0.4855684340000152,0.1336985975503921,0.9966529607772828
3cdf23ce,fr,32,500,0,0.0001,0.0001,128,10,,,torch.nn.functional.softplus,200,300,,200,100,1.0,softplus,poisson,1.0,0.4608946442604065,0.4962675869464874,0.136249154806137,0.9966405630111694
95e869f5,fr,512,500,0,0.0001,0.0001,128,10,,,torch.nn.functional.softplus,200,300,,200,100,1.0,softplus,poisson,1.0,0.8445248007774353,0.7889226078987122,0.2053090780973434,0.9989442229270936
4c485089,fr,64,500,0,0.0001,0.0001,128,10,,,torch.nn.functional.softplus,200,300,,200,100,1.0,softplus,poisson,1.0,0.0388331599533557,-0.6067719459533691,-0.1200418174266815,0.9987878203392028
3d84f657,fr,128,500,0,0.0001,0.0001,128,10,,,torch.nn.functional.softplus,200,300,,200,100,1.0,softplus,poisson,1.0,0.7416808009147644,0.610291600227356,0.1553253382444381,0.9758242964744568
849e5565,fr,256,500,0,0.0001,0.0001,128,10,,,torch.nn.functional.softplus,200,300,,200,100,1.0,softplus,poisson,1.0,0.843049943447113,0.8201675415039062,0.2168803513050079,0.999192237854004
87cad0a3,fr,32,500,0,0.0001,0.0001,128,10,,,,200,300,,200,100,1.0,softplus,poisson,1.0,0.4486900568008423,0.4855684340000152,0.1336985975503921,0.9966529607772828
95e869f5,fr,512,500,0,0.0001,0.0001,128,10,,,torch.nn.functional.softplus,200,300,,200,100,1.0,softplus,poisson,1.0,0.8445248007774353,0.7889226078987122,0.2053090780973434,0.9989442229270936
3cdf23ce,fr,32,500,0,0.0001,0.0001,128,10,,,torch.nn.functional.softplus,200,300,,200,100,1.0,softplus,poisson,1.0,0.4608946442604065,0.4962675869464874,0.136249154806137,0.9966405630111694
4c485089,fr,64,500,0,0.0001,0.0001,128,10,,,torch.nn.functional.softplus,200,300,,200,100,1.0,softplus,poisson,1.0,0.0388331599533557,-0.6067719459533691,-0.1200418174266815,0.9987878203392028
3d84f657,fr,128,500,0,0.0001,0.0001,128,10,,,torch.nn.functional.softplus,200,300,,200,100,1.0,softplus,poisson,1.0,0.7416808009147644,0.610291600227356,0.1553253382444381,0.9758242964744568
1f5ba8c6,fr,64,500,0,0.0001,0.0001,128,10,,,,200,300,,200,100,1.0,softplus,poisson,1.0,0.0375323481857776,-0.612830400466919,-0.1213950142264366,0.9987872242927552
27ea651f,fr,512,500,0,0.0001,0.0001,128,10,,,,200,300,,200,100,1.0,softplus,poisson,1.0,0.8445260524749756,0.7889217734336853,0.205308735370636,0.9989442229270936
1f5ba8c6,fr,64,500,0,0.0001,0.0001,128,10,,,,200,300,,200,100,1.0,softplus,poisson,1.0,0.0375323481857776,-0.612830400466919,-0.1213950142264366,0.9987872242927552
27ea651f,fr,512,500,0,0.0001,0.0001,128,10,,,,200,300,,200,100,1.0,softplus,poisson,1.0,0.8445260524749756,0.7889217734336853,0.205308735370636,0.9989442229270936
ac2cd44c,fr,128,500,0,0.0001,0.0001,128,10,,,,200,300,,200,100,1.0,softplus,poisson,1.0,0.7417308688163757,0.6104369759559631,0.1553639322519302,0.9758235216140748
51898186,fr,256,500,0,0.0001,0.0001,128,10,,,,200,300,,200,100,1.0,softplus,poisson,1.0,0.8430505394935608,0.8201678991317749,0.2168805301189422,0.999192237854004
ac2cd44c,fr,128,500,0,0.0001,0.0001,128,10,,,,200,300,,200,100,1.0,softplus,poisson,1.0,0.7417308688163757,0.6104369759559631,0.1553639322519302,0.9758235216140748
51898186,fr,256,500,0,0.0001,0.0001,128,10,,,,200,300,,200,100,1.0,softplus,poisson,1.0,0.8430505394935608,0.8201678991317749,0.2168805301189422,0.999192237854004
2650a493,fr,32,501,0,0.0001,0.0001,128,10,,,torch.nn.functional.softplus,200,300,,200,100,1.0,softplus,poisson,1.0,0.6092367172241211,0.6214057803153992,0.1653448641300201,0.996290922164917
2650a493,fr,32,501,0,0.0001,0.0001,128,10,,,torch.nn.functional.softplus,200,300,,200,100,1.0,softplus,poisson,1.0,0.6092367172241211,0.6214057803153992,0.1653448641300201,0.996290922164917
472d76b9,fr,64,501,0,0.0001,0.0001,128,10,,,torch.nn.functional.softplus,200,300,,200,100,1.0,softplus,poisson,1.0,0.5982100963592529,0.5908967852592468,0.1563209742307663,0.9983456134796144
472d76b9,fr,64,501,0,0.0001,0.0001,128,10,,,torch.nn.functional.softplus,200,300,,200,100,1.0,softplus,poisson,1.0,0.5982100963592529,0.5908967852592468,0.1563209742307663,0.9983456134796144
d12d0fcb,fr,128,501,0,0.0001,0.0001,128,10,,,torch.nn.functional.softplus,200,300,,200,100,1.0,softplus,poisson,1.0,0.7996187210083008,0.7069584131240845,0.1824424862861633,0.9792741537094116
d12d0fcb,fr,128,501,0,0.0001,0.0001,128,10,,,torch.nn.functional.softplus,200,300,,200,100,1.0,softplus,poisson,1.0,0.7996187210083008,0.7069584131240845,0.1824424862861633,0.9792741537094116
59aafcad,fr,256,501,0,0.0001,0.0001,128,10,,,torch.nn.functional.softplus,200,300,,200,100,1.0,softplus,poisson,1.0,0.8123236894607544,0.7922918200492859,0.2176215201616287,0.9994009733200072
59aafcad,fr,256,501,0,0.0001,0.0001,128,10,,,torch.nn.functional.softplus,200,300,,200,100,1.0,softplus,poisson,1.0,0.8123236894607544,0.7922918200492859,0.2176215201616287,0.9994009733200072
ff5116ad,fr,512,501,0,0.0001,0.0001,128,10,,,torch.nn.functional.softplus,200,300,,200,100,1.0,softplus,poisson,1.0,0.8192095160484314,0.8074110150337219,0.2157201766967773,0.9993273019790648
ff5116ad,fr,512,501,0,0.0001,0.0001,128,10,,,torch.nn.functional.softplus,200,300,,200,100,1.0,softplus,poisson,1.0,0.8192095160484314,0.8074110150337219,0.2157201766967773,0.9993273019790648
0517d079,fr,32,501,0,0.0001,0.0001,128,10,,,,200,300,,200,100,1.0,softplus,poisson,1.0,0.6090940237045288,0.6214048266410828,0.1653441488742828,0.9962905645370485
0517d079,fr,32,501,0,0.0001,0.0001,128,10,,,,200,300,,200,100,1.0,softplus,poisson,1.0,0.6090940237045288,0.6214048266410828,0.1653441488742828,0.9962905645370485
d1e41d15,fr,64,501,0,0.0001,0.0001,128,10,,,,200,300,,200,100,1.0,softplus,poisson,1.0,0.5982545614242554,0.5908766388893127,0.1563149541616439,0.998345911502838
d1e41d15,fr,64,501,0,0.0001,0.0001,128,10,,,,200,300,,200,100,1.0,softplus,poisson,1.0,0.5982545614242554,0.5908766388893127,0.1563149541616439,0.998345911502838
5cc314ac,fr,128,501,0,0.0001,0.0001,128,10,,,,200,300,,200,100,1.0,softplus,poisson,1.0,0.799497663974762,0.7069991827011108,0.1824564784765243,0.97927325963974
5cc314ac,fr,128,501,0,0.0001,0.0001,128,10,,,,200,300,,200,100,1.0,softplus,poisson,1.0,0.799497663974762,0.7069991827011108,0.1824564784765243,0.97927325963974
9cfa68af,fr,256,501,0,0.0001,0.0001,128,10,,,,200,300,,200,100,1.0,softplus,poisson,1.0,0.8123427629470825,0.7923110127449036,0.2176269888877868,0.9994010925292968
9cfa68af,fr,256,501,0,0.0001,0.0001,128,10,,,,200,300,,200,100,1.0,softplus,poisson,1.0,0.8123427629470825,0.7923110127449036,0.2176269888877868,0.9994010925292968
822fb8eb,fr,512,501,0,0.0001,0.0001,128,10,,,,200,300,,200,100,1.0,softplus,poisson,1.0,0.819209098815918,0.8074111938476562,0.2157198339700698,0.9993273019790648
822fb8eb,fr,512,501,0,0.0001,0.0001,128,10,,,,200,300,,200,100,1.0,softplus,poisson,1.0,0.819209098815918,0.8074111938476562,0.2157198339700698,0.9993273019790648
89b1f3f9,fr,32,500,0,0.0001,0.0001,128,10,,,,280,300,,280,20,1.0,softplus,poisson,1.0,0.5771424174308777,0.5979247689247131,0.1609934270381927,0.997658908367157
83df3de8,fr,256,500,0,0.0001,0.0001,128,10,,,torch.nn.functional.softplus,280,300,,280,20,1.0,softplus,poisson,1.0,0.7795878052711487,0.7896033525466919,0.2106125056743621,0.9992743134498596
599d7410,fr,512,500,0,0.0001,0.0001,128,10,,,torch.nn.functional.softplus,280,300,,280,20,1.0,softplus,poisson,1.0,0.8236130475997925,0.6777319312095642,0.1718772202730178,0.9986116290092468
b15058d9,fr,32,500,0,0.0001,0.0001,128,10,,,torch.nn.functional.softplus,280,300,,280,20,1.0,softplus,poisson,1.0,0.5788335800170898,0.5988905429840088,0.1612207889556884,0.9976566433906556
eaa8c796,fr,64,500,0,0.0001,0.0001,128,10,,,torch.nn.functional.softplus,280,300,,280,20,1.0,softplus,poisson,1.0,0.6255236268043518,0.6329196095466614,0.1669293493032455,0.998440444469452
d82cf1d3,fr,128,500,0,0.0001,0.0001,128,10,,,torch.nn.functional.softplus,280,300,,280,20,1.0,softplus,poisson,1.0,0.7142038941383362,0.6856412291526794,0.1810265928506851,0.9864735007286072
b15058d9,fr,32,500,0,0.0001,0.0001,128,10,,,torch.nn.functional.softplus,280,300,,280,20,1.0,softplus,poisson,1.0,0.5788335800170898,0.5988905429840088,0.1612207889556884,0.9976566433906556
599d7410,fr,512,500,0,0.0001,0.0001,128,10,,,torch.nn.functional.softplus,280,300,,280,20,1.0,softplus,poisson,1.0,0.8236130475997925,0.6777319312095642,0.1718772202730178,0.9986116290092468
89b1f3f9,fr,32,500,0,0.0001,0.0001,128,10,,,,280,300,,280,20,1.0,softplus,poisson,1.0,0.5771424174308777,0.5979247689247131,0.1609934270381927,0.997658908367157
eaa8c796,fr,64,500,0,0.0001,0.0001,128,10,,,torch.nn.functional.softplus,280,300,,280,20,1.0,softplus,poisson,1.0,0.6255236268043518,0.6329196095466614,0.1669293493032455,0.998440444469452
83df3de8,fr,256,500,0,0.0001,0.0001,128,10,,,torch.nn.functional.softplus,280,300,,280,20,1.0,softplus,poisson,1.0,0.7795878052711487,0.7896033525466919,0.2106125056743621,0.9992743134498596
d82cf1d3,fr,128,500,0,0.0001,0.0001,128,10,,,torch.nn.functional.softplus,280,300,,280,20,1.0,softplus,poisson,1.0,0.7142038941383362,0.6856412291526794,0.1810265928506851,0.9864735007286072
33ca4f70,fr,64,500,0,0.0001,0.0001,128,10,,,,280,300,,280,20,1.0,softplus,poisson,1.0,0.6250196099281311,0.632673442363739,0.1668404638767242,0.998436689376831
33ca4f70,fr,64,500,0,0.0001,0.0001,128,10,,,,280,300,,280,20,1.0,softplus,poisson,1.0,0.6250196099281311,0.632673442363739,0.1668404638767242,0.998436689376831
06a69627,fr,128,500,0,0.0001,0.0001,128,10,,,,280,300,,280,20,1.0,softplus,poisson,1.0,0.7137065529823303,0.6852730512619019,0.1809323877096176,0.9864397644996644
06a69627,fr,128,500,0,0.0001,0.0001,128,10,,,,280,300,,280,20,1.0,softplus,poisson,1.0,0.7137065529823303,0.6852730512619019,0.1809323877096176,0.9864397644996644
73cbffdb,fr,256,500,0,0.0001,0.0001,128,10,,,,280,300,,280,20,1.0,softplus,poisson,1.0,0.7795798182487488,0.7896021008491516,0.210611805319786,0.9992744326591492
73cbffdb,fr,256,500,0,0.0001,0.0001,128,10,,,,280,300,,280,20,1.0,softplus,poisson,1.0,0.7795798182487488,0.7896021008491516,0.210611805319786,0.9992744326591492
a50396c9,fr,512,500,0,0.0001,0.0001,128,10,,,,280,300,,280,20,1.0,softplus,poisson,1.0,0.8236170411109924,0.6777324080467224,0.1718772202730178,0.9986116290092468
a50396c9,fr,512,500,0,0.0001,0.0001,128,10,,,,280,300,,280,20,1.0,softplus,poisson,1.0,0.8236170411109924,0.6777324080467224,0.1718772202730178,0.9986116290092468
f9b9eed0,fr,32,501,0,0.0001,0.0001,128,10,,,torch.nn.functional.softplus,280,300,,280,20,1.0,softplus,poisson,1.0,0.2133953422307968,0.1652750968933105,0.0588911697268486,0.9981603622436525
f9b9eed0,fr,32,501,0,0.0001,0.0001,128,10,,,torch.nn.functional.softplus,280,300,,280,20,1.0,softplus,poisson,1.0,0.2133953422307968,0.1652750968933105,0.0588911697268486,0.9981603622436525
6496136e,fr,64,501,0,0.0001,0.0001,128,10,,,torch.nn.functional.softplus,280,300,,280,20,1.0,softplus,poisson,1.0,0.2348289936780929,0.1284774392843246,0.0520727336406707,0.9988549947738647
6496136e,fr,64,501,0,0.0001,0.0001,128,10,,,torch.nn.functional.softplus,280,300,,280,20,1.0,softplus,poisson,1.0,0.2348289936780929,0.1284774392843246,0.0520727336406707,0.9988549947738647
5d123f08,fr,128,501,0,0.0001,0.0001,128,10,,,torch.nn.functional.softplus,280,300,,280,20,1.0,softplus,poisson,1.0,0.7911256551742554,0.6696863770484924,0.1721293628215789,0.9836610555648804
5d123f08,fr,128,501,0,0.0001,0.0001,128,10,,,torch.nn.functional.softplus,280,300,,280,20,1.0,softplus,poisson,1.0,0.7911256551742554,0.6696863770484924,0.1721293628215789,0.9836610555648804
39ca03fc,fr,256,501,0,0.0001,0.0001,128,10,,,torch.nn.functional.softplus,280,300,,280,20,1.0,softplus,poisson,1.0,0.8328023552894592,0.8024151921272278,0.2117870301008224,0.999091863632202
39ca03fc,fr,256,501,0,0.0001,0.0001,128,10,,,torch.nn.functional.softplus,280,300,,280,20,1.0,softplus,poisson,1.0,0.8328023552894592,0.8024151921272278,0.2117870301008224,0.999091863632202
5e371ba8,fr,512,501,0,0.0001,0.0001,128,10,,,torch.nn.functional.softplus,280,300,,280,20,1.0,softplus,poisson,1.0,0.7923997640609741,0.6724146008491516,0.183385357260704,0.9988802671432496
5e371ba8,fr,512,501,0,0.0001,0.0001,128,10,,,torch.nn.functional.softplus,280,300,,280,20,1.0,softplus,poisson,1.0,0.7923997640609741,0.6724146008491516,0.183385357260704,0.9988802671432496
3ba4b0a9,fr,32,501,0,0.0001,0.0001,128,10,,,,280,300,,280,20,1.0,softplus,poisson,1.0,0.2112667262554168,0.1632980853319168,0.0584031641483306,0.9981620907783508
3ba4b0a9,fr,32,501,0,0.0001,0.0001,128,10,,,,280,300,,280,20,1.0,softplus,poisson,1.0,0.2112667262554168,0.1632980853319168,0.0584031641483306,0.9981620907783508
5c1ddcd4,fr,64,501,0,0.0001,0.0001,128,10,,,,280,300,,280,20,1.0,softplus,poisson,1.0,0.2211021780967712,0.1160834804177284,0.0487583391368389,0.9988471269607544
5c1ddcd4,fr,64,501,0,0.0001,0.0001,128,10,,,,280,300,,280,20,1.0,softplus,poisson,1.0,0.2211021780967712,0.1160834804177284,0.0487583391368389,0.9988471269607544
86e40376,fr,128,501,0,0.0001,0.0001,128,10,,,,280,300,,280,20,1.0,softplus,poisson,1.0,0.7914543151855469,0.6698855757713318,0.1721777021884918,0.9836652278900146
86e40376,fr,128,501,0,0.0001,0.0001,128,10,,,,280,300,,280,20,1.0,softplus,poisson,1.0,0.7914543151855469,0.6698855757713318,0.1721777021884918,0.9836652278900146
306365d9,fr,256,501,0,0.0001,0.0001,128,10,,,,280,300,,280,20,1.0,softplus,poisson,1.0,0.8328122496604919,0.8024126291275024,0.2117861360311508,0.999091863632202
306365d9,fr,256,501,0,0.0001,0.0001,128,10,,,,280,300,,280,20,1.0,softplus,poisson,1.0,0.8328122496604919,0.8024126291275024,0.2117861360311508,0.999091863632202
9fe0af8f,fr,512,501,0,0.0001,0.0001,128,10,,,,280,300,,280,20,1.0,softplus,poisson,1.0,0.7923994064331055,0.6724141836166382,0.183385357260704,0.9988802671432496
9fe0af8f,fr,512,501,0,0.0001,0.0001,128,10,,,,280,300,,280,20,1.0,softplus,poisson,1.0,0.7923994064331055,0.6724141836166382,0.183385357260704,0.9988802671432496
