hashname,model,20250407_PC_NODE_grid_final_latent_size,_max_epochs,_seed,_lr,_weight_decay,_encoder_size,_file_index,_output_nonlinearity,_heldin_size,_heldout_size,_n_heldin,_n_heldout,_fr_scaling,_rect_func,_obs_noise,_dispersion,_alpha,_vf_hidden_size,_vf_num_layers,state_r2,rate_r2,co-bps,cycle_con
a90fc898,gru,256,500,0,0.0001,0.0001,128,21,torch.nn.functional.softplus,250,300,250,50,1.0,softplus,poisson,1.0,,,,0.7662543654441833,0.6153337359428406,0.1595906466245651,0.9996552467346193
c75c4553,gru,512,500,0,0.0001,0.0001,128,21,torch.nn.functional.softplus,250,300,250,50,1.0,softplus,poisson,1.0,,,,0.7693901658058167,0.6807267665863037,0.1833233088254928,0.9996070265769958
bb0b0e16,gru,128,500,0,0.0001,0.0001,128,21,torch.nn.functional.softplus,250,300,250,50,1.0,softplus,poisson,1.0,,,,0.7000076770782471,0.4410396218299866,0.1100940778851509,0.9994781613349916
1d767d43,gru,32,500,0,0.0001,0.0001,128,21,torch.nn.functional.softplus,250,300,250,50,1.0,softplus,poisson,1.0,,,,0.5065852999687195,0.3702193796634674,0.0928480997681617,0.9987452030181884
cfe4ccea,gru,64,500,0,0.0001,0.0001,128,21,torch.nn.functional.softplus,250,300,250,50,1.0,softplus,poisson,1.0,,,,0.6990727782249451,0.3982123434543609,0.0974068790674209,0.9978654980659484
0fab825a,gru,32,500,0,0.0001,0.0001,128,21,,250,300,250,50,1.0,softplus,poisson,1.0,,,,0.5145257711410522,0.3750092685222626,0.0940761566162109,0.9987552165985109
c75c4553,gru,512,500,0,0.0001,0.0001,128,21,torch.nn.functional.softplus,250,300,250,50,1.0,softplus,poisson,1.0,,,,0.7693901658058167,0.6807267665863037,0.1833233088254928,0.9996070265769958
a90fc898,gru,256,500,0,0.0001,0.0001,128,21,torch.nn.functional.softplus,250,300,250,50,1.0,softplus,poisson,1.0,,,,0.7662543654441833,0.6153337359428406,0.1595906466245651,0.9996552467346193
bb0b0e16,gru,128,500,0,0.0001,0.0001,128,21,torch.nn.functional.softplus,250,300,250,50,1.0,softplus,poisson,1.0,,,,0.7000076770782471,0.4410396218299866,0.1100940778851509,0.9994781613349916
0fab825a,gru,32,500,0,0.0001,0.0001,128,21,,250,300,250,50,1.0,softplus,poisson,1.0,,,,0.5145257711410522,0.3750092685222626,0.0940761566162109,0.9987552165985109
cfe4ccea,gru,64,500,0,0.0001,0.0001,128,21,torch.nn.functional.softplus,250,300,250,50,1.0,softplus,poisson,1.0,,,,0.6990727782249451,0.3982123434543609,0.0974068790674209,0.9978654980659484
1d767d43,gru,32,500,0,0.0001,0.0001,128,21,torch.nn.functional.softplus,250,300,250,50,1.0,softplus,poisson,1.0,,,,0.5065852999687195,0.3702193796634674,0.0928480997681617,0.9987452030181884
b08bd986,gru,64,500,0,0.0001,0.0001,128,21,,250,300,250,50,1.0,softplus,poisson,1.0,,,,0.68841552734375,0.3929940164089203,0.0961592867970466,0.9978606104850768
b08bd986,gru,64,500,0,0.0001,0.0001,128,21,,250,300,250,50,1.0,softplus,poisson,1.0,,,,0.68841552734375,0.3929940164089203,0.0961592867970466,0.9978606104850768
1cf54d8a,gru,128,500,0,0.0001,0.0001,128,21,,250,300,250,50,1.0,softplus,poisson,1.0,,,,0.6965371966362,0.4357289671897888,0.1088475435972213,0.9994805455207824
1cf54d8a,gru,128,500,0,0.0001,0.0001,128,21,,250,300,250,50,1.0,softplus,poisson,1.0,,,,0.6965371966362,0.4357289671897888,0.1088475435972213,0.9994805455207824
fb2a0050,gru,256,500,0,0.0001,0.0001,128,21,,250,300,250,50,1.0,softplus,poisson,1.0,,,,0.7662824988365173,0.6153461933135986,0.1596155315637588,0.999655544757843
fb2a0050,gru,256,500,0,0.0001,0.0001,128,21,,250,300,250,50,1.0,softplus,poisson,1.0,,,,0.7662824988365173,0.6153461933135986,0.1596155315637588,0.999655544757843
beb045e5,gru,512,500,0,0.0001,0.0001,128,21,,250,300,250,50,1.0,softplus,poisson,1.0,,,,0.7695460915565491,0.6809680461883545,0.1833837628364563,0.9996069073677064
beb045e5,gru,512,500,0,0.0001,0.0001,128,21,,250,300,250,50,1.0,softplus,poisson,1.0,,,,0.7695460915565491,0.6809680461883545,0.1833837628364563,0.9996069073677064
ff66ece8,gru,32,501,0,0.0001,0.0001,128,21,torch.nn.functional.softplus,250,300,250,50,1.0,softplus,poisson,1.0,,,,0.6743136644363403,0.4884850084781647,0.1223871558904647,0.9989932179450988
ff66ece8,gru,32,501,0,0.0001,0.0001,128,21,torch.nn.functional.softplus,250,300,250,50,1.0,softplus,poisson,1.0,,,,0.6743136644363403,0.4884850084781647,0.1223871558904647,0.9989932179450988
ab098499,gru,64,501,0,0.0001,0.0001,128,21,torch.nn.functional.softplus,250,300,250,50,1.0,softplus,poisson,1.0,,,,0.3018513023853302,0.1231598109006881,0.0316328406333923,0.9973423480987548
ab098499,gru,64,501,0,0.0001,0.0001,128,21,torch.nn.functional.softplus,250,300,250,50,1.0,softplus,poisson,1.0,,,,0.3018513023853302,0.1231598109006881,0.0316328406333923,0.9973423480987548
79a68ce9,gru,128,501,0,0.0001,0.0001,128,21,torch.nn.functional.softplus,250,300,250,50,1.0,softplus,poisson,1.0,,,,0.7454588413238525,0.4943939447402954,0.1230589523911476,0.9995033144950868
79a68ce9,gru,128,501,0,0.0001,0.0001,128,21,torch.nn.functional.softplus,250,300,250,50,1.0,softplus,poisson,1.0,,,,0.7454588413238525,0.4943939447402954,0.1230589523911476,0.9995033144950868
9c7ed973,gru,256,501,0,0.0001,0.0001,128,21,torch.nn.functional.softplus,250,300,250,50,1.0,softplus,poisson,1.0,,,,0.7864907383918762,0.6287270188331604,0.1616213321685791,0.9996307492256165
9c7ed973,gru,256,501,0,0.0001,0.0001,128,21,torch.nn.functional.softplus,250,300,250,50,1.0,softplus,poisson,1.0,,,,0.7864907383918762,0.6287270188331604,0.1616213321685791,0.9996307492256165
ccdb1b61,gru,512,501,0,0.0001,0.0001,128,21,torch.nn.functional.softplus,250,300,250,50,1.0,softplus,poisson,1.0,,,,0.7889987230300903,0.6529698371887207,0.1753147095441818,0.999506413936615
ccdb1b61,gru,512,501,0,0.0001,0.0001,128,21,torch.nn.functional.softplus,250,300,250,50,1.0,softplus,poisson,1.0,,,,0.7889987230300903,0.6529698371887207,0.1753147095441818,0.999506413936615
bd1e055c,gru,32,501,0,0.0001,0.0001,128,21,,250,300,250,50,1.0,softplus,poisson,1.0,,,,0.6750221848487854,0.4887324571609497,0.1224267929792404,0.99899023771286
bd1e055c,gru,32,501,0,0.0001,0.0001,128,21,,250,300,250,50,1.0,softplus,poisson,1.0,,,,0.6750221848487854,0.4887324571609497,0.1224267929792404,0.99899023771286
5786594d,gru,64,501,0,0.0001,0.0001,128,21,,250,300,250,50,1.0,softplus,poisson,1.0,,,,0.2949792444705963,0.1175659596920013,0.0302967112511396,0.9972964525222778
5786594d,gru,64,501,0,0.0001,0.0001,128,21,,250,300,250,50,1.0,softplus,poisson,1.0,,,,0.2949792444705963,0.1175659596920013,0.0302967112511396,0.9972964525222778
d8b3e0a2,gru,128,501,0,0.0001,0.0001,128,21,,250,300,250,50,1.0,softplus,poisson,1.0,,,,0.7425190210342407,0.4926669001579284,0.1226625218987464,0.9995056390762328
d8b3e0a2,gru,128,501,0,0.0001,0.0001,128,21,,250,300,250,50,1.0,softplus,poisson,1.0,,,,0.7425190210342407,0.4926669001579284,0.1226625218987464,0.9995056390762328
3c418561,gru,256,501,0,0.0001,0.0001,128,21,,250,300,250,50,1.0,softplus,poisson,1.0,,,,0.7843112349510193,0.6270068883895874,0.1612753868103027,0.9996315836906432
3c418561,gru,256,501,0,0.0001,0.0001,128,21,,250,300,250,50,1.0,softplus,poisson,1.0,,,,0.7843112349510193,0.6270068883895874,0.1612753868103027,0.9996315836906432
46cff600,gru,512,501,0,0.0001,0.0001,128,21,,250,300,250,50,1.0,softplus,poisson,1.0,,,,0.7893113493919373,0.6525838375091553,0.1752116084098816,0.999505341053009
46cff600,gru,512,501,0,0.0001,0.0001,128,21,,250,300,250,50,1.0,softplus,poisson,1.0,,,,0.7893113493919373,0.6525838375091553,0.1752116084098816,0.999505341053009
012a3935,gnode,10,500,0,0.002,0.0,128,21,torch.nn.functional.softplus,280,300,200,100,1.0,softplus,poisson,1.0,0.1,64.0,3.0,,,,
f6d6e2ec,gnode,3,500,0,0.002,0.0,128,21,torch.nn.functional.softplus,280,300,200,100,1.0,softplus,poisson,1.0,0.1,64.0,3.0,,,,
a11c8872,gnode,2,500,0,0.002,0.0,128,21,torch.nn.functional.softplus,280,300,200,100,1.0,softplus,poisson,1.0,0.1,64.0,3.0,,,,
2752b51b,gnode,5,500,0,0.002,0.0,128,21,torch.nn.functional.softplus,280,300,200,100,1.0,softplus,poisson,1.0,0.1,64.0,3.0,,,,
9fb04573,gnode,64,500,0,0.002,0.0,128,21,torch.nn.functional.softplus,280,300,200,100,1.0,softplus,poisson,1.0,0.1,64.0,3.0,,,,
50d592ec,gnode,32,500,0,0.002,0.0,128,21,torch.nn.functional.softplus,280,300,200,100,1.0,softplus,poisson,1.0,0.1,64.0,3.0,,,,
a11c8872,gnode,2,500,0,0.002,0.0,128,21,torch.nn.functional.softplus,280,300,200,100,1.0,softplus,poisson,1.0,0.1,64.0,3.0,,,,
50d592ec,gnode,32,500,0,0.002,0.0,128,21,torch.nn.functional.softplus,280,300,200,100,1.0,softplus,poisson,1.0,0.1,64.0,3.0,,,,
012a3935,gnode,10,500,0,0.002,0.0,128,21,torch.nn.functional.softplus,280,300,200,100,1.0,softplus,poisson,1.0,0.1,64.0,3.0,,,,
f6d6e2ec,gnode,3,500,0,0.002,0.0,128,21,torch.nn.functional.softplus,280,300,200,100,1.0,softplus,poisson,1.0,0.1,64.0,3.0,,,,
2752b51b,gnode,5,500,0,0.002,0.0,128,21,torch.nn.functional.softplus,280,300,200,100,1.0,softplus,poisson,1.0,0.1,64.0,3.0,,,,
9fb04573,gnode,64,500,0,0.002,0.0,128,21,torch.nn.functional.softplus,280,300,200,100,1.0,softplus,poisson,1.0,0.1,64.0,3.0,,,,
f79e0783,gnode,2,501,0,0.002,0.0,128,21,torch.nn.functional.softplus,280,300,200,100,1.0,softplus,poisson,1.0,0.1,64.0,3.0,,,,
7059fe67,gnode,10,501,0,0.002,0.0,128,21,torch.nn.functional.softplus,280,300,200,100,1.0,softplus,poisson,1.0,0.1,64.0,3.0,,,,
cc164747,gnode,64,501,0,0.002,0.0,128,21,torch.nn.functional.softplus,280,300,200,100,1.0,softplus,poisson,1.0,0.1,64.0,3.0,,,,
83e92313,gnode,5,501,0,0.002,0.0,128,21,torch.nn.functional.softplus,280,300,200,100,1.0,softplus,poisson,1.0,0.1,64.0,3.0,,,,
7bba11d7,gnode,32,501,0,0.002,0.0,128,21,torch.nn.functional.softplus,280,300,200,100,1.0,softplus,poisson,1.0,0.1,64.0,3.0,,,,
259a0163,gnode,3,501,0,0.002,0.0,128,21,torch.nn.functional.softplus,280,300,200,100,1.0,softplus,poisson,1.0,0.1,64.0,3.0,,,,
83e92313,gnode,5,501,0,0.002,0.0,128,21,torch.nn.functional.softplus,280,300,200,100,1.0,softplus,poisson,1.0,0.1,64.0,3.0,,,,
cc164747,gnode,64,501,0,0.002,0.0,128,21,torch.nn.functional.softplus,280,300,200,100,1.0,softplus,poisson,1.0,0.1,64.0,3.0,,,,
7059fe67,gnode,10,501,0,0.002,0.0,128,21,torch.nn.functional.softplus,280,300,200,100,1.0,softplus,poisson,1.0,0.1,64.0,3.0,,,,
f79e0783,gnode,2,501,0,0.002,0.0,128,21,torch.nn.functional.softplus,280,300,200,100,1.0,softplus,poisson,1.0,0.1,64.0,3.0,,,,
7bba11d7,gnode,32,501,0,0.002,0.0,128,21,torch.nn.functional.softplus,280,300,200,100,1.0,softplus,poisson,1.0,0.1,64.0,3.0,,,,
259a0163,gnode,3,501,0,0.002,0.0,128,21,torch.nn.functional.softplus,280,300,200,100,1.0,softplus,poisson,1.0,0.1,64.0,3.0,,,,
f741e874,gnode,64,500,0,0.002,0.0,128,21,torch.nn.functional.softplus,200,300,200,100,1.0,softplus,poisson,1.0,0.1,64.0,3.0,0.7250851988792419,0.9949243664741516,0.2734686136245727,0.8289747834205627
9cc4086f,gnode,3,500,0,0.002,0.0,128,21,torch.nn.functional.softplus,200,300,200,100,1.0,softplus,poisson,1.0,0.1,64.0,3.0,0.9815545082092284,0.9985865354537964,0.2739430963993072,0.999964714050293
a5d99819,gnode,32,500,0,0.002,0.0,128,21,torch.nn.functional.softplus,200,300,200,100,1.0,softplus,poisson,1.0,0.1,64.0,3.0,0.9013886451721193,0.9967837929725648,0.2737063765525818,0.8578937649726868
bc117a87,gnode,2,500,0,0.002,0.0,128,21,torch.nn.functional.softplus,200,300,200,100,1.0,softplus,poisson,1.0,0.1,64.0,3.0,0.9861538410186768,0.999436378479004,0.2740353345870971,1.0
139f0ce9,gnode,5,500,0,0.002,0.0,128,21,torch.nn.functional.softplus,200,300,200,100,1.0,softplus,poisson,1.0,0.1,64.0,3.0,0.9804762005805968,0.9987450242042542,0.2740019261837005,0.9998313188552856
bd5f9f30,gnode,10,500,0,0.002,0.0,128,21,torch.nn.functional.softplus,200,300,200,100,1.0,softplus,poisson,1.0,0.1,64.0,3.0,0.9771947264671326,0.9990947246551514,0.2740806341171264,0.9978119730949402
9cc4086f,gnode,3,500,0,0.002,0.0,128,21,torch.nn.functional.softplus,200,300,200,100,1.0,softplus,poisson,1.0,0.1,64.0,3.0,0.9815545082092284,0.9985865354537964,0.2739430963993072,0.999964714050293
f741e874,gnode,64,500,0,0.002,0.0,128,21,torch.nn.functional.softplus,200,300,200,100,1.0,softplus,poisson,1.0,0.1,64.0,3.0,0.7250851988792419,0.9949243664741516,0.2734686136245727,0.8289747834205627
a5d99819,gnode,32,500,0,0.002,0.0,128,21,torch.nn.functional.softplus,200,300,200,100,1.0,softplus,poisson,1.0,0.1,64.0,3.0,0.9013886451721193,0.9967837929725648,0.2737063765525818,0.8578937649726868
139f0ce9,gnode,5,500,0,0.002,0.0,128,21,torch.nn.functional.softplus,200,300,200,100,1.0,softplus,poisson,1.0,0.1,64.0,3.0,0.9804762005805968,0.9987450242042542,0.2740019261837005,0.9998313188552856
bc117a87,gnode,2,500,0,0.002,0.0,128,21,torch.nn.functional.softplus,200,300,200,100,1.0,softplus,poisson,1.0,0.1,64.0,3.0,0.9861538410186768,0.999436378479004,0.2740353345870971,1.0
bd5f9f30,gnode,10,500,0,0.002,0.0,128,21,torch.nn.functional.softplus,200,300,200,100,1.0,softplus,poisson,1.0,0.1,64.0,3.0,0.9771947264671326,0.9990947246551514,0.2740806341171264,0.9978119730949402
17674d60,gnode,2,501,0,0.002,0.0,128,21,torch.nn.functional.softplus,200,300,200,100,1.0,softplus,poisson,1.0,0.1,64.0,3.0,0.98545503616333,0.998738408088684,0.2739388346672058,1.0
17674d60,gnode,2,501,0,0.002,0.0,128,21,torch.nn.functional.softplus,200,300,200,100,1.0,softplus,poisson,1.0,0.1,64.0,3.0,0.98545503616333,0.998738408088684,0.2739388346672058,1.0
1a48ba60,gnode,3,501,0,0.002,0.0,128,21,torch.nn.functional.softplus,200,300,200,100,1.0,softplus,poisson,1.0,0.1,64.0,3.0,0.9804343581199646,0.9985167980194092,0.2738937139511108,0.9999660849571228
1a48ba60,gnode,3,501,0,0.002,0.0,128,21,torch.nn.functional.softplus,200,300,200,100,1.0,softplus,poisson,1.0,0.1,64.0,3.0,0.9804343581199646,0.9985167980194092,0.2738937139511108,0.9999660849571228
5ed71445,gnode,5,501,0,0.002,0.0,128,21,torch.nn.functional.softplus,200,300,200,100,1.0,softplus,poisson,1.0,0.1,64.0,3.0,0.979843020439148,0.9984191656112672,0.2738855183124542,0.9998423457145692
c5437787,gnode,10,501,0,0.002,0.0,128,21,torch.nn.functional.softplus,200,300,200,100,1.0,softplus,poisson,1.0,0.1,64.0,3.0,0.9766390919685364,0.9982017278671264,0.2739157378673553,0.9978435039520264
5ed71445,gnode,5,501,0,0.002,0.0,128,21,torch.nn.functional.softplus,200,300,200,100,1.0,softplus,poisson,1.0,0.1,64.0,3.0,0.979843020439148,0.9984191656112672,0.2738855183124542,0.9998423457145692
c5437787,gnode,10,501,0,0.002,0.0,128,21,torch.nn.functional.softplus,200,300,200,100,1.0,softplus,poisson,1.0,0.1,64.0,3.0,0.9766390919685364,0.9982017278671264,0.2739157378673553,0.9978435039520264
685fd0ab,gnode,32,501,0,0.002,0.0,128,21,torch.nn.functional.softplus,200,300,200,100,1.0,softplus,poisson,1.0,0.1,64.0,3.0,0.9014307856559752,0.996687114238739,0.2736950218677521,0.8563026189804077
685fd0ab,gnode,32,501,0,0.002,0.0,128,21,torch.nn.functional.softplus,200,300,200,100,1.0,softplus,poisson,1.0,0.1,64.0,3.0,0.9014307856559752,0.996687114238739,0.2736950218677521,0.8563026189804077
da23dded,gnode,64,501,0,0.002,0.0,128,21,torch.nn.functional.softplus,200,300,200,100,1.0,softplus,poisson,1.0,0.1,64.0,3.0,0.724591851234436,0.9945882558822632,0.2734172344207763,0.8312154412269592
da23dded,gnode,64,501,0,0.002,0.0,128,21,torch.nn.functional.softplus,200,300,200,100,1.0,softplus,poisson,1.0,0.1,64.0,3.0,0.724591851234436,0.9945882558822632,0.2734172344207763,0.8312154412269592
0346e5e1,fr,256,500,0,0.0001,0.0001,128,21,torch.nn.functional.softplus,200,300,200,100,1.0,softplus,poisson,1.0,,,,0.6674314141273499,0.590938925743103,0.1507807374000549,0.9992705583572388
6b3531ea,fr,32,500,0,0.0001,0.0001,128,21,,200,300,200,100,1.0,softplus,poisson,1.0,,,,0.7525493502616882,0.4209744930267334,0.1016754880547523,0.9980400800704956
d77eca26,fr,128,500,0,0.0001,0.0001,128,21,torch.nn.functional.softplus,200,300,200,100,1.0,softplus,poisson,1.0,,,,0.6688188910484314,0.5308244228363037,0.1307615637779235,0.9985702633857728
cb262021,fr,32,500,0,0.0001,0.0001,128,21,torch.nn.functional.softplus,200,300,200,100,1.0,softplus,poisson,1.0,,,,0.7518059611320496,0.4209400117397308,0.1016891673207283,0.998049020767212
5d21cdb9,fr,512,500,0,0.0001,0.0001,128,21,torch.nn.functional.softplus,200,300,200,100,1.0,softplus,poisson,1.0,,,,0.9179543852806092,0.8313489556312561,0.2239361405372619,0.9853476285934448
226a1496,fr,64,500,0,0.0001,0.0001,128,21,torch.nn.functional.softplus,200,300,200,100,1.0,softplus,poisson,1.0,,,,0.6935294270515442,0.4609693884849548,0.1132733523845672,0.9958010911941528
6b3531ea,fr,32,500,0,0.0001,0.0001,128,21,,200,300,200,100,1.0,softplus,poisson,1.0,,,,0.7525493502616882,0.4209744930267334,0.1016754880547523,0.9980400800704956
0346e5e1,fr,256,500,0,0.0001,0.0001,128,21,torch.nn.functional.softplus,200,300,200,100,1.0,softplus,poisson,1.0,,,,0.6674314141273499,0.590938925743103,0.1507807374000549,0.9992705583572388
d77eca26,fr,128,500,0,0.0001,0.0001,128,21,torch.nn.functional.softplus,200,300,200,100,1.0,softplus,poisson,1.0,,,,0.6688188910484314,0.5308244228363037,0.1307615637779235,0.9985702633857728
cb262021,fr,32,500,0,0.0001,0.0001,128,21,torch.nn.functional.softplus,200,300,200,100,1.0,softplus,poisson,1.0,,,,0.7518059611320496,0.4209400117397308,0.1016891673207283,0.998049020767212
5d21cdb9,fr,512,500,0,0.0001,0.0001,128,21,torch.nn.functional.softplus,200,300,200,100,1.0,softplus,poisson,1.0,,,,0.9179543852806092,0.8313489556312561,0.2239361405372619,0.9853476285934448
226a1496,fr,64,500,0,0.0001,0.0001,128,21,torch.nn.functional.softplus,200,300,200,100,1.0,softplus,poisson,1.0,,,,0.6935294270515442,0.4609693884849548,0.1132733523845672,0.9958010911941528
8db5b72f,fr,64,500,0,0.0001,0.0001,128,21,,200,300,200,100,1.0,softplus,poisson,1.0,,,,0.6922239661216736,0.4605668783187866,0.1131948009133338,0.9958118796348572
8db5b72f,fr,64,500,0,0.0001,0.0001,128,21,,200,300,200,100,1.0,softplus,poisson,1.0,,,,0.6922239661216736,0.4605668783187866,0.1131948009133338,0.9958118796348572
3a31f388,fr,128,500,0,0.0001,0.0001,128,21,,200,300,200,100,1.0,softplus,poisson,1.0,,,,0.6683812141418457,0.5303843021392822,0.130662590265274,0.9985700845718384
3a31f388,fr,128,500,0,0.0001,0.0001,128,21,,200,300,200,100,1.0,softplus,poisson,1.0,,,,0.6683812141418457,0.5303843021392822,0.130662590265274,0.9985700845718384
9123938b,fr,256,500,0,0.0001,0.0001,128,21,,200,300,200,100,1.0,softplus,poisson,1.0,,,,0.6673657298088074,0.591010332107544,0.1508034765720367,0.9992709159851074
9123938b,fr,256,500,0,0.0001,0.0001,128,21,,200,300,200,100,1.0,softplus,poisson,1.0,,,,0.6673657298088074,0.591010332107544,0.1508034765720367,0.9992709159851074
491f4d12,fr,512,500,0,0.0001,0.0001,128,21,,200,300,200,100,1.0,softplus,poisson,1.0,,,,0.9179583787918092,0.8313596844673157,0.2239388078451156,0.9853484034538268
491f4d12,fr,512,500,0,0.0001,0.0001,128,21,,200,300,200,100,1.0,softplus,poisson,1.0,,,,0.9179583787918092,0.8313596844673157,0.2239388078451156,0.9853484034538268
5db28766,fr,32,501,0,0.0001,0.0001,128,21,torch.nn.functional.softplus,200,300,200,100,1.0,softplus,poisson,1.0,,,,0.748973548412323,0.4218825995922088,0.1018979772925376,0.99806547164917
5db28766,fr,32,501,0,0.0001,0.0001,128,21,torch.nn.functional.softplus,200,300,200,100,1.0,softplus,poisson,1.0,,,,0.748973548412323,0.4218825995922088,0.1018979772925376,0.99806547164917
ab17c719,fr,64,501,0,0.0001,0.0001,128,21,torch.nn.functional.softplus,200,300,200,100,1.0,softplus,poisson,1.0,,,,0.5642573237419128,0.3432947695255279,0.0841824635863304,0.9952634572982788
ab17c719,fr,64,501,0,0.0001,0.0001,128,21,torch.nn.functional.softplus,200,300,200,100,1.0,softplus,poisson,1.0,,,,0.5642573237419128,0.3432947695255279,0.0841824635863304,0.9952634572982788
91466bac,fr,128,501,0,0.0001,0.0001,128,21,torch.nn.functional.softplus,200,300,200,100,1.0,softplus,poisson,1.0,,,,0.6771126985549927,0.5315623879432678,0.1307443380355835,0.9985306859016418
91466bac,fr,128,501,0,0.0001,0.0001,128,21,torch.nn.functional.softplus,200,300,200,100,1.0,softplus,poisson,1.0,,,,0.6771126985549927,0.5315623879432678,0.1307443380355835,0.9985306859016418
ecf08c3e,fr,256,501,0,0.0001,0.0001,128,21,torch.nn.functional.softplus,200,300,200,100,1.0,softplus,poisson,1.0,,,,0.6962316036224365,0.5305357575416565,0.1347692757844925,0.9989367127418518
ecf08c3e,fr,256,501,0,0.0001,0.0001,128,21,torch.nn.functional.softplus,200,300,200,100,1.0,softplus,poisson,1.0,,,,0.6962316036224365,0.5305357575416565,0.1347692757844925,0.9989367127418518
2456e958,fr,512,501,0,0.0001,0.0001,128,21,torch.nn.functional.softplus,200,300,200,100,1.0,softplus,poisson,1.0,,,,0.88088458776474,0.8245242238044739,0.2237330228090286,0.9948031902313232
2456e958,fr,512,501,0,0.0001,0.0001,128,21,torch.nn.functional.softplus,200,300,200,100,1.0,softplus,poisson,1.0,,,,0.88088458776474,0.8245242238044739,0.2237330228090286,0.9948031902313232
bed9658e,fr,32,501,0,0.0001,0.0001,128,21,,200,300,200,100,1.0,softplus,poisson,1.0,,,,0.7518183588981628,0.4226241409778595,0.1020580977201461,0.9980587363243104
bed9658e,fr,32,501,0,0.0001,0.0001,128,21,,200,300,200,100,1.0,softplus,poisson,1.0,,,,0.7518183588981628,0.4226241409778595,0.1020580977201461,0.9980587363243104
4925fdf9,fr,64,501,0,0.0001,0.0001,128,21,,200,300,200,100,1.0,softplus,poisson,1.0,,,,0.5629898905754089,0.3418547809123993,0.0838435739278793,0.995250940322876
4925fdf9,fr,64,501,0,0.0001,0.0001,128,21,,200,300,200,100,1.0,softplus,poisson,1.0,,,,0.5629898905754089,0.3418547809123993,0.0838435739278793,0.995250940322876
11bb2f49,fr,128,501,0,0.0001,0.0001,128,21,,200,300,200,100,1.0,softplus,poisson,1.0,,,,0.675700843334198,0.5317956209182739,0.1308152377605438,0.998537540435791
11bb2f49,fr,128,501,0,0.0001,0.0001,128,21,,200,300,200,100,1.0,softplus,poisson,1.0,,,,0.675700843334198,0.5317956209182739,0.1308152377605438,0.998537540435791
1cc9649b,fr,256,501,0,0.0001,0.0001,128,21,,200,300,200,100,1.0,softplus,poisson,1.0,,,,0.6967933177947998,0.5338525772094727,0.1355042904615402,0.9989421963691713
1cc9649b,fr,256,501,0,0.0001,0.0001,128,21,,200,300,200,100,1.0,softplus,poisson,1.0,,,,0.6967933177947998,0.5338525772094727,0.1355042904615402,0.9989421963691713
2fcbfe2e,fr,512,501,0,0.0001,0.0001,128,21,,200,300,200,100,1.0,softplus,poisson,1.0,,,,0.8808842897415161,0.8245168924331665,0.2237319499254226,0.9948039054870604
2fcbfe2e,fr,512,501,0,0.0001,0.0001,128,21,,200,300,200,100,1.0,softplus,poisson,1.0,,,,0.8808842897415161,0.8245168924331665,0.2237319499254226,0.9948039054870604
12593a9a,node,5,500,0,0.002,0.0,128,21,,280,300,280,20,1.0,softplus,poisson,1.0,0.05,128.0,3.0,0.9786680936813354,0.9986359477043152,0.2741881608963012,0.9999025464057922
0dba453e,node,2,500,0,0.002,0.0,128,21,,280,300,280,20,1.0,softplus,poisson,1.0,0.05,128.0,3.0,0.9793846011161804,0.9996050596237184,0.2743854820728302,1.0
5aeb895e,node,3,500,0,0.002,0.0,128,21,,280,300,280,20,1.0,softplus,poisson,1.0,0.05,128.0,3.0,0.9771744012832642,0.996553361415863,0.2736832797527313,0.9999774694442748
2cce6a48,node,32,500,0,0.002,0.0,128,21,,280,300,280,20,1.0,softplus,poisson,1.0,0.05,128.0,3.0,0.885596513748169,0.9964552521705629,0.2737919092178345,0.9445316195487976
e1a93f7a,node,10,500,0,0.002,0.0,128,21,,280,300,280,20,1.0,softplus,poisson,1.0,0.05,128.0,3.0,0.9773383140563964,0.9982852935791016,0.2741334140300751,0.9991288781166076
0dba453e,node,2,500,0,0.002,0.0,128,21,,280,300,280,20,1.0,softplus,poisson,1.0,0.05,128.0,3.0,0.9793846011161804,0.9996050596237184,0.2743854820728302,1.0
5aeb895e,node,3,500,0,0.002,0.0,128,21,,280,300,280,20,1.0,softplus,poisson,1.0,0.05,128.0,3.0,0.9771744012832642,0.996553361415863,0.2736832797527313,0.9999774694442748
12593a9a,node,5,500,0,0.002,0.0,128,21,,280,300,280,20,1.0,softplus,poisson,1.0,0.05,128.0,3.0,0.9786680936813354,0.9986359477043152,0.2741881608963012,0.9999025464057922
2cce6a48,node,32,500,0,0.002,0.0,128,21,,280,300,280,20,1.0,softplus,poisson,1.0,0.05,128.0,3.0,0.885596513748169,0.9964552521705629,0.2737919092178345,0.9445316195487976
e1a93f7a,node,10,500,0,0.002,0.0,128,21,,280,300,280,20,1.0,softplus,poisson,1.0,0.05,128.0,3.0,0.9773383140563964,0.9982852935791016,0.2741334140300751,0.9991288781166076
0f85a8e3,node,64,500,0,0.002,0.0,128,21,,280,300,280,20,1.0,softplus,poisson,1.0,0.05,128.0,3.0,0.7301945090293884,0.9948245882987976,0.2734205424785614,0.8868854641914368
0f85a8e3,node,64,500,0,0.002,0.0,128,21,,280,300,280,20,1.0,softplus,poisson,1.0,0.05,128.0,3.0,0.7301945090293884,0.9948245882987976,0.2734205424785614,0.8868854641914368
0fbc1dba,node,2,501,0,0.002,0.0,128,21,,280,300,280,20,1.0,softplus,poisson,1.0,0.05,128.0,3.0,0.9792168140411376,0.9986987709999084,0.2742237150669098,1.0
0fbc1dba,node,2,501,0,0.002,0.0,128,21,,280,300,280,20,1.0,softplus,poisson,1.0,0.05,128.0,3.0,0.9792168140411376,0.9986987709999084,0.2742237150669098,1.0
17b7b1c2,node,3,501,0,0.002,0.0,128,21,,280,300,280,20,1.0,softplus,poisson,1.0,0.05,128.0,3.0,0.982235848903656,0.9993236660957336,0.2742946445941925,0.9999740719795228
17b7b1c2,node,3,501,0,0.002,0.0,128,21,,280,300,280,20,1.0,softplus,poisson,1.0,0.05,128.0,3.0,0.982235848903656,0.9993236660957336,0.2742946445941925,0.9999740719795228
1b546c01,node,5,501,0,0.002,0.0,128,21,,280,300,280,20,1.0,softplus,poisson,1.0,0.05,128.0,3.0,0.9797735214233398,0.9992713332176208,0.2742665708065033,0.999903917312622
1b546c01,node,5,501,0,0.002,0.0,128,21,,280,300,280,20,1.0,softplus,poisson,1.0,0.05,128.0,3.0,0.9797735214233398,0.9992713332176208,0.2742665708065033,0.999903917312622
29164e28,node,10,501,0,0.002,0.0,128,21,,280,300,280,20,1.0,softplus,poisson,1.0,0.05,128.0,3.0,0.979148805141449,0.9991815090179444,0.2742845118045807,0.9991019368171692
29164e28,node,10,501,0,0.002,0.0,128,21,,280,300,280,20,1.0,softplus,poisson,1.0,0.05,128.0,3.0,0.979148805141449,0.9991815090179444,0.2742845118045807,0.9991019368171692
9a425aa1,node,32,501,0,0.002,0.0,128,21,,280,300,280,20,1.0,softplus,poisson,1.0,0.05,128.0,3.0,0.8847054243087769,0.9966988563537598,0.2739046216011047,0.9427990913391112
9a425aa1,node,32,501,0,0.002,0.0,128,21,,280,300,280,20,1.0,softplus,poisson,1.0,0.05,128.0,3.0,0.8847054243087769,0.9966988563537598,0.2739046216011047,0.9427990913391112
47849297,node,64,501,0,0.002,0.0,128,21,,280,300,280,20,1.0,softplus,poisson,1.0,0.05,128.0,3.0,0.733172595500946,0.9948599934577942,0.2735216915607452,0.8903098702430725
47849297,node,64,501,0,0.002,0.0,128,21,,280,300,280,20,1.0,softplus,poisson,1.0,0.05,128.0,3.0,0.733172595500946,0.9948599934577942,0.2735216915607452,0.8903098702430725
f167c764,gnode,10,500,0,0.002,0.0,128,21,torch.nn.functional.softplus,280,300,250,50,1.0,softplus,poisson,1.0,0.1,64.0,3.0,,,,
8dfe7cb9,gnode,5,500,0,0.002,0.0,128,21,torch.nn.functional.softplus,280,300,250,50,1.0,softplus,poisson,1.0,0.1,64.0,3.0,,,,
091646a6,gnode,2,500,0,0.002,0.0,128,21,torch.nn.functional.softplus,280,300,250,50,1.0,softplus,poisson,1.0,0.1,64.0,3.0,,,,
0c2f4998,gnode,3,500,0,0.002,0.0,128,21,torch.nn.functional.softplus,280,300,250,50,1.0,softplus,poisson,1.0,0.1,64.0,3.0,,,,
185e9836,gnode,32,500,0,0.002,0.0,128,21,torch.nn.functional.softplus,280,300,250,50,1.0,softplus,poisson,1.0,0.1,64.0,3.0,,,,
23d4b85b,gnode,64,500,0,0.002,0.0,128,21,torch.nn.functional.softplus,280,300,250,50,1.0,softplus,poisson,1.0,0.1,64.0,3.0,,,,
23d4b85b,gnode,64,500,0,0.002,0.0,128,21,torch.nn.functional.softplus,280,300,250,50,1.0,softplus,poisson,1.0,0.1,64.0,3.0,,,,
8dfe7cb9,gnode,5,500,0,0.002,0.0,128,21,torch.nn.functional.softplus,280,300,250,50,1.0,softplus,poisson,1.0,0.1,64.0,3.0,,,,
185e9836,gnode,32,500,0,0.002,0.0,128,21,torch.nn.functional.softplus,280,300,250,50,1.0,softplus,poisson,1.0,0.1,64.0,3.0,,,,
091646a6,gnode,2,500,0,0.002,0.0,128,21,torch.nn.functional.softplus,280,300,250,50,1.0,softplus,poisson,1.0,0.1,64.0,3.0,,,,
0c2f4998,gnode,3,500,0,0.002,0.0,128,21,torch.nn.functional.softplus,280,300,250,50,1.0,softplus,poisson,1.0,0.1,64.0,3.0,,,,
f167c764,gnode,10,500,0,0.002,0.0,128,21,torch.nn.functional.softplus,280,300,250,50,1.0,softplus,poisson,1.0,0.1,64.0,3.0,,,,
edff87cd,gnode,5,501,0,0.002,0.0,128,21,torch.nn.functional.softplus,280,300,250,50,1.0,softplus,poisson,1.0,0.1,64.0,3.0,,,,
2875caa7,gnode,32,501,0,0.002,0.0,128,21,torch.nn.functional.softplus,280,300,250,50,1.0,softplus,poisson,1.0,0.1,64.0,3.0,,,,
d318a1b2,gnode,3,501,0,0.002,0.0,128,21,torch.nn.functional.softplus,280,300,250,50,1.0,softplus,poisson,1.0,0.1,64.0,3.0,,,,
c423b50c,gnode,2,501,0,0.002,0.0,128,21,torch.nn.functional.softplus,280,300,250,50,1.0,softplus,poisson,1.0,0.1,64.0,3.0,,,,
ed03da11,gnode,10,501,0,0.002,0.0,128,21,torch.nn.functional.softplus,280,300,250,50,1.0,softplus,poisson,1.0,0.1,64.0,3.0,,,,
552ad970,gnode,64,501,0,0.002,0.0,128,21,torch.nn.functional.softplus,280,300,250,50,1.0,softplus,poisson,1.0,0.1,64.0,3.0,,,,
2875caa7,gnode,32,501,0,0.002,0.0,128,21,torch.nn.functional.softplus,280,300,250,50,1.0,softplus,poisson,1.0,0.1,64.0,3.0,,,,
d318a1b2,gnode,3,501,0,0.002,0.0,128,21,torch.nn.functional.softplus,280,300,250,50,1.0,softplus,poisson,1.0,0.1,64.0,3.0,,,,
edff87cd,gnode,5,501,0,0.002,0.0,128,21,torch.nn.functional.softplus,280,300,250,50,1.0,softplus,poisson,1.0,0.1,64.0,3.0,,,,
c423b50c,gnode,2,501,0,0.002,0.0,128,21,torch.nn.functional.softplus,280,300,250,50,1.0,softplus,poisson,1.0,0.1,64.0,3.0,,,,
ed03da11,gnode,10,501,0,0.002,0.0,128,21,torch.nn.functional.softplus,280,300,250,50,1.0,softplus,poisson,1.0,0.1,64.0,3.0,,,,
552ad970,gnode,64,501,0,0.002,0.0,128,21,torch.nn.functional.softplus,280,300,250,50,1.0,softplus,poisson,1.0,0.1,64.0,3.0,,,,
cd2888b4,gnode,32,500,0,0.002,0.0,128,21,torch.nn.functional.softplus,250,300,250,50,1.0,softplus,poisson,1.0,0.1,64.0,3.0,0.9141550660133362,0.99699604511261,0.2736031711101532,0.9574173092842102
ec49fe76,gnode,64,500,0,0.002,0.0,128,21,torch.nn.functional.softplus,250,300,250,50,1.0,softplus,poisson,1.0,0.1,64.0,3.0,0.7449907660484314,0.9932869672775269,0.2727743983268738,0.8629926443099976
44c5a780,gnode,2,500,0,0.002,0.0,128,21,torch.nn.functional.softplus,250,300,250,50,1.0,softplus,poisson,1.0,0.1,64.0,3.0,0.9822297692298888,0.9977796077728271,0.27348193526268,1.0
171c3c8b,gnode,10,500,0,0.002,0.0,128,21,torch.nn.functional.softplus,250,300,250,50,1.0,softplus,poisson,1.0,0.1,64.0,3.0,0.9757606387138368,0.9986042976379396,0.2737981975078583,0.9756640195846558
9ece096c,gnode,3,500,0,0.002,0.0,128,21,torch.nn.functional.softplus,250,300,250,50,1.0,softplus,poisson,1.0,0.1,64.0,3.0,0.9824583530426024,0.99881774187088,0.2737361490726471,0.9999687671661376
118efbc8,gnode,5,500,0,0.002,0.0,128,21,torch.nn.functional.softplus,250,300,250,50,1.0,softplus,poisson,1.0,0.1,64.0,3.0,0.9796006083488464,0.9992333650588988,0.2739592492580414,0.9998612403869628
171c3c8b,gnode,10,500,0,0.002,0.0,128,21,torch.nn.functional.softplus,250,300,250,50,1.0,softplus,poisson,1.0,0.1,64.0,3.0,0.9757606387138368,0.9986042976379396,0.2737981975078583,0.9756640195846558
cd2888b4,gnode,32,500,0,0.002,0.0,128,21,torch.nn.functional.softplus,250,300,250,50,1.0,softplus,poisson,1.0,0.1,64.0,3.0,0.9141550660133362,0.99699604511261,0.2736031711101532,0.9574173092842102
9ece096c,gnode,3,500,0,0.002,0.0,128,21,torch.nn.functional.softplus,250,300,250,50,1.0,softplus,poisson,1.0,0.1,64.0,3.0,0.9824583530426024,0.99881774187088,0.2737361490726471,0.9999687671661376
ec49fe76,gnode,64,500,0,0.002,0.0,128,21,torch.nn.functional.softplus,250,300,250,50,1.0,softplus,poisson,1.0,0.1,64.0,3.0,0.7449907660484314,0.9932869672775269,0.2727743983268738,0.8629926443099976
118efbc8,gnode,5,500,0,0.002,0.0,128,21,torch.nn.functional.softplus,250,300,250,50,1.0,softplus,poisson,1.0,0.1,64.0,3.0,0.9796006083488464,0.9992333650588988,0.2739592492580414,0.9998612403869628
44c5a780,gnode,2,500,0,0.002,0.0,128,21,torch.nn.functional.softplus,250,300,250,50,1.0,softplus,poisson,1.0,0.1,64.0,3.0,0.9822297692298888,0.9977796077728271,0.27348193526268,1.0
7abbc004,gnode,3,501,0,0.002,0.0,128,21,torch.nn.functional.softplus,250,300,250,50,1.0,softplus,poisson,1.0,0.1,64.0,3.0,0.98274827003479,0.9989253878593444,0.2738298177719116,0.9999657869338988
b4f82c0b,gnode,2,501,0,0.002,0.0,128,21,torch.nn.functional.softplus,250,300,250,50,1.0,softplus,poisson,1.0,0.1,64.0,3.0,0.981445610523224,0.9981972575187684,0.2737558484077453,1.0
b4f82c0b,gnode,2,501,0,0.002,0.0,128,21,torch.nn.functional.softplus,250,300,250,50,1.0,softplus,poisson,1.0,0.1,64.0,3.0,0.981445610523224,0.9981972575187684,0.2737558484077453,1.0
7abbc004,gnode,3,501,0,0.002,0.0,128,21,torch.nn.functional.softplus,250,300,250,50,1.0,softplus,poisson,1.0,0.1,64.0,3.0,0.98274827003479,0.9989253878593444,0.2738298177719116,0.9999657869338988
caf726f3,gnode,5,501,0,0.002,0.0,128,21,torch.nn.functional.softplus,250,300,250,50,1.0,softplus,poisson,1.0,0.1,64.0,3.0,0.9802318811416626,0.9993303418159484,0.2740098834037781,0.9998596906661988
caf726f3,gnode,5,501,0,0.002,0.0,128,21,torch.nn.functional.softplus,250,300,250,50,1.0,softplus,poisson,1.0,0.1,64.0,3.0,0.9802318811416626,0.9993303418159484,0.2740098834037781,0.9998596906661988
891ece5b,gnode,10,501,0,0.002,0.0,128,21,torch.nn.functional.softplus,250,300,250,50,1.0,softplus,poisson,1.0,0.1,64.0,3.0,0.9751369953155518,0.9984103441238404,0.2738637626171112,0.9751909971237184
891ece5b,gnode,10,501,0,0.002,0.0,128,21,torch.nn.functional.softplus,250,300,250,50,1.0,softplus,poisson,1.0,0.1,64.0,3.0,0.9751369953155518,0.9984103441238404,0.2738637626171112,0.9751909971237184
21e1a6d8,gnode,32,501,0,0.002,0.0,128,21,torch.nn.functional.softplus,250,300,250,50,1.0,softplus,poisson,1.0,0.1,64.0,3.0,0.91401869058609,0.9966137409210204,0.2735686600208282,0.9570862054824828
21e1a6d8,gnode,32,501,0,0.002,0.0,128,21,torch.nn.functional.softplus,250,300,250,50,1.0,softplus,poisson,1.0,0.1,64.0,3.0,0.91401869058609,0.9966137409210204,0.2735686600208282,0.9570862054824828
f6032dd6,gnode,64,501,0,0.002,0.0,128,21,torch.nn.functional.softplus,250,300,250,50,1.0,softplus,poisson,1.0,0.1,64.0,3.0,0.7517639994621277,0.9944858551025392,0.2730797827243805,0.8640275001525879
f6032dd6,gnode,64,501,0,0.002,0.0,128,21,torch.nn.functional.softplus,250,300,250,50,1.0,softplus,poisson,1.0,0.1,64.0,3.0,0.7517639994621277,0.9944858551025392,0.2730797827243805,0.8640275001525879
c68cbe4d,gnode,5,500,0,0.002,0.0,128,21,torch.nn.functional.softplus,280,300,280,20,1.0,softplus,poisson,1.0,0.1,64.0,3.0,0.9812199473381042,0.9974633455276488,0.2738537788391113,0.999756634235382
0d9116d3,gnode,64,500,0,0.002,0.0,128,21,torch.nn.functional.softplus,280,300,280,20,1.0,softplus,poisson,1.0,0.1,64.0,3.0,0.7233482003211975,0.9934669733047484,0.2733218669891357,0.8403843641281128
e3ce27b6,gnode,2,500,0,0.002,0.0,128,21,torch.nn.functional.softplus,280,300,280,20,1.0,softplus,poisson,1.0,0.1,64.0,3.0,0.9845049977302552,0.9987621903419496,0.2741136848926544,1.0
a5e493c2,gnode,32,500,0,0.002,0.0,128,21,torch.nn.functional.softplus,280,300,280,20,1.0,softplus,poisson,1.0,0.1,64.0,3.0,0.8788368105888367,0.9962322115898132,0.2736864686012268,0.8848469853401184
04121e4c,gnode,3,500,0,0.002,0.0,128,21,torch.nn.functional.softplus,280,300,280,20,1.0,softplus,poisson,1.0,0.1,64.0,3.0,0.983504354953766,0.9981717467308044,0.2740599811077118,0.9999727010726928
de661102,gnode,10,500,0,0.002,0.0,128,21,torch.nn.functional.softplus,280,300,280,20,1.0,softplus,poisson,1.0,0.1,64.0,3.0,0.9763218760490416,0.9977574348449708,0.2740832865238189,0.998655378818512
a5e493c2,gnode,32,500,0,0.002,0.0,128,21,torch.nn.functional.softplus,280,300,280,20,1.0,softplus,poisson,1.0,0.1,64.0,3.0,0.8788368105888367,0.9962322115898132,0.2736864686012268,0.8848469853401184
04121e4c,gnode,3,500,0,0.002,0.0,128,21,torch.nn.functional.softplus,280,300,280,20,1.0,softplus,poisson,1.0,0.1,64.0,3.0,0.983504354953766,0.9981717467308044,0.2740599811077118,0.9999727010726928
e3ce27b6,gnode,2,500,0,0.002,0.0,128,21,torch.nn.functional.softplus,280,300,280,20,1.0,softplus,poisson,1.0,0.1,64.0,3.0,0.9845049977302552,0.9987621903419496,0.2741136848926544,1.0
de661102,gnode,10,500,0,0.002,0.0,128,21,torch.nn.functional.softplus,280,300,280,20,1.0,softplus,poisson,1.0,0.1,64.0,3.0,0.9763218760490416,0.9977574348449708,0.2740832865238189,0.998655378818512
c68cbe4d,gnode,5,500,0,0.002,0.0,128,21,torch.nn.functional.softplus,280,300,280,20,1.0,softplus,poisson,1.0,0.1,64.0,3.0,0.9812199473381042,0.9974633455276488,0.2738537788391113,0.999756634235382
0d9116d3,gnode,64,500,0,0.002,0.0,128,21,torch.nn.functional.softplus,280,300,280,20,1.0,softplus,poisson,1.0,0.1,64.0,3.0,0.7233482003211975,0.9934669733047484,0.2733218669891357,0.8403843641281128
dd3e2bf4,gnode,2,501,0,0.002,0.0,128,21,torch.nn.functional.softplus,280,300,280,20,1.0,softplus,poisson,1.0,0.1,64.0,3.0,0.9835619926452636,0.9969527125358582,0.273728609085083,1.0
dd3e2bf4,gnode,2,501,0,0.002,0.0,128,21,torch.nn.functional.softplus,280,300,280,20,1.0,softplus,poisson,1.0,0.1,64.0,3.0,0.9835619926452636,0.9969527125358582,0.273728609085083,1.0
f08b836b,gnode,3,501,0,0.002,0.0,128,21,torch.nn.functional.softplus,280,300,280,20,1.0,softplus,poisson,1.0,0.1,64.0,3.0,0.9850059747695924,0.9990313649177552,0.2741951048374176,0.9999721050262452
f08b836b,gnode,3,501,0,0.002,0.0,128,21,torch.nn.functional.softplus,280,300,280,20,1.0,softplus,poisson,1.0,0.1,64.0,3.0,0.9850059747695924,0.9990313649177552,0.2741951048374176,0.9999721050262452
9db95b59,gnode,5,501,0,0.002,0.0,128,21,torch.nn.functional.softplus,280,300,280,20,1.0,softplus,poisson,1.0,0.1,64.0,3.0,0.9830929040908812,0.9983375668525696,0.274153858423233,0.9997856020927428
9db95b59,gnode,5,501,0,0.002,0.0,128,21,torch.nn.functional.softplus,280,300,280,20,1.0,softplus,poisson,1.0,0.1,64.0,3.0,0.9830929040908812,0.9983375668525696,0.274153858423233,0.9997856020927428
d967684a,gnode,10,501,0,0.002,0.0,128,21,torch.nn.functional.softplus,280,300,280,20,1.0,softplus,poisson,1.0,0.1,64.0,3.0,0.9764834642410278,0.998272180557251,0.2741803526878357,0.9986692667007446
d967684a,gnode,10,501,0,0.002,0.0,128,21,torch.nn.functional.softplus,280,300,280,20,1.0,softplus,poisson,1.0,0.1,64.0,3.0,0.9764834642410278,0.998272180557251,0.2741803526878357,0.9986692667007446
c385cee2,gnode,32,501,0,0.002,0.0,128,21,torch.nn.functional.softplus,280,300,280,20,1.0,softplus,poisson,1.0,0.1,64.0,3.0,0.8791940212249756,0.9951653480529784,0.2734784781932831,0.8870595693588257
c385cee2,gnode,32,501,0,0.002,0.0,128,21,torch.nn.functional.softplus,280,300,280,20,1.0,softplus,poisson,1.0,0.1,64.0,3.0,0.8791940212249756,0.9951653480529784,0.2734784781932831,0.8870595693588257
a89d9062,gnode,64,501,0,0.002,0.0,128,21,torch.nn.functional.softplus,280,300,280,20,1.0,softplus,poisson,1.0,0.1,64.0,3.0,0.7270020246505737,0.9941365718841552,0.2734605371952057,0.839699387550354
a89d9062,gnode,64,501,0,0.002,0.0,128,21,torch.nn.functional.softplus,280,300,280,20,1.0,softplus,poisson,1.0,0.1,64.0,3.0,0.7270020246505737,0.9941365718841552,0.2734605371952057,0.839699387550354
dae6cacd,node,5,500,0,0.002,0.0,128,21,torch.nn.functional.softplus,200,300,200,100,1.0,softplus,poisson,1.0,0.05,128.0,3.0,0.9792883396148682,0.9988346695899964,0.2738626003265381,0.9998872876167296
096a437d,node,3,500,0,0.002,0.0,128,21,torch.nn.functional.softplus,200,300,200,100,1.0,softplus,poisson,1.0,0.05,128.0,3.0,0.9808946847915648,0.9991156458854676,0.2740269601345062,0.9999721050262452
5debda0b,node,32,500,0,0.002,0.0,128,21,torch.nn.functional.softplus,200,300,200,100,1.0,softplus,poisson,1.0,0.05,128.0,3.0,0.9019519686698914,0.9966505169868468,0.2736601829528808,0.9448605179786682
c6b46acf,node,2,500,0,0.002,0.0,128,21,torch.nn.functional.softplus,200,300,200,100,1.0,softplus,poisson,1.0,0.05,128.0,3.0,0.9824904203414916,0.999178409576416,0.274031400680542,1.0
1204b542,node,10,500,0,0.002,0.0,128,21,torch.nn.functional.softplus,200,300,200,100,1.0,softplus,poisson,1.0,0.05,128.0,3.0,0.9705049395561218,0.993934690952301,0.2729744017124176,0.9989781975746156
dae6cacd,node,5,500,0,0.002,0.0,128,21,torch.nn.functional.softplus,200,300,200,100,1.0,softplus,poisson,1.0,0.05,128.0,3.0,0.9792883396148682,0.9988346695899964,0.2738626003265381,0.9998872876167296
1204b542,node,10,500,0,0.002,0.0,128,21,torch.nn.functional.softplus,200,300,200,100,1.0,softplus,poisson,1.0,0.05,128.0,3.0,0.9705049395561218,0.993934690952301,0.2729744017124176,0.9989781975746156
5debda0b,node,32,500,0,0.002,0.0,128,21,torch.nn.functional.softplus,200,300,200,100,1.0,softplus,poisson,1.0,0.05,128.0,3.0,0.9019519686698914,0.9966505169868468,0.2736601829528808,0.9448605179786682
096a437d,node,3,500,0,0.002,0.0,128,21,torch.nn.functional.softplus,200,300,200,100,1.0,softplus,poisson,1.0,0.05,128.0,3.0,0.9808946847915648,0.9991156458854676,0.2740269601345062,0.9999721050262452
c6b46acf,node,2,500,0,0.002,0.0,128,21,torch.nn.functional.softplus,200,300,200,100,1.0,softplus,poisson,1.0,0.05,128.0,3.0,0.9824904203414916,0.999178409576416,0.274031400680542,1.0
82843c5d,node,64,500,0,0.002,0.0,128,21,torch.nn.functional.softplus,200,300,200,100,1.0,softplus,poisson,1.0,0.05,128.0,3.0,0.7167409658432007,0.9937776923179626,0.2730638086795807,0.8895408511161804
82843c5d,node,64,500,0,0.002,0.0,128,21,torch.nn.functional.softplus,200,300,200,100,1.0,softplus,poisson,1.0,0.05,128.0,3.0,0.7167409658432007,0.9937776923179626,0.2730638086795807,0.8895408511161804
bd004705,node,2,501,0,0.002,0.0,128,21,torch.nn.functional.softplus,200,300,200,100,1.0,softplus,poisson,1.0,0.05,128.0,3.0,0.9788240790367126,0.9974403381347656,0.2736450731754303,1.0
bd004705,node,2,501,0,0.002,0.0,128,21,torch.nn.functional.softplus,200,300,200,100,1.0,softplus,poisson,1.0,0.05,128.0,3.0,0.9788240790367126,0.9974403381347656,0.2736450731754303,1.0
7b73ff55,node,3,501,0,0.002,0.0,128,21,torch.nn.functional.softplus,200,300,200,100,1.0,softplus,poisson,1.0,0.05,128.0,3.0,0.9790613055229188,0.9991915822029114,0.2740202248096466,0.9999740719795228
7b73ff55,node,3,501,0,0.002,0.0,128,21,torch.nn.functional.softplus,200,300,200,100,1.0,softplus,poisson,1.0,0.05,128.0,3.0,0.9790613055229188,0.9991915822029114,0.2740202248096466,0.9999740719795228
b600d515,node,5,501,0,0.002,0.0,128,21,torch.nn.functional.softplus,200,300,200,100,1.0,softplus,poisson,1.0,0.05,128.0,3.0,0.9774665236473083,0.997890830039978,0.2738430500030517,0.999890685081482
b600d515,node,5,501,0,0.002,0.0,128,21,torch.nn.functional.softplus,200,300,200,100,1.0,softplus,poisson,1.0,0.05,128.0,3.0,0.9774665236473083,0.997890830039978,0.2738430500030517,0.999890685081482
e369d17c,node,10,501,0,0.002,0.0,128,21,torch.nn.functional.softplus,200,300,200,100,1.0,softplus,poisson,1.0,0.05,128.0,3.0,0.9759039878845216,0.9987431168556212,0.273914486169815,0.9989803433418274
e369d17c,node,10,501,0,0.002,0.0,128,21,torch.nn.functional.softplus,200,300,200,100,1.0,softplus,poisson,1.0,0.05,128.0,3.0,0.9759039878845216,0.9987431168556212,0.273914486169815,0.9989803433418274
6a590a7c,node,32,501,0,0.002,0.0,128,21,torch.nn.functional.softplus,200,300,200,100,1.0,softplus,poisson,1.0,0.05,128.0,3.0,0.9015421867370604,0.9962494373321532,0.2735629677772522,0.9461599588394164
6a590a7c,node,32,501,0,0.002,0.0,128,21,torch.nn.functional.softplus,200,300,200,100,1.0,softplus,poisson,1.0,0.05,128.0,3.0,0.9015421867370604,0.9962494373321532,0.2735629677772522,0.9461599588394164
f3c6b011,node,64,501,0,0.002,0.0,128,21,torch.nn.functional.softplus,200,300,200,100,1.0,softplus,poisson,1.0,0.05,128.0,3.0,0.718135416507721,0.9937468767166138,0.2731513977050781,0.8924699425697327
f3c6b011,node,64,501,0,0.002,0.0,128,21,torch.nn.functional.softplus,200,300,200,100,1.0,softplus,poisson,1.0,0.05,128.0,3.0,0.718135416507721,0.9937468767166138,0.2731513977050781,0.8924699425697327
4dcccc87,node,32,500,0,0.002,0.0,128,21,,250,300,250,50,1.0,softplus,poisson,1.0,0.05,128.0,3.0,0.9179472923278807,0.9964317679405212,0.2734074294567108,0.9550829529762268
ba6db52b,node,3,500,0,0.002,0.0,128,21,,250,300,250,50,1.0,softplus,poisson,1.0,0.05,128.0,3.0,0.9785730838775636,0.9978960156440736,0.2736625373363495,0.9999823570251464
b6210344,node,10,500,0,0.002,0.0,128,21,,250,300,250,50,1.0,softplus,poisson,1.0,0.05,128.0,3.0,0.9767941236495972,0.9989928603172302,0.2738735675811767,0.9988808631896972
c26bb065,node,5,500,0,0.002,0.0,128,21,,250,300,250,50,1.0,softplus,poisson,1.0,0.05,128.0,3.0,0.9792439937591552,0.9995704889297484,0.2740474045276642,0.9998798370361328
fbf80095,node,2,500,0,0.002,0.0,128,21,,250,300,250,50,1.0,softplus,poisson,1.0,0.05,128.0,3.0,0.9806674122810364,0.998056709766388,0.273664653301239,1.0
c26bb065,node,5,500,0,0.002,0.0,128,21,,250,300,250,50,1.0,softplus,poisson,1.0,0.05,128.0,3.0,0.9792439937591552,0.9995704889297484,0.2740474045276642,0.9998798370361328
fbf80095,node,2,500,0,0.002,0.0,128,21,,250,300,250,50,1.0,softplus,poisson,1.0,0.05,128.0,3.0,0.9806674122810364,0.998056709766388,0.273664653301239,1.0
ba6db52b,node,3,500,0,0.002,0.0,128,21,,250,300,250,50,1.0,softplus,poisson,1.0,0.05,128.0,3.0,0.9785730838775636,0.9978960156440736,0.2736625373363495,0.9999823570251464
4dcccc87,node,32,500,0,0.002,0.0,128,21,,250,300,250,50,1.0,softplus,poisson,1.0,0.05,128.0,3.0,0.9179472923278807,0.9964317679405212,0.2734074294567108,0.9550829529762268
b6210344,node,10,500,0,0.002,0.0,128,21,,250,300,250,50,1.0,softplus,poisson,1.0,0.05,128.0,3.0,0.9767941236495972,0.9989928603172302,0.2738735675811767,0.9988808631896972
bf935b0b,node,64,500,0,0.002,0.0,128,21,,250,300,250,50,1.0,softplus,poisson,1.0,0.05,128.0,3.0,0.7203972935676575,0.994909405708313,0.2731914520263672,0.8839784264564514
bf935b0b,node,64,500,0,0.002,0.0,128,21,,250,300,250,50,1.0,softplus,poisson,1.0,0.05,128.0,3.0,0.7203972935676575,0.994909405708313,0.2731914520263672,0.8839784264564514
2d0a93d1,node,2,501,0,0.002,0.0,128,21,,250,300,250,50,1.0,softplus,poisson,1.0,0.05,128.0,3.0,0.9801502823829652,0.9990773797035216,0.2738065123558044,1.0
2d0a93d1,node,2,501,0,0.002,0.0,128,21,,250,300,250,50,1.0,softplus,poisson,1.0,0.05,128.0,3.0,0.9801502823829652,0.9990773797035216,0.2738065123558044,1.0
655dff95,node,3,501,0,0.002,0.0,128,21,,250,300,250,50,1.0,softplus,poisson,1.0,0.05,128.0,3.0,0.9806092977523804,0.9981790781021118,0.2737388014793396,0.999980926513672
655dff95,node,3,501,0,0.002,0.0,128,21,,250,300,250,50,1.0,softplus,poisson,1.0,0.05,128.0,3.0,0.9806092977523804,0.9981790781021118,0.2737388014793396,0.999980926513672
132b7862,node,5,501,0,0.002,0.0,128,21,,250,300,250,50,1.0,softplus,poisson,1.0,0.05,128.0,3.0,0.9786186814308168,0.9984155297279358,0.2737505137920379,0.9998890161514282
132b7862,node,5,501,0,0.002,0.0,128,21,,250,300,250,50,1.0,softplus,poisson,1.0,0.05,128.0,3.0,0.9786186814308168,0.9984155297279358,0.2737505137920379,0.9998890161514282
cf8fd2c1,node,10,501,0,0.002,0.0,128,21,,250,300,250,50,1.0,softplus,poisson,1.0,0.05,128.0,3.0,0.9773131608963012,0.9991602897644044,0.2739197909832001,0.9988455772399902
cf8fd2c1,node,10,501,0,0.002,0.0,128,21,,250,300,250,50,1.0,softplus,poisson,1.0,0.05,128.0,3.0,0.9773131608963012,0.9991602897644044,0.2739197909832001,0.9988455772399902
42f3c6e0,node,32,501,0,0.002,0.0,128,21,,250,300,250,50,1.0,softplus,poisson,1.0,0.05,128.0,3.0,0.915640354156494,0.9967215061187744,0.2735734581947326,0.9565774202346802
42f3c6e0,node,32,501,0,0.002,0.0,128,21,,250,300,250,50,1.0,softplus,poisson,1.0,0.05,128.0,3.0,0.915640354156494,0.9967215061187744,0.2735734581947326,0.9565774202346802
e3cba591,node,64,501,0,0.002,0.0,128,21,,250,300,250,50,1.0,softplus,poisson,1.0,0.05,128.0,3.0,0.7194801568984985,0.9939414262771606,0.2729272544384002,0.8864206075668335
e3cba591,node,64,501,0,0.002,0.0,128,21,,250,300,250,50,1.0,softplus,poisson,1.0,0.05,128.0,3.0,0.7194801568984985,0.9939414262771606,0.2729272544384002,0.8864206075668335
c75c4553,gru,512,500,0,0.0001,0.0001,128,21,torch.nn.functional.softplus,250,300,250,50,1.0,softplus,poisson,1.0,,,,0.7693901658058167,0.6807267665863037,0.1833233088254928,0.9996070265769958
a90fc898,gru,256,500,0,0.0001,0.0001,128,21,torch.nn.functional.softplus,250,300,250,50,1.0,softplus,poisson,1.0,,,,0.7662543654441833,0.6153337359428406,0.1595906466245651,0.9996552467346193
cfe4ccea,gru,64,500,0,0.0001,0.0001,128,21,torch.nn.functional.softplus,250,300,250,50,1.0,softplus,poisson,1.0,,,,0.6990727782249451,0.3982123434543609,0.0974068790674209,0.9978654980659484
0fab825a,gru,32,500,0,0.0001,0.0001,128,21,,250,300,250,50,1.0,softplus,poisson,1.0,,,,0.5145257711410522,0.3750092685222626,0.0940761566162109,0.9987552165985109
bb0b0e16,gru,128,500,0,0.0001,0.0001,128,21,torch.nn.functional.softplus,250,300,250,50,1.0,softplus,poisson,1.0,,,,0.7000076770782471,0.4410396218299866,0.1100940778851509,0.9994781613349916
1d767d43,gru,32,500,0,0.0001,0.0001,128,21,torch.nn.functional.softplus,250,300,250,50,1.0,softplus,poisson,1.0,,,,0.5065852999687195,0.3702193796634674,0.0928480997681617,0.9987452030181884
cfe4ccea,gru,64,500,0,0.0001,0.0001,128,21,torch.nn.functional.softplus,250,300,250,50,1.0,softplus,poisson,1.0,,,,0.6990727782249451,0.3982123434543609,0.0974068790674209,0.9978654980659484
1d767d43,gru,32,500,0,0.0001,0.0001,128,21,torch.nn.functional.softplus,250,300,250,50,1.0,softplus,poisson,1.0,,,,0.5065852999687195,0.3702193796634674,0.0928480997681617,0.9987452030181884
0fab825a,gru,32,500,0,0.0001,0.0001,128,21,,250,300,250,50,1.0,softplus,poisson,1.0,,,,0.5145257711410522,0.3750092685222626,0.0940761566162109,0.9987552165985109
a90fc898,gru,256,500,0,0.0001,0.0001,128,21,torch.nn.functional.softplus,250,300,250,50,1.0,softplus,poisson,1.0,,,,0.7662543654441833,0.6153337359428406,0.1595906466245651,0.9996552467346193
c75c4553,gru,512,500,0,0.0001,0.0001,128,21,torch.nn.functional.softplus,250,300,250,50,1.0,softplus,poisson,1.0,,,,0.7693901658058167,0.6807267665863037,0.1833233088254928,0.9996070265769958
bb0b0e16,gru,128,500,0,0.0001,0.0001,128,21,torch.nn.functional.softplus,250,300,250,50,1.0,softplus,poisson,1.0,,,,0.7000076770782471,0.4410396218299866,0.1100940778851509,0.9994781613349916
b08bd986,gru,64,500,0,0.0001,0.0001,128,21,,250,300,250,50,1.0,softplus,poisson,1.0,,,,0.68841552734375,0.3929940164089203,0.0961592867970466,0.9978606104850768
b08bd986,gru,64,500,0,0.0001,0.0001,128,21,,250,300,250,50,1.0,softplus,poisson,1.0,,,,0.68841552734375,0.3929940164089203,0.0961592867970466,0.9978606104850768
1cf54d8a,gru,128,500,0,0.0001,0.0001,128,21,,250,300,250,50,1.0,softplus,poisson,1.0,,,,0.6965371966362,0.4357289671897888,0.1088475435972213,0.9994805455207824
1cf54d8a,gru,128,500,0,0.0001,0.0001,128,21,,250,300,250,50,1.0,softplus,poisson,1.0,,,,0.6965371966362,0.4357289671897888,0.1088475435972213,0.9994805455207824
fb2a0050,gru,256,500,0,0.0001,0.0001,128,21,,250,300,250,50,1.0,softplus,poisson,1.0,,,,0.7662824988365173,0.6153461933135986,0.1596155315637588,0.999655544757843
fb2a0050,gru,256,500,0,0.0001,0.0001,128,21,,250,300,250,50,1.0,softplus,poisson,1.0,,,,0.7662824988365173,0.6153461933135986,0.1596155315637588,0.999655544757843
beb045e5,gru,512,500,0,0.0001,0.0001,128,21,,250,300,250,50,1.0,softplus,poisson,1.0,,,,0.7695460915565491,0.6809680461883545,0.1833837628364563,0.9996069073677064
beb045e5,gru,512,500,0,0.0001,0.0001,128,21,,250,300,250,50,1.0,softplus,poisson,1.0,,,,0.7695460915565491,0.6809680461883545,0.1833837628364563,0.9996069073677064
ff66ece8,gru,32,501,0,0.0001,0.0001,128,21,torch.nn.functional.softplus,250,300,250,50,1.0,softplus,poisson,1.0,,,,0.6743136644363403,0.4884850084781647,0.1223871558904647,0.9989932179450988
ff66ece8,gru,32,501,0,0.0001,0.0001,128,21,torch.nn.functional.softplus,250,300,250,50,1.0,softplus,poisson,1.0,,,,0.6743136644363403,0.4884850084781647,0.1223871558904647,0.9989932179450988
ab098499,gru,64,501,0,0.0001,0.0001,128,21,torch.nn.functional.softplus,250,300,250,50,1.0,softplus,poisson,1.0,,,,0.3018513023853302,0.1231598109006881,0.0316328406333923,0.9973423480987548
ab098499,gru,64,501,0,0.0001,0.0001,128,21,torch.nn.functional.softplus,250,300,250,50,1.0,softplus,poisson,1.0,,,,0.3018513023853302,0.1231598109006881,0.0316328406333923,0.9973423480987548
79a68ce9,gru,128,501,0,0.0001,0.0001,128,21,torch.nn.functional.softplus,250,300,250,50,1.0,softplus,poisson,1.0,,,,0.7454588413238525,0.4943939447402954,0.1230589523911476,0.9995033144950868
79a68ce9,gru,128,501,0,0.0001,0.0001,128,21,torch.nn.functional.softplus,250,300,250,50,1.0,softplus,poisson,1.0,,,,0.7454588413238525,0.4943939447402954,0.1230589523911476,0.9995033144950868
9c7ed973,gru,256,501,0,0.0001,0.0001,128,21,torch.nn.functional.softplus,250,300,250,50,1.0,softplus,poisson,1.0,,,,0.7864907383918762,0.6287270188331604,0.1616213321685791,0.9996307492256165
9c7ed973,gru,256,501,0,0.0001,0.0001,128,21,torch.nn.functional.softplus,250,300,250,50,1.0,softplus,poisson,1.0,,,,0.7864907383918762,0.6287270188331604,0.1616213321685791,0.9996307492256165
ccdb1b61,gru,512,501,0,0.0001,0.0001,128,21,torch.nn.functional.softplus,250,300,250,50,1.0,softplus,poisson,1.0,,,,0.7889987230300903,0.6529698371887207,0.1753147095441818,0.999506413936615
ccdb1b61,gru,512,501,0,0.0001,0.0001,128,21,torch.nn.functional.softplus,250,300,250,50,1.0,softplus,poisson,1.0,,,,0.7889987230300903,0.6529698371887207,0.1753147095441818,0.999506413936615
bd1e055c,gru,32,501,0,0.0001,0.0001,128,21,,250,300,250,50,1.0,softplus,poisson,1.0,,,,0.6750221848487854,0.4887324571609497,0.1224267929792404,0.99899023771286
bd1e055c,gru,32,501,0,0.0001,0.0001,128,21,,250,300,250,50,1.0,softplus,poisson,1.0,,,,0.6750221848487854,0.4887324571609497,0.1224267929792404,0.99899023771286
5786594d,gru,64,501,0,0.0001,0.0001,128,21,,250,300,250,50,1.0,softplus,poisson,1.0,,,,0.2949792444705963,0.1175659596920013,0.0302967112511396,0.9972964525222778
5786594d,gru,64,501,0,0.0001,0.0001,128,21,,250,300,250,50,1.0,softplus,poisson,1.0,,,,0.2949792444705963,0.1175659596920013,0.0302967112511396,0.9972964525222778
d8b3e0a2,gru,128,501,0,0.0001,0.0001,128,21,,250,300,250,50,1.0,softplus,poisson,1.0,,,,0.7425190210342407,0.4926669001579284,0.1226625218987464,0.9995056390762328
d8b3e0a2,gru,128,501,0,0.0001,0.0001,128,21,,250,300,250,50,1.0,softplus,poisson,1.0,,,,0.7425190210342407,0.4926669001579284,0.1226625218987464,0.9995056390762328
3c418561,gru,256,501,0,0.0001,0.0001,128,21,,250,300,250,50,1.0,softplus,poisson,1.0,,,,0.7843112349510193,0.6270068883895874,0.1612753868103027,0.9996315836906432
3c418561,gru,256,501,0,0.0001,0.0001,128,21,,250,300,250,50,1.0,softplus,poisson,1.0,,,,0.7843112349510193,0.6270068883895874,0.1612753868103027,0.9996315836906432
46cff600,gru,512,501,0,0.0001,0.0001,128,21,,250,300,250,50,1.0,softplus,poisson,1.0,,,,0.7893113493919373,0.6525838375091553,0.1752116084098816,0.999505341053009
46cff600,gru,512,501,0,0.0001,0.0001,128,21,,250,300,250,50,1.0,softplus,poisson,1.0,,,,0.7893113493919373,0.6525838375091553,0.1752116084098816,0.999505341053009
d74f44eb,fr,256,500,0,0.0001,0.0001,128,21,torch.nn.functional.softplus,280,300,280,20,1.0,softplus,poisson,1.0,,,,0.7361051440238953,0.5109764933586121,0.1277443617582321,0.9988334774971008
11705b7b,fr,512,500,0,0.0001,0.0001,128,21,torch.nn.functional.softplus,280,300,280,20,1.0,softplus,poisson,1.0,,,,0.8659864664077759,0.7235834002494812,0.1970464587211609,0.987328052520752
d0d533cf,fr,32,500,0,0.0001,0.0001,128,21,torch.nn.functional.softplus,280,300,280,20,1.0,softplus,poisson,1.0,,,,0.6936753988265991,0.4876972138881683,0.1174183934926986,0.9975159764289856
d69306a4,fr,128,500,0,0.0001,0.0001,128,21,torch.nn.functional.softplus,280,300,280,20,1.0,softplus,poisson,1.0,,,,0.079455628991127,-0.123028889298439,-0.0216412357985973,0.9973707795143129
8e730560,fr,64,500,0,0.0001,0.0001,128,21,torch.nn.functional.softplus,280,300,280,20,1.0,softplus,poisson,1.0,,,,0.7163836359977722,0.5176939368247986,0.1249821260571479,0.9977331757545472
d08e6481,fr,32,501,0,0.0001,0.0001,128,21,torch.nn.functional.softplus,280,300,280,20,1.0,softplus,poisson,1.0,,,,0.7268645167350769,0.5027852058410645,0.1205265894532203,0.9974645972251892
d74f44eb,fr,256,500,0,0.0001,0.0001,128,21,torch.nn.functional.softplus,280,300,280,20,1.0,softplus,poisson,1.0,,,,0.7361051440238953,0.5109764933586121,0.1277443617582321,0.9988334774971008
8e730560,fr,64,500,0,0.0001,0.0001,128,21,torch.nn.functional.softplus,280,300,280,20,1.0,softplus,poisson,1.0,,,,0.7163836359977722,0.5176939368247986,0.1249821260571479,0.9977331757545472
d69306a4,fr,128,500,0,0.0001,0.0001,128,21,torch.nn.functional.softplus,280,300,280,20,1.0,softplus,poisson,1.0,,,,0.079455628991127,-0.123028889298439,-0.0216412357985973,0.9973707795143129
d0d533cf,fr,32,500,0,0.0001,0.0001,128,21,torch.nn.functional.softplus,280,300,280,20,1.0,softplus,poisson,1.0,,,,0.6936753988265991,0.4876972138881683,0.1174183934926986,0.9975159764289856
d08e6481,fr,32,501,0,0.0001,0.0001,128,21,torch.nn.functional.softplus,280,300,280,20,1.0,softplus,poisson,1.0,,,,0.7268645167350769,0.5027852058410645,0.1205265894532203,0.9974645972251892
11705b7b,fr,512,500,0,0.0001,0.0001,128,21,torch.nn.functional.softplus,280,300,280,20,1.0,softplus,poisson,1.0,,,,0.8659864664077759,0.7235834002494812,0.1970464587211609,0.987328052520752
6289dc0e,fr,64,501,0,0.0001,0.0001,128,21,torch.nn.functional.softplus,280,300,280,20,1.0,softplus,poisson,1.0,,,,0.6939736604690552,0.4928221702575683,0.1200777068734169,0.9977934956550598
6289dc0e,fr,64,501,0,0.0001,0.0001,128,21,torch.nn.functional.softplus,280,300,280,20,1.0,softplus,poisson,1.0,,,,0.6939736604690552,0.4928221702575683,0.1200777068734169,0.9977934956550598
8ae0abef,fr,128,501,0,0.0001,0.0001,128,21,torch.nn.functional.softplus,280,300,280,20,1.0,softplus,poisson,1.0,,,,0.1684869825839996,-0.0640154257416725,-0.0086193401366472,0.9982578754425048
8ae0abef,fr,128,501,0,0.0001,0.0001,128,21,torch.nn.functional.softplus,280,300,280,20,1.0,softplus,poisson,1.0,,,,0.1684869825839996,-0.0640154257416725,-0.0086193401366472,0.9982578754425048
edd50266,fr,256,501,0,0.0001,0.0001,128,21,torch.nn.functional.softplus,280,300,280,20,1.0,softplus,poisson,1.0,,,,0.5303294658660889,0.3381700217723846,0.0897815749049186,0.999192476272583
edd50266,fr,256,501,0,0.0001,0.0001,128,21,torch.nn.functional.softplus,280,300,280,20,1.0,softplus,poisson,1.0,,,,0.5303294658660889,0.3381700217723846,0.0897815749049186,0.999192476272583
2bc7620c,fr,512,501,0,0.0001,0.0001,128,21,torch.nn.functional.softplus,280,300,280,20,1.0,softplus,poisson,1.0,,,,0.8931621313095093,0.8185802102088928,0.2252764999866485,0.9947478771209716
2bc7620c,fr,512,501,0,0.0001,0.0001,128,21,torch.nn.functional.softplus,280,300,280,20,1.0,softplus,poisson,1.0,,,,0.8931621313095093,0.8185802102088928,0.2252764999866485,0.9947478771209716
9fc5a207,node,3,500,0,0.002,0.0,128,21,,200,300,200,100,1.0,softplus,poisson,1.0,0.05,128.0,3.0,0.980894923210144,0.9991166591644288,0.2740267813205719,0.9999729990959167
3426dada,node,32,500,0,0.002,0.0,128,21,,200,300,200,100,1.0,softplus,poisson,1.0,0.05,128.0,3.0,0.9017063975334167,0.9966827034950256,0.2736690640449524,0.9448735117912292
e3f2eaab,node,5,500,0,0.002,0.0,128,21,,200,300,200,100,1.0,softplus,poisson,1.0,0.05,128.0,3.0,0.979286789894104,0.9988322257995604,0.2738611698150635,0.9998860955238342
0b6fac9c,node,2,500,0,0.002,0.0,128,21,,200,300,200,100,1.0,softplus,poisson,1.0,0.05,128.0,3.0,0.9824972748756408,0.9991785287857056,0.2740322947502136,1.0
59b00e22,node,10,500,0,0.002,0.0,128,21,,200,300,200,100,1.0,softplus,poisson,1.0,0.05,128.0,3.0,0.9705178141593932,0.9939358234405518,0.2729727923870086,0.9989921450614928
59b00e22,node,10,500,0,0.002,0.0,128,21,,200,300,200,100,1.0,softplus,poisson,1.0,0.05,128.0,3.0,0.9705178141593932,0.9939358234405518,0.2729727923870086,0.9989921450614928
e3f2eaab,node,5,500,0,0.002,0.0,128,21,,200,300,200,100,1.0,softplus,poisson,1.0,0.05,128.0,3.0,0.979286789894104,0.9988322257995604,0.2738611698150635,0.9998860955238342
9fc5a207,node,3,500,0,0.002,0.0,128,21,,200,300,200,100,1.0,softplus,poisson,1.0,0.05,128.0,3.0,0.980894923210144,0.9991166591644288,0.2740267813205719,0.9999729990959167
3426dada,node,32,500,0,0.002,0.0,128,21,,200,300,200,100,1.0,softplus,poisson,1.0,0.05,128.0,3.0,0.9017063975334167,0.9966827034950256,0.2736690640449524,0.9448735117912292
0b6fac9c,node,2,500,0,0.002,0.0,128,21,,200,300,200,100,1.0,softplus,poisson,1.0,0.05,128.0,3.0,0.9824972748756408,0.9991785287857056,0.2740322947502136,1.0
3d0639c4,node,64,500,0,0.002,0.0,128,21,,200,300,200,100,1.0,softplus,poisson,1.0,0.05,128.0,3.0,0.7159251570701599,0.9937766194343568,0.2730643153190613,0.8884775042533875
3d0639c4,node,64,500,0,0.002,0.0,128,21,,200,300,200,100,1.0,softplus,poisson,1.0,0.05,128.0,3.0,0.7159251570701599,0.9937766194343568,0.2730643153190613,0.8884775042533875
4bf5646a,node,2,501,0,0.002,0.0,128,21,,200,300,200,100,1.0,softplus,poisson,1.0,0.05,128.0,3.0,0.9788213968276978,0.9974411725997924,0.2736454308032989,1.0
4bf5646a,node,2,501,0,0.002,0.0,128,21,,200,300,200,100,1.0,softplus,poisson,1.0,0.05,128.0,3.0,0.9788213968276978,0.9974411725997924,0.2736454308032989,1.0
7043f7cf,node,3,501,0,0.002,0.0,128,21,,200,300,200,100,1.0,softplus,poisson,1.0,0.05,128.0,3.0,0.9790578484535216,0.9991918206214904,0.2740205824375152,0.999973475933075
7043f7cf,node,3,501,0,0.002,0.0,128,21,,200,300,200,100,1.0,softplus,poisson,1.0,0.05,128.0,3.0,0.9790578484535216,0.9991918206214904,0.2740205824375152,0.999973475933075
00176cf7,node,5,501,0,0.002,0.0,128,21,,200,300,200,100,1.0,softplus,poisson,1.0,0.05,128.0,3.0,0.9774628281593324,0.9978889226913452,0.2738439440727234,0.9998883605003356
00176cf7,node,5,501,0,0.002,0.0,128,21,,200,300,200,100,1.0,softplus,poisson,1.0,0.05,128.0,3.0,0.9774628281593324,0.9978889226913452,0.2738439440727234,0.9998883605003356
f2c9360a,node,10,501,0,0.002,0.0,128,21,,200,300,200,100,1.0,softplus,poisson,1.0,0.05,128.0,3.0,0.9759012460708618,0.998742401599884,0.2739164531230926,0.9989753365516664
f2c9360a,node,10,501,0,0.002,0.0,128,21,,200,300,200,100,1.0,softplus,poisson,1.0,0.05,128.0,3.0,0.9759012460708618,0.998742401599884,0.2739164531230926,0.9989753365516664
c789fc51,node,32,501,0,0.002,0.0,128,21,,200,300,200,100,1.0,softplus,poisson,1.0,0.05,128.0,3.0,0.9014202952384948,0.9963109493255616,0.2735700905323028,0.9460118412971495
c789fc51,node,32,501,0,0.002,0.0,128,21,,200,300,200,100,1.0,softplus,poisson,1.0,0.05,128.0,3.0,0.9014202952384948,0.9963109493255616,0.2735700905323028,0.9460118412971495
dc70cdf9,node,64,501,0,0.002,0.0,128,21,,200,300,200,100,1.0,softplus,poisson,1.0,0.05,128.0,3.0,0.7172397375106812,0.9938772916793824,0.2731748521327972,0.8913396596908569
dc70cdf9,node,64,501,0,0.002,0.0,128,21,,200,300,200,100,1.0,softplus,poisson,1.0,0.05,128.0,3.0,0.7172397375106812,0.9938772916793824,0.2731748521327972,0.8913396596908569
d74f44eb,fr,256,500,0,0.0001,0.0001,128,21,torch.nn.functional.softplus,280,300,280,20,1.0,softplus,poisson,1.0,,,,0.7361051440238953,0.5109764933586121,0.1277443617582321,0.9988334774971008
af7b129d,fr,32,500,0,0.0001,0.0001,128,21,,280,300,280,20,1.0,softplus,poisson,1.0,,,,0.6927120685577393,0.4874184429645538,0.1173416003584861,0.9975162744522096
d0d533cf,fr,32,500,0,0.0001,0.0001,128,21,torch.nn.functional.softplus,280,300,280,20,1.0,softplus,poisson,1.0,,,,0.6936753988265991,0.4876972138881683,0.1174183934926986,0.9975159764289856
8e730560,fr,64,500,0,0.0001,0.0001,128,21,torch.nn.functional.softplus,280,300,280,20,1.0,softplus,poisson,1.0,,,,0.7163836359977722,0.5176939368247986,0.1249821260571479,0.9977331757545472
d69306a4,fr,128,500,0,0.0001,0.0001,128,21,torch.nn.functional.softplus,280,300,280,20,1.0,softplus,poisson,1.0,,,,0.079455628991127,-0.123028889298439,-0.0216412357985973,0.9973707795143129
11705b7b,fr,512,500,0,0.0001,0.0001,128,21,torch.nn.functional.softplus,280,300,280,20,1.0,softplus,poisson,1.0,,,,0.8659864664077759,0.7235834002494812,0.1970464587211609,0.987328052520752
d74f44eb,fr,256,500,0,0.0001,0.0001,128,21,torch.nn.functional.softplus,280,300,280,20,1.0,softplus,poisson,1.0,,,,0.7361051440238953,0.5109764933586121,0.1277443617582321,0.9988334774971008
8e730560,fr,64,500,0,0.0001,0.0001,128,21,torch.nn.functional.softplus,280,300,280,20,1.0,softplus,poisson,1.0,,,,0.7163836359977722,0.5176939368247986,0.1249821260571479,0.9977331757545472
d0d533cf,fr,32,500,0,0.0001,0.0001,128,21,torch.nn.functional.softplus,280,300,280,20,1.0,softplus,poisson,1.0,,,,0.6936753988265991,0.4876972138881683,0.1174183934926986,0.9975159764289856
af7b129d,fr,32,500,0,0.0001,0.0001,128,21,,280,300,280,20,1.0,softplus,poisson,1.0,,,,0.6927120685577393,0.4874184429645538,0.1173416003584861,0.9975162744522096
d69306a4,fr,128,500,0,0.0001,0.0001,128,21,torch.nn.functional.softplus,280,300,280,20,1.0,softplus,poisson,1.0,,,,0.079455628991127,-0.123028889298439,-0.0216412357985973,0.9973707795143129
11705b7b,fr,512,500,0,0.0001,0.0001,128,21,torch.nn.functional.softplus,280,300,280,20,1.0,softplus,poisson,1.0,,,,0.8659864664077759,0.7235834002494812,0.1970464587211609,0.987328052520752
32ff975a,fr,64,500,0,0.0001,0.0001,128,21,,280,300,280,20,1.0,softplus,poisson,1.0,,,,0.7169873118400574,0.5181642174720764,0.1250713616609573,0.9977335929870604
32ff975a,fr,64,500,0,0.0001,0.0001,128,21,,280,300,280,20,1.0,softplus,poisson,1.0,,,,0.7169873118400574,0.5181642174720764,0.1250713616609573,0.9977335929870604
a1397d01,fr,128,500,0,0.0001,0.0001,128,21,,280,300,280,20,1.0,softplus,poisson,1.0,,,,0.0729655027389526,-0.1305063515901565,-0.0234308820217847,0.9973177909851074
a1397d01,fr,128,500,0,0.0001,0.0001,128,21,,280,300,280,20,1.0,softplus,poisson,1.0,,,,0.0729655027389526,-0.1305063515901565,-0.0234308820217847,0.9973177909851074
54b25375,fr,256,500,0,0.0001,0.0001,128,21,,280,300,280,20,1.0,softplus,poisson,1.0,,,,0.7366806268692017,0.5113088488578796,0.1278208047151565,0.998833417892456
54b25375,fr,256,500,0,0.0001,0.0001,128,21,,280,300,280,20,1.0,softplus,poisson,1.0,,,,0.7366806268692017,0.5113088488578796,0.1278208047151565,0.998833417892456
d18cfa2a,fr,512,500,0,0.0001,0.0001,128,21,,280,300,280,20,1.0,softplus,poisson,1.0,,,,0.8659857511520386,0.7235840559005737,0.197046622633934,0.9873279333114624
d18cfa2a,fr,512,500,0,0.0001,0.0001,128,21,,280,300,280,20,1.0,softplus,poisson,1.0,,,,0.8659857511520386,0.7235840559005737,0.197046622633934,0.9873279333114624
d08e6481,fr,32,501,0,0.0001,0.0001,128,21,torch.nn.functional.softplus,280,300,280,20,1.0,softplus,poisson,1.0,,,,0.7268645167350769,0.5027852058410645,0.1205265894532203,0.9974645972251892
d08e6481,fr,32,501,0,0.0001,0.0001,128,21,torch.nn.functional.softplus,280,300,280,20,1.0,softplus,poisson,1.0,,,,0.7268645167350769,0.5027852058410645,0.1205265894532203,0.9974645972251892
6289dc0e,fr,64,501,0,0.0001,0.0001,128,21,torch.nn.functional.softplus,280,300,280,20,1.0,softplus,poisson,1.0,,,,0.6939736604690552,0.4928221702575683,0.1200777068734169,0.9977934956550598
6289dc0e,fr,64,501,0,0.0001,0.0001,128,21,torch.nn.functional.softplus,280,300,280,20,1.0,softplus,poisson,1.0,,,,0.6939736604690552,0.4928221702575683,0.1200777068734169,0.9977934956550598
8ae0abef,fr,128,501,0,0.0001,0.0001,128,21,torch.nn.functional.softplus,280,300,280,20,1.0,softplus,poisson,1.0,,,,0.1684869825839996,-0.0640154257416725,-0.0086193401366472,0.9982578754425048
8ae0abef,fr,128,501,0,0.0001,0.0001,128,21,torch.nn.functional.softplus,280,300,280,20,1.0,softplus,poisson,1.0,,,,0.1684869825839996,-0.0640154257416725,-0.0086193401366472,0.9982578754425048
edd50266,fr,256,501,0,0.0001,0.0001,128,21,torch.nn.functional.softplus,280,300,280,20,1.0,softplus,poisson,1.0,,,,0.5303294658660889,0.3381700217723846,0.0897815749049186,0.999192476272583
edd50266,fr,256,501,0,0.0001,0.0001,128,21,torch.nn.functional.softplus,280,300,280,20,1.0,softplus,poisson,1.0,,,,0.5303294658660889,0.3381700217723846,0.0897815749049186,0.999192476272583
2bc7620c,fr,512,501,0,0.0001,0.0001,128,21,torch.nn.functional.softplus,280,300,280,20,1.0,softplus,poisson,1.0,,,,0.8931621313095093,0.8185802102088928,0.2252764999866485,0.9947478771209716
2bc7620c,fr,512,501,0,0.0001,0.0001,128,21,torch.nn.functional.softplus,280,300,280,20,1.0,softplus,poisson,1.0,,,,0.8931621313095093,0.8185802102088928,0.2252764999866485,0.9947478771209716
b12a15ab,fr,32,501,0,0.0001,0.0001,128,21,,280,300,280,20,1.0,softplus,poisson,1.0,,,,0.7257903814315796,0.5024194717407227,0.1204506754875183,0.997467041015625
b12a15ab,fr,32,501,0,0.0001,0.0001,128,21,,280,300,280,20,1.0,softplus,poisson,1.0,,,,0.7257903814315796,0.5024194717407227,0.1204506754875183,0.997467041015625
26784770,fr,128,501,0,0.0001,0.0001,128,21,,280,300,280,20,1.0,softplus,poisson,1.0,,,,0.1707848161458969,-0.062503769993782,-0.0082269944250583,0.9982590079307556
67e0e7a7,fr,64,501,0,0.0001,0.0001,128,21,,280,300,280,20,1.0,softplus,poisson,1.0,,,,0.6934563517570496,0.4931024610996246,0.1201392188668251,0.997793674468994
26784770,fr,128,501,0,0.0001,0.0001,128,21,,280,300,280,20,1.0,softplus,poisson,1.0,,,,0.1707848161458969,-0.062503769993782,-0.0082269944250583,0.9982590079307556
67e0e7a7,fr,64,501,0,0.0001,0.0001,128,21,,280,300,280,20,1.0,softplus,poisson,1.0,,,,0.6934563517570496,0.4931024610996246,0.1201392188668251,0.997793674468994
e9d58413,fr,256,501,0,0.0001,0.0001,128,21,,280,300,280,20,1.0,softplus,poisson,1.0,,,,0.5279367566108704,0.3363611102104187,0.0892800763249397,0.9991911053657532
e9d58413,fr,256,501,0,0.0001,0.0001,128,21,,280,300,280,20,1.0,softplus,poisson,1.0,,,,0.5279367566108704,0.3363611102104187,0.0892800763249397,0.9991911053657532
116e9443,fr,512,501,0,0.0001,0.0001,128,21,,280,300,280,20,1.0,softplus,poisson,1.0,,,,0.8931522369384766,0.8185657262802124,0.2252724170684814,0.9947476387023926
116e9443,fr,512,501,0,0.0001,0.0001,128,21,,280,300,280,20,1.0,softplus,poisson,1.0,,,,0.8931522369384766,0.8185657262802124,0.2252724170684814,0.9947476387023926
5381e3f2,node,2,500,0,0.002,0.0,128,21,torch.nn.functional.softplus,250,300,250,50,1.0,softplus,poisson,1.0,0.05,128.0,3.0,0.9806690216064452,0.9980563521385192,0.27366504073143,1.0
c9445502,node,3,500,0,0.002,0.0,128,21,torch.nn.functional.softplus,250,300,250,50,1.0,softplus,poisson,1.0,0.05,128.0,3.0,0.97857266664505,0.9978944063186646,0.2736632525920868,0.9999819397926332
f922eed3,node,10,500,0,0.002,0.0,128,21,torch.nn.functional.softplus,250,300,250,50,1.0,softplus,poisson,1.0,0.05,128.0,3.0,0.976785123348236,0.9989932179450988,0.2738737165927887,0.9988794922828674
dc38b122,node,32,500,0,0.002,0.0,128,21,torch.nn.functional.softplus,250,300,250,50,1.0,softplus,poisson,1.0,0.05,128.0,3.0,0.9180804491043092,0.9964005947113036,0.2734042406082153,0.9556443691253662
9005e221,node,5,500,0,0.002,0.0,128,21,torch.nn.functional.softplus,250,300,250,50,1.0,softplus,poisson,1.0,0.05,128.0,3.0,0.9792388081550598,0.9995684027671814,0.2740470767021179,0.999876856803894
5381e3f2,node,2,500,0,0.002,0.0,128,21,torch.nn.functional.softplus,250,300,250,50,1.0,softplus,poisson,1.0,0.05,128.0,3.0,0.9806690216064452,0.9980563521385192,0.27366504073143,1.0
c9445502,node,3,500,0,0.002,0.0,128,21,torch.nn.functional.softplus,250,300,250,50,1.0,softplus,poisson,1.0,0.05,128.0,3.0,0.97857266664505,0.9978944063186646,0.2736632525920868,0.9999819397926332
f922eed3,node,10,500,0,0.002,0.0,128,21,torch.nn.functional.softplus,250,300,250,50,1.0,softplus,poisson,1.0,0.05,128.0,3.0,0.976785123348236,0.9989932179450988,0.2738737165927887,0.9988794922828674
9005e221,node,5,500,0,0.002,0.0,128,21,torch.nn.functional.softplus,250,300,250,50,1.0,softplus,poisson,1.0,0.05,128.0,3.0,0.9792388081550598,0.9995684027671814,0.2740470767021179,0.999876856803894
dc38b122,node,32,500,0,0.002,0.0,128,21,torch.nn.functional.softplus,250,300,250,50,1.0,softplus,poisson,1.0,0.05,128.0,3.0,0.9180804491043092,0.9964005947113036,0.2734042406082153,0.9556443691253662
a6353ced,node,64,500,0,0.002,0.0,128,21,torch.nn.functional.softplus,250,300,250,50,1.0,softplus,poisson,1.0,0.05,128.0,3.0,0.7208279967308044,0.9949073195457458,0.2731866240501404,0.883963406085968
a6353ced,node,64,500,0,0.002,0.0,128,21,torch.nn.functional.softplus,250,300,250,50,1.0,softplus,poisson,1.0,0.05,128.0,3.0,0.7208279967308044,0.9949073195457458,0.2731866240501404,0.883963406085968
fb24d9f8,node,2,501,0,0.002,0.0,128,21,torch.nn.functional.softplus,250,300,250,50,1.0,softplus,poisson,1.0,0.05,128.0,3.0,0.9801496267318726,0.9990773797035216,0.2738065123558044,1.0
fb24d9f8,node,2,501,0,0.002,0.0,128,21,torch.nn.functional.softplus,250,300,250,50,1.0,softplus,poisson,1.0,0.05,128.0,3.0,0.9801496267318726,0.9990773797035216,0.2738065123558044,1.0
26bbb2cc,node,3,501,0,0.002,0.0,128,21,torch.nn.functional.softplus,250,300,250,50,1.0,softplus,poisson,1.0,0.05,128.0,3.0,0.9806074500083924,0.9981774687767028,0.2737388014793396,0.9999809861183168
26bbb2cc,node,3,501,0,0.002,0.0,128,21,torch.nn.functional.softplus,250,300,250,50,1.0,softplus,poisson,1.0,0.05,128.0,3.0,0.9806074500083924,0.9981774687767028,0.2737388014793396,0.9999809861183168
cf469e87,node,5,501,0,0.002,0.0,128,21,torch.nn.functional.softplus,250,300,250,50,1.0,softplus,poisson,1.0,0.05,128.0,3.0,0.9786170125007628,0.9984147548675536,0.2737517654895782,0.9998873472213744
cf469e87,node,5,501,0,0.002,0.0,128,21,torch.nn.functional.softplus,250,300,250,50,1.0,softplus,poisson,1.0,0.05,128.0,3.0,0.9786170125007628,0.9984147548675536,0.2737517654895782,0.9998873472213744
3c935dd9,node,10,501,0,0.002,0.0,128,21,torch.nn.functional.softplus,250,300,250,50,1.0,softplus,poisson,1.0,0.05,128.0,3.0,0.9772960543632508,0.9991559386253356,0.273919403553009,0.9988305568695068
3c935dd9,node,10,501,0,0.002,0.0,128,21,torch.nn.functional.softplus,250,300,250,50,1.0,softplus,poisson,1.0,0.05,128.0,3.0,0.9772960543632508,0.9991559386253356,0.273919403553009,0.9988305568695068
78997247,node,32,501,0,0.002,0.0,128,21,torch.nn.functional.softplus,250,300,250,50,1.0,softplus,poisson,1.0,0.05,128.0,3.0,0.9156295657157898,0.9967317581176758,0.2735759615898132,0.9564696550369264
78997247,node,32,501,0,0.002,0.0,128,21,torch.nn.functional.softplus,250,300,250,50,1.0,softplus,poisson,1.0,0.05,128.0,3.0,0.9156295657157898,0.9967317581176758,0.2735759615898132,0.9564696550369264
90ff7966,node,64,501,0,0.002,0.0,128,21,torch.nn.functional.softplus,250,300,250,50,1.0,softplus,poisson,1.0,0.05,128.0,3.0,0.7196096181869507,0.9939283728599548,0.2729256749153137,0.8869947195053101
90ff7966,node,64,501,0,0.002,0.0,128,21,torch.nn.functional.softplus,250,300,250,50,1.0,softplus,poisson,1.0,0.05,128.0,3.0,0.7196096181869507,0.9939283728599548,0.2729256749153137,0.8869947195053101
d77eca26,fr,128,500,0,0.0001,0.0001,128,21,torch.nn.functional.softplus,200,300,200,100,1.0,softplus,poisson,1.0,,,,0.6688188910484314,0.5308244228363037,0.1307615637779235,0.9985702633857728
226a1496,fr,64,500,0,0.0001,0.0001,128,21,torch.nn.functional.softplus,200,300,200,100,1.0,softplus,poisson,1.0,,,,0.6935294270515442,0.4609693884849548,0.1132733523845672,0.9958010911941528
cb262021,fr,32,500,0,0.0001,0.0001,128,21,torch.nn.functional.softplus,200,300,200,100,1.0,softplus,poisson,1.0,,,,0.7518059611320496,0.4209400117397308,0.1016891673207283,0.998049020767212
5d21cdb9,fr,512,500,0,0.0001,0.0001,128,21,torch.nn.functional.softplus,200,300,200,100,1.0,softplus,poisson,1.0,,,,0.9179543852806092,0.8313489556312561,0.2239361405372619,0.9853476285934448
6b3531ea,fr,32,500,0,0.0001,0.0001,128,21,,200,300,200,100,1.0,softplus,poisson,1.0,,,,0.7525493502616882,0.4209744930267334,0.1016754880547523,0.9980400800704956
0346e5e1,fr,256,500,0,0.0001,0.0001,128,21,torch.nn.functional.softplus,200,300,200,100,1.0,softplus,poisson,1.0,,,,0.6674314141273499,0.590938925743103,0.1507807374000549,0.9992705583572388
226a1496,fr,64,500,0,0.0001,0.0001,128,21,torch.nn.functional.softplus,200,300,200,100,1.0,softplus,poisson,1.0,,,,0.6935294270515442,0.4609693884849548,0.1132733523845672,0.9958010911941528
cb262021,fr,32,500,0,0.0001,0.0001,128,21,torch.nn.functional.softplus,200,300,200,100,1.0,softplus,poisson,1.0,,,,0.7518059611320496,0.4209400117397308,0.1016891673207283,0.998049020767212
5d21cdb9,fr,512,500,0,0.0001,0.0001,128,21,torch.nn.functional.softplus,200,300,200,100,1.0,softplus,poisson,1.0,,,,0.9179543852806092,0.8313489556312561,0.2239361405372619,0.9853476285934448
d77eca26,fr,128,500,0,0.0001,0.0001,128,21,torch.nn.functional.softplus,200,300,200,100,1.0,softplus,poisson,1.0,,,,0.6688188910484314,0.5308244228363037,0.1307615637779235,0.9985702633857728
6b3531ea,fr,32,500,0,0.0001,0.0001,128,21,,200,300,200,100,1.0,softplus,poisson,1.0,,,,0.7525493502616882,0.4209744930267334,0.1016754880547523,0.9980400800704956
0346e5e1,fr,256,500,0,0.0001,0.0001,128,21,torch.nn.functional.softplus,200,300,200,100,1.0,softplus,poisson,1.0,,,,0.6674314141273499,0.590938925743103,0.1507807374000549,0.9992705583572388
8db5b72f,fr,64,500,0,0.0001,0.0001,128,21,,200,300,200,100,1.0,softplus,poisson,1.0,,,,0.6922239661216736,0.4605668783187866,0.1131948009133338,0.9958118796348572
3a31f388,fr,128,500,0,0.0001,0.0001,128,21,,200,300,200,100,1.0,softplus,poisson,1.0,,,,0.6683812141418457,0.5303843021392822,0.130662590265274,0.9985700845718384
3a31f388,fr,128,500,0,0.0001,0.0001,128,21,,200,300,200,100,1.0,softplus,poisson,1.0,,,,0.6683812141418457,0.5303843021392822,0.130662590265274,0.9985700845718384
8db5b72f,fr,64,500,0,0.0001,0.0001,128,21,,200,300,200,100,1.0,softplus,poisson,1.0,,,,0.6922239661216736,0.4605668783187866,0.1131948009133338,0.9958118796348572
9123938b,fr,256,500,0,0.0001,0.0001,128,21,,200,300,200,100,1.0,softplus,poisson,1.0,,,,0.6673657298088074,0.591010332107544,0.1508034765720367,0.9992709159851074
9123938b,fr,256,500,0,0.0001,0.0001,128,21,,200,300,200,100,1.0,softplus,poisson,1.0,,,,0.6673657298088074,0.591010332107544,0.1508034765720367,0.9992709159851074
491f4d12,fr,512,500,0,0.0001,0.0001,128,21,,200,300,200,100,1.0,softplus,poisson,1.0,,,,0.9179583787918092,0.8313596844673157,0.2239388078451156,0.9853484034538268
491f4d12,fr,512,500,0,0.0001,0.0001,128,21,,200,300,200,100,1.0,softplus,poisson,1.0,,,,0.9179583787918092,0.8313596844673157,0.2239388078451156,0.9853484034538268
5db28766,fr,32,501,0,0.0001,0.0001,128,21,torch.nn.functional.softplus,200,300,200,100,1.0,softplus,poisson,1.0,,,,0.748973548412323,0.4218825995922088,0.1018979772925376,0.99806547164917
5db28766,fr,32,501,0,0.0001,0.0001,128,21,torch.nn.functional.softplus,200,300,200,100,1.0,softplus,poisson,1.0,,,,0.748973548412323,0.4218825995922088,0.1018979772925376,0.99806547164917
ab17c719,fr,64,501,0,0.0001,0.0001,128,21,torch.nn.functional.softplus,200,300,200,100,1.0,softplus,poisson,1.0,,,,0.5642573237419128,0.3432947695255279,0.0841824635863304,0.9952634572982788
ab17c719,fr,64,501,0,0.0001,0.0001,128,21,torch.nn.functional.softplus,200,300,200,100,1.0,softplus,poisson,1.0,,,,0.5642573237419128,0.3432947695255279,0.0841824635863304,0.9952634572982788
91466bac,fr,128,501,0,0.0001,0.0001,128,21,torch.nn.functional.softplus,200,300,200,100,1.0,softplus,poisson,1.0,,,,0.6771126985549927,0.5315623879432678,0.1307443380355835,0.9985306859016418
91466bac,fr,128,501,0,0.0001,0.0001,128,21,torch.nn.functional.softplus,200,300,200,100,1.0,softplus,poisson,1.0,,,,0.6771126985549927,0.5315623879432678,0.1307443380355835,0.9985306859016418
ecf08c3e,fr,256,501,0,0.0001,0.0001,128,21,torch.nn.functional.softplus,200,300,200,100,1.0,softplus,poisson,1.0,,,,0.6962316036224365,0.5305357575416565,0.1347692757844925,0.9989367127418518
ecf08c3e,fr,256,501,0,0.0001,0.0001,128,21,torch.nn.functional.softplus,200,300,200,100,1.0,softplus,poisson,1.0,,,,0.6962316036224365,0.5305357575416565,0.1347692757844925,0.9989367127418518
2456e958,fr,512,501,0,0.0001,0.0001,128,21,torch.nn.functional.softplus,200,300,200,100,1.0,softplus,poisson,1.0,,,,0.88088458776474,0.8245242238044739,0.2237330228090286,0.9948031902313232
2456e958,fr,512,501,0,0.0001,0.0001,128,21,torch.nn.functional.softplus,200,300,200,100,1.0,softplus,poisson,1.0,,,,0.88088458776474,0.8245242238044739,0.2237330228090286,0.9948031902313232
bed9658e,fr,32,501,0,0.0001,0.0001,128,21,,200,300,200,100,1.0,softplus,poisson,1.0,,,,0.7518183588981628,0.4226241409778595,0.1020580977201461,0.9980587363243104
bed9658e,fr,32,501,0,0.0001,0.0001,128,21,,200,300,200,100,1.0,softplus,poisson,1.0,,,,0.7518183588981628,0.4226241409778595,0.1020580977201461,0.9980587363243104
4925fdf9,fr,64,501,0,0.0001,0.0001,128,21,,200,300,200,100,1.0,softplus,poisson,1.0,,,,0.5629898905754089,0.3418547809123993,0.0838435739278793,0.995250940322876
4925fdf9,fr,64,501,0,0.0001,0.0001,128,21,,200,300,200,100,1.0,softplus,poisson,1.0,,,,0.5629898905754089,0.3418547809123993,0.0838435739278793,0.995250940322876
11bb2f49,fr,128,501,0,0.0001,0.0001,128,21,,200,300,200,100,1.0,softplus,poisson,1.0,,,,0.675700843334198,0.5317956209182739,0.1308152377605438,0.998537540435791
11bb2f49,fr,128,501,0,0.0001,0.0001,128,21,,200,300,200,100,1.0,softplus,poisson,1.0,,,,0.675700843334198,0.5317956209182739,0.1308152377605438,0.998537540435791
1cc9649b,fr,256,501,0,0.0001,0.0001,128,21,,200,300,200,100,1.0,softplus,poisson,1.0,,,,0.6967933177947998,0.5338525772094727,0.1355042904615402,0.9989421963691713
1cc9649b,fr,256,501,0,0.0001,0.0001,128,21,,200,300,200,100,1.0,softplus,poisson,1.0,,,,0.6967933177947998,0.5338525772094727,0.1355042904615402,0.9989421963691713
2fcbfe2e,fr,512,501,0,0.0001,0.0001,128,21,,200,300,200,100,1.0,softplus,poisson,1.0,,,,0.8808842897415161,0.8245168924331665,0.2237319499254226,0.9948039054870604
2fcbfe2e,fr,512,501,0,0.0001,0.0001,128,21,,200,300,200,100,1.0,softplus,poisson,1.0,,,,0.8808842897415161,0.8245168924331665,0.2237319499254226,0.9948039054870604
5c38b333,node,10,500,0,0.002,0.0,128,21,torch.nn.functional.softplus,280,300,280,20,1.0,softplus,poisson,1.0,0.05,128.0,3.0,0.9773350358009338,0.9982832670211792,0.2741325199604034,0.9991200566291808
a4fe3335,node,5,500,0,0.002,0.0,128,21,torch.nn.functional.softplus,280,300,280,20,1.0,softplus,poisson,1.0,0.05,128.0,3.0,0.9786662459373474,0.9986362457275392,0.2741886973381042,0.9999017715454102
d3a07ea8,node,2,500,0,0.002,0.0,128,21,torch.nn.functional.softplus,280,300,280,20,1.0,softplus,poisson,1.0,0.05,128.0,3.0,0.979384422302246,0.9996048212051392,0.2743863761425018,1.0
d7dffc1f,node,32,500,0,0.002,0.0,128,21,torch.nn.functional.softplus,280,300,280,20,1.0,softplus,poisson,1.0,0.05,128.0,3.0,0.8859103322029114,0.9964604377746582,0.2737929821014404,0.944862186908722
3341a8ee,node,3,500,0,0.002,0.0,128,21,torch.nn.functional.softplus,280,300,280,20,1.0,softplus,poisson,1.0,0.05,128.0,3.0,0.9771782755851746,0.9965521097183228,0.2736818492412567,0.9999767541885376
a4fe3335,node,5,500,0,0.002,0.0,128,21,torch.nn.functional.softplus,280,300,280,20,1.0,softplus,poisson,1.0,0.05,128.0,3.0,0.9786662459373474,0.9986362457275392,0.2741886973381042,0.9999017715454102
3341a8ee,node,3,500,0,0.002,0.0,128,21,torch.nn.functional.softplus,280,300,280,20,1.0,softplus,poisson,1.0,0.05,128.0,3.0,0.9771782755851746,0.9965521097183228,0.2736818492412567,0.9999767541885376
d3a07ea8,node,2,500,0,0.002,0.0,128,21,torch.nn.functional.softplus,280,300,280,20,1.0,softplus,poisson,1.0,0.05,128.0,3.0,0.979384422302246,0.9996048212051392,0.2743863761425018,1.0
5c38b333,node,10,500,0,0.002,0.0,128,21,torch.nn.functional.softplus,280,300,280,20,1.0,softplus,poisson,1.0,0.05,128.0,3.0,0.9773350358009338,0.9982832670211792,0.2741325199604034,0.9991200566291808
d7dffc1f,node,32,500,0,0.002,0.0,128,21,torch.nn.functional.softplus,280,300,280,20,1.0,softplus,poisson,1.0,0.05,128.0,3.0,0.8859103322029114,0.9964604377746582,0.2737929821014404,0.944862186908722
aaffb04f,node,64,500,0,0.002,0.0,128,21,torch.nn.functional.softplus,280,300,280,20,1.0,softplus,poisson,1.0,0.05,128.0,3.0,0.7303242087364197,0.9948075413703918,0.2734169960021972,0.8872339725494385
aaffb04f,node,64,500,0,0.002,0.0,128,21,torch.nn.functional.softplus,280,300,280,20,1.0,softplus,poisson,1.0,0.05,128.0,3.0,0.7303242087364197,0.9948075413703918,0.2734169960021972,0.8872339725494385
707c0cca,node,2,501,0,0.002,0.0,128,21,torch.nn.functional.softplus,280,300,280,20,1.0,softplus,poisson,1.0,0.05,128.0,3.0,0.9792165756225586,0.9986984133720398,0.2742237150669098,1.0
df77dd6f,node,3,501,0,0.002,0.0,128,21,torch.nn.functional.softplus,280,300,280,20,1.0,softplus,poisson,1.0,0.05,128.0,3.0,0.982237994670868,0.9993237257003784,0.2742946445941925,0.999975562095642
7173f9ea,node,5,501,0,0.002,0.0,128,21,torch.nn.functional.softplus,280,300,280,20,1.0,softplus,poisson,1.0,0.05,128.0,3.0,0.9797726273536682,0.9992709755897522,0.2742667496204376,0.999903917312622
707c0cca,node,2,501,0,0.002,0.0,128,21,torch.nn.functional.softplus,280,300,280,20,1.0,softplus,poisson,1.0,0.05,128.0,3.0,0.9792165756225586,0.9986984133720398,0.2742237150669098,1.0
df77dd6f,node,3,501,0,0.002,0.0,128,21,torch.nn.functional.softplus,280,300,280,20,1.0,softplus,poisson,1.0,0.05,128.0,3.0,0.982237994670868,0.9993237257003784,0.2742946445941925,0.999975562095642
7173f9ea,node,5,501,0,0.002,0.0,128,21,torch.nn.functional.softplus,280,300,280,20,1.0,softplus,poisson,1.0,0.05,128.0,3.0,0.9797726273536682,0.9992709755897522,0.2742667496204376,0.999903917312622
961f583a,node,10,501,0,0.002,0.0,128,21,torch.nn.functional.softplus,280,300,280,20,1.0,softplus,poisson,1.0,0.05,128.0,3.0,0.979146420955658,0.9991809129714966,0.274283617734909,0.9991049766540528
961f583a,node,10,501,0,0.002,0.0,128,21,torch.nn.functional.softplus,280,300,280,20,1.0,softplus,poisson,1.0,0.05,128.0,3.0,0.979146420955658,0.9991809129714966,0.274283617734909,0.9991049766540528
c07830b5,node,32,501,0,0.002,0.0,128,21,torch.nn.functional.softplus,280,300,280,20,1.0,softplus,poisson,1.0,0.05,128.0,3.0,0.8851223587989807,0.996705949306488,0.2739042639732361,0.943129301071167
c07830b5,node,32,501,0,0.002,0.0,128,21,torch.nn.functional.softplus,280,300,280,20,1.0,softplus,poisson,1.0,0.05,128.0,3.0,0.8851223587989807,0.996705949306488,0.2739042639732361,0.943129301071167
558e9526,node,64,501,0,0.002,0.0,128,21,torch.nn.functional.softplus,280,300,280,20,1.0,softplus,poisson,1.0,0.05,128.0,3.0,0.7323572635650635,0.9948214888572692,0.2735229432582855,0.8904833793640137
558e9526,node,64,501,0,0.002,0.0,128,21,torch.nn.functional.softplus,280,300,280,20,1.0,softplus,poisson,1.0,0.05,128.0,3.0,0.7323572635650635,0.9948214888572692,0.2735229432582855,0.8904833793640137
