hashname,20250412_PC_gNODE_sweep_latent_size,_max_epochs,_seed,_lr,_weight_decay,_encoder_size,_file_index,_vf_hidden_size,_vf_num_layers,_output_nonlinearity,_heldin_size,_heldout_size,_alpha,_n_heldin,_n_heldout,_fr_scaling,_rect_func,_obs_noise,_dispersion,state_r2,rate_r2,co-bps,cycle_con
35c1a647,32,500,0,0.002,0.0,128,10,64.0,3.0,torch.nn.functional.softplus,200,300,0.1,200,100,1.0,softplus,poisson,1.0,0.874178409576416,0.9977057576179504,0.28042012453079224,0.9101433157920837
42f0c8e5,10,500,0,0.002,0.0,128,10,64.0,3.0,torch.nn.functional.softplus,200,300,0.1,200,100,1.0,softplus,poisson,1.0,0.965947151184082,0.9992822408676147,0.2807939648628235,0.9987382888793945
f5bb38d1,64,500,0,0.002,0.0,128,10,64.0,3.0,torch.nn.functional.softplus,200,300,0.1,200,100,1.0,softplus,poisson,1.0,0.7174471020698547,0.9955800771713257,0.28025805950164795,0.8281390070915222
c13a73bf,2,500,0,0.002,0.0,128,10,64.0,3.0,torch.nn.functional.softplus,200,300,0.1,200,100,1.0,softplus,poisson,1.0,0.9727010726928711,0.9986652731895447,0.2806069552898407,1.0
7f66f908,3,500,0,0.002,0.0,128,10,64.0,3.0,torch.nn.functional.softplus,200,300,0.1,200,100,1.0,softplus,poisson,1.0,0.9708947539329529,0.9995175004005432,0.28082534670829773,0.9999578595161438
2ebdff45,5,500,0,0.002,0.0,128,10,64.0,3.0,torch.nn.functional.softplus,200,300,0.1,200,100,1.0,softplus,poisson,1.0,0.967900276184082,0.9994524717330933,0.28081434965133667,0.9998049139976501
7f66f908,3,500,0,0.002,0.0,128,10,64.0,3.0,torch.nn.functional.softplus,200,300,0.1,200,100,1.0,softplus,poisson,1.0,0.9708947539329529,0.9995175004005432,0.28082534670829773,0.9999578595161438
c13a73bf,2,500,0,0.002,0.0,128,10,64.0,3.0,torch.nn.functional.softplus,200,300,0.1,200,100,1.0,softplus,poisson,1.0,0.9727010726928711,0.9986652731895447,0.2806069552898407,1.0
35c1a647,32,500,0,0.002,0.0,128,10,64.0,3.0,torch.nn.functional.softplus,200,300,0.1,200,100,1.0,softplus,poisson,1.0,0.874178409576416,0.9977057576179504,0.28042012453079224,0.9101433157920837
2ebdff45,5,500,0,0.002,0.0,128,10,64.0,3.0,torch.nn.functional.softplus,200,300,0.1,200,100,1.0,softplus,poisson,1.0,0.967900276184082,0.9994524717330933,0.28081434965133667,0.9998049139976501
42f0c8e5,10,500,0,0.002,0.0,128,10,64.0,3.0,torch.nn.functional.softplus,200,300,0.1,200,100,1.0,softplus,poisson,1.0,0.965947151184082,0.9992822408676147,0.2807939648628235,0.9987382888793945
f5bb38d1,64,500,0,0.002,0.0,128,10,64.0,3.0,torch.nn.functional.softplus,200,300,0.1,200,100,1.0,softplus,poisson,1.0,0.7174471020698547,0.9955800771713257,0.28025805950164795,0.8281390070915222
d7c4a37a,3,501,0,0.002,0.0,128,10,64.0,3.0,torch.nn.functional.softplus,200,300,0.1,200,100,1.0,softplus,poisson,1.0,0.9704717397689819,0.9996140003204346,0.2808290421962738,0.9999590516090393
6f68cc36,2,501,0,0.002,0.0,128,10,64.0,3.0,torch.nn.functional.softplus,200,300,0.1,200,100,1.0,softplus,poisson,1.0,0.9716961979866028,0.9996502995491028,0.2808380722999573,1.0
6f68cc36,2,501,0,0.002,0.0,128,10,64.0,3.0,torch.nn.functional.softplus,200,300,0.1,200,100,1.0,softplus,poisson,1.0,0.9716961979866028,0.9996502995491028,0.2808380722999573,1.0
d7c4a37a,3,501,0,0.002,0.0,128,10,64.0,3.0,torch.nn.functional.softplus,200,300,0.1,200,100,1.0,softplus,poisson,1.0,0.9704717397689819,0.9996140003204346,0.2808290421962738,0.9999590516090393
b60b4f6a,5,501,0,0.002,0.0,128,10,64.0,3.0,torch.nn.functional.softplus,200,300,0.1,200,100,1.0,softplus,poisson,1.0,0.9700748324394226,0.9990338683128357,0.2806776165962219,0.9997854828834534
b60b4f6a,5,501,0,0.002,0.0,128,10,64.0,3.0,torch.nn.functional.softplus,200,300,0.1,200,100,1.0,softplus,poisson,1.0,0.9700748324394226,0.9990338683128357,0.2806776165962219,0.9997854828834534
873d8290,10,501,0,0.002,0.0,128,10,64.0,3.0,torch.nn.functional.softplus,200,300,0.1,200,100,1.0,softplus,poisson,1.0,0.9660188555717468,0.9987018704414368,0.2806769013404846,0.998714804649353
873d8290,10,501,0,0.002,0.0,128,10,64.0,3.0,torch.nn.functional.softplus,200,300,0.1,200,100,1.0,softplus,poisson,1.0,0.9660188555717468,0.9987018704414368,0.2806769013404846,0.998714804649353
447dc50b,32,501,0,0.002,0.0,128,10,64.0,3.0,torch.nn.functional.softplus,200,300,0.1,200,100,1.0,softplus,poisson,1.0,0.8772491216659546,0.9976436495780945,0.280406653881073,0.9115413427352905
447dc50b,32,501,0,0.002,0.0,128,10,64.0,3.0,torch.nn.functional.softplus,200,300,0.1,200,100,1.0,softplus,poisson,1.0,0.8772491216659546,0.9976436495780945,0.280406653881073,0.9115413427352905
f492a5f4,64,501,0,0.002,0.0,128,10,64.0,3.0,torch.nn.functional.softplus,200,300,0.1,200,100,1.0,softplus,poisson,1.0,0.7221543192863464,0.9952961206436157,0.2801245450973511,0.8313514590263367
f492a5f4,64,501,0,0.002,0.0,128,10,64.0,3.0,torch.nn.functional.softplus,200,300,0.1,200,100,1.0,softplus,poisson,1.0,0.7221543192863464,0.9952961206436157,0.2801245450973511,0.8313514590263367
95b6b39c,32,500,0,0.002,0.0,128,10,128.0,3.0,torch.nn.functional.softplus,280,300,0.05,280,20,1.0,softplus,poisson,1.0,0.9097703695297241,0.998094916343689,0.2809344232082367,0.9698834419250488
04a67a9f,5,500,0,0.002,0.0,128,10,128.0,3.0,torch.nn.functional.softplus,280,300,0.05,280,20,1.0,softplus,poisson,1.0,0.9675338268280029,0.9996512532234192,0.28129318356513977,0.9998720288276672
ceb58bd8,2,500,0,0.002,0.0,128,10,128.0,3.0,torch.nn.functional.softplus,280,300,0.05,280,20,1.0,softplus,poisson,1.0,0.9710193872451782,0.999415397644043,0.2811979055404663,1.0
62b9e2e9,3,500,0,0.002,0.0,128,10,128.0,3.0,torch.nn.functional.softplus,280,300,0.05,280,20,1.0,softplus,poisson,1.0,0.9693348407745361,0.9995056986808777,0.28126272559165955,0.9999741911888123
5a384b98,10,500,0,0.002,0.0,128,10,128.0,3.0,torch.nn.functional.softplus,280,300,0.05,280,20,1.0,softplus,poisson,1.0,0.9650743007659912,0.9993535876274109,0.2812388241291046,0.9990869164466858
ceb58bd8,2,500,0,0.002,0.0,128,10,128.0,3.0,torch.nn.functional.softplus,280,300,0.05,280,20,1.0,softplus,poisson,1.0,0.9710193872451782,0.999415397644043,0.2811979055404663,1.0
95b6b39c,32,500,0,0.002,0.0,128,10,128.0,3.0,torch.nn.functional.softplus,280,300,0.05,280,20,1.0,softplus,poisson,1.0,0.9097703695297241,0.998094916343689,0.2809344232082367,0.9698834419250488
04a67a9f,5,500,0,0.002,0.0,128,10,128.0,3.0,torch.nn.functional.softplus,280,300,0.05,280,20,1.0,softplus,poisson,1.0,0.9675338268280029,0.9996512532234192,0.28129318356513977,0.9998720288276672
62b9e2e9,3,500,0,0.002,0.0,128,10,128.0,3.0,torch.nn.functional.softplus,280,300,0.05,280,20,1.0,softplus,poisson,1.0,0.9693348407745361,0.9995056986808777,0.28126272559165955,0.9999741911888123
5a384b98,10,500,0,0.002,0.0,128,10,128.0,3.0,torch.nn.functional.softplus,280,300,0.05,280,20,1.0,softplus,poisson,1.0,0.9650743007659912,0.9993535876274109,0.2812388241291046,0.9990869164466858
5affcbc0,64,500,0,0.002,0.0,128,10,128.0,3.0,torch.nn.functional.softplus,280,300,0.05,280,20,1.0,softplus,poisson,1.0,0.7456220984458923,0.9952282309532166,0.2800605893135071,0.8815239667892456
5affcbc0,64,500,0,0.002,0.0,128,10,128.0,3.0,torch.nn.functional.softplus,280,300,0.05,280,20,1.0,softplus,poisson,1.0,0.7456220984458923,0.9952282309532166,0.2800605893135071,0.8815239667892456
309eb94c,2,500,0,0.002,0.0,128,10,128.0,3.0,,280,300,0.05,280,20,1.0,softplus,poisson,1.0,0.9710202217102051,0.9994168281555176,0.2811991572380066,1.0
309eb94c,2,500,0,0.002,0.0,128,10,128.0,3.0,,280,300,0.05,280,20,1.0,softplus,poisson,1.0,0.9710202217102051,0.9994168281555176,0.2811991572380066,1.0
6d63ae4a,3,500,0,0.002,0.0,128,10,128.0,3.0,,280,300,0.05,280,20,1.0,softplus,poisson,1.0,0.9693389534950256,0.9995067119598389,0.28126218914985657,0.9999746084213257
6d63ae4a,3,500,0,0.002,0.0,128,10,128.0,3.0,,280,300,0.05,280,20,1.0,softplus,poisson,1.0,0.9693389534950256,0.9995067119598389,0.28126218914985657,0.9999746084213257
d845f25f,5,500,0,0.002,0.0,128,10,128.0,3.0,,280,300,0.05,280,20,1.0,softplus,poisson,1.0,0.967535138130188,0.9996515512466431,0.2812935411930084,0.9998707175254822
e69cba41,10,500,0,0.002,0.0,128,10,128.0,3.0,,280,300,0.05,280,20,1.0,softplus,poisson,1.0,0.9650834202766418,0.999354362487793,0.2812391519546509,0.9990895390510559
e69cba41,10,500,0,0.002,0.0,128,10,128.0,3.0,,280,300,0.05,280,20,1.0,softplus,poisson,1.0,0.9650834202766418,0.999354362487793,0.2812391519546509,0.9990895390510559
d845f25f,5,500,0,0.002,0.0,128,10,128.0,3.0,,280,300,0.05,280,20,1.0,softplus,poisson,1.0,0.967535138130188,0.9996515512466431,0.2812935411930084,0.9998707175254822
becc9a62,32,500,0,0.002,0.0,128,10,128.0,3.0,,280,300,0.05,280,20,1.0,softplus,poisson,1.0,0.9095261693000793,0.9980675578117371,0.28091761469841003,0.9698129892349243
2ac77f90,64,500,0,0.002,0.0,128,10,128.0,3.0,,280,300,0.05,280,20,1.0,softplus,poisson,1.0,0.7462629079818726,0.9952506422996521,0.2800574004650116,0.881373941898346
8f69cfdc,2,501,0,0.002,0.0,128,10,128.0,3.0,torch.nn.functional.softplus,280,300,0.05,280,20,1.0,softplus,poisson,1.0,0.9695601463317871,0.9996899962425232,0.28128379583358765,1.0
becc9a62,32,500,0,0.002,0.0,128,10,128.0,3.0,,280,300,0.05,280,20,1.0,softplus,poisson,1.0,0.9095261693000793,0.9980675578117371,0.28091761469841003,0.9698129892349243
2ac77f90,64,500,0,0.002,0.0,128,10,128.0,3.0,,280,300,0.05,280,20,1.0,softplus,poisson,1.0,0.7462629079818726,0.9952506422996521,0.2800574004650116,0.881373941898346
8f69cfdc,2,501,0,0.002,0.0,128,10,128.0,3.0,torch.nn.functional.softplus,280,300,0.05,280,20,1.0,softplus,poisson,1.0,0.9695601463317871,0.9996899962425232,0.28128379583358765,1.0
07a3ee5f,5,501,0,0.002,0.0,128,10,128.0,3.0,torch.nn.functional.softplus,280,300,0.05,280,20,1.0,softplus,poisson,1.0,0.9690119028091431,0.9987334609031677,0.28102508187294006,0.9998733997344971
7d511902,3,501,0,0.002,0.0,128,10,128.0,3.0,torch.nn.functional.softplus,280,300,0.05,280,20,1.0,softplus,poisson,1.0,0.9708377122879028,0.9993685483932495,0.28121331334114075,0.9999736547470093
07a3ee5f,5,501,0,0.002,0.0,128,10,128.0,3.0,torch.nn.functional.softplus,280,300,0.05,280,20,1.0,softplus,poisson,1.0,0.9690119028091431,0.9987334609031677,0.28102508187294006,0.9998733997344971
7d511902,3,501,0,0.002,0.0,128,10,128.0,3.0,torch.nn.functional.softplus,280,300,0.05,280,20,1.0,softplus,poisson,1.0,0.9708377122879028,0.9993685483932495,0.28121331334114075,0.9999736547470093
2a457ed5,10,501,0,0.002,0.0,128,10,128.0,3.0,torch.nn.functional.softplus,280,300,0.05,280,20,1.0,softplus,poisson,1.0,0.9632751941680908,0.9992552399635315,0.2811635434627533,0.9991374611854553
2a457ed5,10,501,0,0.002,0.0,128,10,128.0,3.0,torch.nn.functional.softplus,280,300,0.05,280,20,1.0,softplus,poisson,1.0,0.9632751941680908,0.9992552399635315,0.2811635434627533,0.9991374611854553
8aba258a,32,501,0,0.002,0.0,128,10,128.0,3.0,torch.nn.functional.softplus,280,300,0.05,280,20,1.0,softplus,poisson,1.0,0.9074147939682007,0.9979655146598816,0.28082677721977234,0.968312680721283
8aba258a,32,501,0,0.002,0.0,128,10,128.0,3.0,torch.nn.functional.softplus,280,300,0.05,280,20,1.0,softplus,poisson,1.0,0.9074147939682007,0.9979655146598816,0.28082677721977234,0.968312680721283
cd9a7f6e,64,501,0,0.002,0.0,128,10,128.0,3.0,torch.nn.functional.softplus,280,300,0.05,280,20,1.0,softplus,poisson,1.0,0.7494844794273376,0.9959921836853027,0.2803240716457367,0.8829927444458008
cd9a7f6e,64,501,0,0.002,0.0,128,10,128.0,3.0,torch.nn.functional.softplus,280,300,0.05,280,20,1.0,softplus,poisson,1.0,0.7494844794273376,0.9959921836853027,0.2803240716457367,0.8829927444458008
0cc3384a,2,501,0,0.002,0.0,128,10,128.0,3.0,,280,300,0.05,280,20,1.0,softplus,poisson,1.0,0.9695518016815186,0.9996906518936157,0.281283974647522,1.0
d7001813,3,501,0,0.002,0.0,128,10,128.0,3.0,,280,300,0.05,280,20,1.0,softplus,poisson,1.0,0.9708458185195923,0.9993691444396973,0.28121331334114075,0.999973475933075
0cc3384a,2,501,0,0.002,0.0,128,10,128.0,3.0,,280,300,0.05,280,20,1.0,softplus,poisson,1.0,0.9695518016815186,0.9996906518936157,0.281283974647522,1.0
d7001813,3,501,0,0.002,0.0,128,10,128.0,3.0,,280,300,0.05,280,20,1.0,softplus,poisson,1.0,0.9708458185195923,0.9993691444396973,0.28121331334114075,0.999973475933075
6bd5e9f9,5,501,0,0.002,0.0,128,10,128.0,3.0,,280,300,0.05,280,20,1.0,softplus,poisson,1.0,0.969000518321991,0.9987325072288513,0.2810247540473938,0.9998717308044434
6bd5e9f9,5,501,0,0.002,0.0,128,10,128.0,3.0,,280,300,0.05,280,20,1.0,softplus,poisson,1.0,0.969000518321991,0.9987325072288513,0.2810247540473938,0.9998717308044434
80fc3361,10,501,0,0.002,0.0,128,10,128.0,3.0,,280,300,0.05,280,20,1.0,softplus,poisson,1.0,0.9632573127746582,0.9992542266845703,0.2811640799045563,0.9991262555122375
80fc3361,10,501,0,0.002,0.0,128,10,128.0,3.0,,280,300,0.05,280,20,1.0,softplus,poisson,1.0,0.9632573127746582,0.9992542266845703,0.2811640799045563,0.9991262555122375
b9fe2392,32,501,0,0.002,0.0,128,10,128.0,3.0,,280,300,0.05,280,20,1.0,softplus,poisson,1.0,0.9073686003684998,0.9979572892189026,0.28082147240638733,0.9682871103286743
2decde61,64,501,0,0.002,0.0,128,10,128.0,3.0,,280,300,0.05,280,20,1.0,softplus,poisson,1.0,0.7495462894439697,0.9960053563117981,0.2803267240524292,0.8832191228866577
b9fe2392,32,501,0,0.002,0.0,128,10,128.0,3.0,,280,300,0.05,280,20,1.0,softplus,poisson,1.0,0.9073686003684998,0.9979572892189026,0.28082147240638733,0.9682871103286743
2decde61,64,501,0,0.002,0.0,128,10,128.0,3.0,,280,300,0.05,280,20,1.0,softplus,poisson,1.0,0.7495462894439697,0.9960053563117981,0.2803267240524292,0.8832191228866577
bb6d13e5,512,500,0,0.0001,0.0001,128,10,,,torch.nn.functional.softplus,250,300,,250,50,1.0,softplus,poisson,1.0,0.6683540344238281,0.5797573924064636,0.14200875163078308,0.9995513558387756
667d6c05,256,500,0,0.0001,0.0001,128,10,,,torch.nn.functional.softplus,250,300,,250,50,1.0,softplus,poisson,1.0,0.8118053078651428,0.7637279033660889,0.2139040231704712,0.9994149208068848
9d8418cd,64,500,0,0.0001,0.0001,128,10,,,torch.nn.functional.softplus,250,300,,250,50,1.0,softplus,poisson,1.0,0.8293372988700867,0.7534361481666565,0.20736651122570038,0.9946629405021667
b0c84d10,128,500,0,0.0001,0.0001,128,10,,,torch.nn.functional.softplus,250,300,,250,50,1.0,softplus,poisson,1.0,0.7655442953109741,0.6729120016098022,0.189921036362648,0.9980708360671997
10fd576c,32,500,0,0.0001,0.0001,128,10,,,torch.nn.functional.softplus,250,300,,250,50,1.0,softplus,poisson,1.0,0.6528865694999695,0.6200821399688721,0.17012418806552887,0.9962494373321533
667d6c05,256,500,0,0.0001,0.0001,128,10,,,torch.nn.functional.softplus,250,300,,250,50,1.0,softplus,poisson,1.0,0.8118053078651428,0.7637279033660889,0.2139040231704712,0.9994149208068848
bb6d13e5,512,500,0,0.0001,0.0001,128,10,,,torch.nn.functional.softplus,250,300,,250,50,1.0,softplus,poisson,1.0,0.6683540344238281,0.5797573924064636,0.14200875163078308,0.9995513558387756
fc849e05,32,500,0,0.0001,0.0001,128,10,,,,250,300,,250,50,1.0,softplus,poisson,1.0,0.6542074680328369,0.6208186745643616,0.17034126818180084,0.9962402582168579
9d8418cd,64,500,0,0.0001,0.0001,128,10,,,torch.nn.functional.softplus,250,300,,250,50,1.0,softplus,poisson,1.0,0.8293372988700867,0.7534361481666565,0.20736651122570038,0.9946629405021667
10fd576c,32,500,0,0.0001,0.0001,128,10,,,torch.nn.functional.softplus,250,300,,250,50,1.0,softplus,poisson,1.0,0.6528865694999695,0.6200821399688721,0.17012418806552887,0.9962494373321533
b0c84d10,128,500,0,0.0001,0.0001,128,10,,,torch.nn.functional.softplus,250,300,,250,50,1.0,softplus,poisson,1.0,0.7655442953109741,0.6729120016098022,0.189921036362648,0.9980708360671997
fc849e05,32,500,0,0.0001,0.0001,128,10,,,,250,300,,250,50,1.0,softplus,poisson,1.0,0.6542074680328369,0.6208186745643616,0.17034126818180084,0.9962402582168579
57169a92,64,500,0,0.0001,0.0001,128,10,,,,250,300,,250,50,1.0,softplus,poisson,1.0,0.8232885003089905,0.751800537109375,0.20677421987056732,0.9947300553321838
57169a92,64,500,0,0.0001,0.0001,128,10,,,,250,300,,250,50,1.0,softplus,poisson,1.0,0.8232885003089905,0.751800537109375,0.20677421987056732,0.9947300553321838
7f4a0dca,128,500,0,0.0001,0.0001,128,10,,,,250,300,,250,50,1.0,softplus,poisson,1.0,0.7711984515190125,0.6825793981552124,0.19241124391555786,0.9980855584144592
7f4a0dca,128,500,0,0.0001,0.0001,128,10,,,,250,300,,250,50,1.0,softplus,poisson,1.0,0.7711984515190125,0.6825793981552124,0.19241124391555786,0.9980855584144592
4a30d451,256,500,0,0.0001,0.0001,128,10,,,,250,300,,250,50,1.0,softplus,poisson,1.0,0.7976771593093872,0.7530490756034851,0.21017029881477356,0.999412477016449
4a30d451,256,500,0,0.0001,0.0001,128,10,,,,250,300,,250,50,1.0,softplus,poisson,1.0,0.7976771593093872,0.7530490756034851,0.21017029881477356,0.999412477016449
3aaf083a,512,500,0,0.0001,0.0001,128,10,,,,250,300,,250,50,1.0,softplus,poisson,1.0,0.6699446439743042,0.5816826820373535,0.14253516495227814,0.9995508193969727
3aaf083a,512,500,0,0.0001,0.0001,128,10,,,,250,300,,250,50,1.0,softplus,poisson,1.0,0.6699446439743042,0.5816826820373535,0.14253516495227814,0.9995508193969727
fdb85e91,32,501,0,0.0001,0.0001,128,10,,,torch.nn.functional.softplus,250,300,,250,50,1.0,softplus,poisson,1.0,0.5493648648262024,0.5730786323547363,0.15741319954395294,0.9971575140953064
fdb85e91,32,501,0,0.0001,0.0001,128,10,,,torch.nn.functional.softplus,250,300,,250,50,1.0,softplus,poisson,1.0,0.5493648648262024,0.5730786323547363,0.15741319954395294,0.9971575140953064
672cee54,64,501,0,0.0001,0.0001,128,10,,,torch.nn.functional.softplus,250,300,,250,50,1.0,softplus,poisson,1.0,0.8264951705932617,0.7476903796195984,0.2060827910900116,0.9947128891944885
672cee54,64,501,0,0.0001,0.0001,128,10,,,torch.nn.functional.softplus,250,300,,250,50,1.0,softplus,poisson,1.0,0.8264951705932617,0.7476903796195984,0.2060827910900116,0.9947128891944885
946eb608,128,501,0,0.0001,0.0001,128,10,,,torch.nn.functional.softplus,250,300,,250,50,1.0,softplus,poisson,1.0,0.832176148891449,0.766046404838562,0.2105313092470169,0.9981821179389954
946eb608,128,501,0,0.0001,0.0001,128,10,,,torch.nn.functional.softplus,250,300,,250,50,1.0,softplus,poisson,1.0,0.832176148891449,0.766046404838562,0.2105313092470169,0.9981821179389954
f561fd9e,256,501,0,0.0001,0.0001,128,10,,,torch.nn.functional.softplus,250,300,,250,50,1.0,softplus,poisson,1.0,0.843464195728302,0.7890853881835938,0.22035548090934753,0.9994246959686279
f561fd9e,256,501,0,0.0001,0.0001,128,10,,,torch.nn.functional.softplus,250,300,,250,50,1.0,softplus,poisson,1.0,0.843464195728302,0.7890853881835938,0.22035548090934753,0.9994246959686279
1bf19918,512,501,0,0.0001,0.0001,128,10,,,torch.nn.functional.softplus,250,300,,250,50,1.0,softplus,poisson,1.0,0.7638156414031982,0.6108601093292236,0.17612183094024658,0.9996432065963745
1bf19918,512,501,0,0.0001,0.0001,128,10,,,torch.nn.functional.softplus,250,300,,250,50,1.0,softplus,poisson,1.0,0.7638156414031982,0.6108601093292236,0.17612183094024658,0.9996432065963745
9e2e31fe,32,501,0,0.0001,0.0001,128,10,,,,250,300,,250,50,1.0,softplus,poisson,1.0,0.5506749749183655,0.577904224395752,0.15833500027656555,0.9971303343772888
9e2e31fe,32,501,0,0.0001,0.0001,128,10,,,,250,300,,250,50,1.0,softplus,poisson,1.0,0.5506749749183655,0.577904224395752,0.15833500027656555,0.9971303343772888
ece98f7b,64,501,0,0.0001,0.0001,128,10,,,,250,300,,250,50,1.0,softplus,poisson,1.0,0.8240475058555603,0.7467691898345947,0.20569857954978943,0.994718074798584
ece98f7b,64,501,0,0.0001,0.0001,128,10,,,,250,300,,250,50,1.0,softplus,poisson,1.0,0.8240475058555603,0.7467691898345947,0.20569857954978943,0.994718074798584
021612fc,128,501,0,0.0001,0.0001,128,10,,,,250,300,,250,50,1.0,softplus,poisson,1.0,0.8332494497299194,0.766586422920227,0.21081799268722534,0.9981858134269714
021612fc,128,501,0,0.0001,0.0001,128,10,,,,250,300,,250,50,1.0,softplus,poisson,1.0,0.8332494497299194,0.766586422920227,0.21081799268722534,0.9981858134269714
e60b5326,256,501,0,0.0001,0.0001,128,10,,,,250,300,,250,50,1.0,softplus,poisson,1.0,0.8430976271629333,0.788712203502655,0.2202235758304596,0.99942547082901
e60b5326,256,501,0,0.0001,0.0001,128,10,,,,250,300,,250,50,1.0,softplus,poisson,1.0,0.8430976271629333,0.788712203502655,0.2202235758304596,0.99942547082901
1221f4a0,512,501,0,0.0001,0.0001,128,10,,,,250,300,,250,50,1.0,softplus,poisson,1.0,0.7660665512084961,0.6052273511886597,0.17553220689296722,0.9996402859687805
1221f4a0,512,501,0,0.0001,0.0001,128,10,,,,250,300,,250,50,1.0,softplus,poisson,1.0,0.7660665512084961,0.6052273511886597,0.17553220689296722,0.9996402859687805
b0c84d10,128,500,0,0.0001,0.0001,128,10,,,torch.nn.functional.softplus,250,300,,250,50,1.0,softplus,poisson,1.0,0.7655442953109741,0.6729120016098022,0.189921036362648,0.9980708360671997
fc849e05,32,500,0,0.0001,0.0001,128,10,,,,250,300,,250,50,1.0,softplus,poisson,1.0,0.6542074680328369,0.6208186745643616,0.17034126818180084,0.9962402582168579
667d6c05,256,500,0,0.0001,0.0001,128,10,,,torch.nn.functional.softplus,250,300,,250,50,1.0,softplus,poisson,1.0,0.8118053078651428,0.7637279033660889,0.2139040231704712,0.9994149208068848
9d8418cd,64,500,0,0.0001,0.0001,128,10,,,torch.nn.functional.softplus,250,300,,250,50,1.0,softplus,poisson,1.0,0.8293372988700867,0.7534361481666565,0.20736651122570038,0.9946629405021667
b0c84d10,128,500,0,0.0001,0.0001,128,10,,,torch.nn.functional.softplus,250,300,,250,50,1.0,softplus,poisson,1.0,0.7655442953109741,0.6729120016098022,0.189921036362648,0.9980708360671997
fc849e05,32,500,0,0.0001,0.0001,128,10,,,,250,300,,250,50,1.0,softplus,poisson,1.0,0.6542074680328369,0.6208186745643616,0.17034126818180084,0.9962402582168579
bb6d13e5,512,500,0,0.0001,0.0001,128,10,,,torch.nn.functional.softplus,250,300,,250,50,1.0,softplus,poisson,1.0,0.6683540344238281,0.5797573924064636,0.14200875163078308,0.9995513558387756
667d6c05,256,500,0,0.0001,0.0001,128,10,,,torch.nn.functional.softplus,250,300,,250,50,1.0,softplus,poisson,1.0,0.8118053078651428,0.7637279033660889,0.2139040231704712,0.9994149208068848
10fd576c,32,500,0,0.0001,0.0001,128,10,,,torch.nn.functional.softplus,250,300,,250,50,1.0,softplus,poisson,1.0,0.6528865694999695,0.6200821399688721,0.17012418806552887,0.9962494373321533
9d8418cd,64,500,0,0.0001,0.0001,128,10,,,torch.nn.functional.softplus,250,300,,250,50,1.0,softplus,poisson,1.0,0.8293372988700867,0.7534361481666565,0.20736651122570038,0.9946629405021667
bb6d13e5,512,500,0,0.0001,0.0001,128,10,,,torch.nn.functional.softplus,250,300,,250,50,1.0,softplus,poisson,1.0,0.6683540344238281,0.5797573924064636,0.14200875163078308,0.9995513558387756
10fd576c,32,500,0,0.0001,0.0001,128,10,,,torch.nn.functional.softplus,250,300,,250,50,1.0,softplus,poisson,1.0,0.6528865694999695,0.6200821399688721,0.17012418806552887,0.9962494373321533
57169a92,64,500,0,0.0001,0.0001,128,10,,,,250,300,,250,50,1.0,softplus,poisson,1.0,0.8232885003089905,0.751800537109375,0.20677421987056732,0.9947300553321838
57169a92,64,500,0,0.0001,0.0001,128,10,,,,250,300,,250,50,1.0,softplus,poisson,1.0,0.8232885003089905,0.751800537109375,0.20677421987056732,0.9947300553321838
7f4a0dca,128,500,0,0.0001,0.0001,128,10,,,,250,300,,250,50,1.0,softplus,poisson,1.0,0.7711984515190125,0.6825793981552124,0.19241124391555786,0.9980855584144592
7f4a0dca,128,500,0,0.0001,0.0001,128,10,,,,250,300,,250,50,1.0,softplus,poisson,1.0,0.7711984515190125,0.6825793981552124,0.19241124391555786,0.9980855584144592
4a30d451,256,500,0,0.0001,0.0001,128,10,,,,250,300,,250,50,1.0,softplus,poisson,1.0,0.7976771593093872,0.7530490756034851,0.21017029881477356,0.999412477016449
4a30d451,256,500,0,0.0001,0.0001,128,10,,,,250,300,,250,50,1.0,softplus,poisson,1.0,0.7976771593093872,0.7530490756034851,0.21017029881477356,0.999412477016449
3aaf083a,512,500,0,0.0001,0.0001,128,10,,,,250,300,,250,50,1.0,softplus,poisson,1.0,0.6699446439743042,0.5816826820373535,0.14253516495227814,0.9995508193969727
3aaf083a,512,500,0,0.0001,0.0001,128,10,,,,250,300,,250,50,1.0,softplus,poisson,1.0,0.6699446439743042,0.5816826820373535,0.14253516495227814,0.9995508193969727
fdb85e91,32,501,0,0.0001,0.0001,128,10,,,torch.nn.functional.softplus,250,300,,250,50,1.0,softplus,poisson,1.0,0.5493648648262024,0.5730786323547363,0.15741319954395294,0.9971575140953064
fdb85e91,32,501,0,0.0001,0.0001,128,10,,,torch.nn.functional.softplus,250,300,,250,50,1.0,softplus,poisson,1.0,0.5493648648262024,0.5730786323547363,0.15741319954395294,0.9971575140953064
672cee54,64,501,0,0.0001,0.0001,128,10,,,torch.nn.functional.softplus,250,300,,250,50,1.0,softplus,poisson,1.0,0.8264951705932617,0.7476903796195984,0.2060827910900116,0.9947128891944885
672cee54,64,501,0,0.0001,0.0001,128,10,,,torch.nn.functional.softplus,250,300,,250,50,1.0,softplus,poisson,1.0,0.8264951705932617,0.7476903796195984,0.2060827910900116,0.9947128891944885
946eb608,128,501,0,0.0001,0.0001,128,10,,,torch.nn.functional.softplus,250,300,,250,50,1.0,softplus,poisson,1.0,0.832176148891449,0.766046404838562,0.2105313092470169,0.9981821179389954
946eb608,128,501,0,0.0001,0.0001,128,10,,,torch.nn.functional.softplus,250,300,,250,50,1.0,softplus,poisson,1.0,0.832176148891449,0.766046404838562,0.2105313092470169,0.9981821179389954
f561fd9e,256,501,0,0.0001,0.0001,128,10,,,torch.nn.functional.softplus,250,300,,250,50,1.0,softplus,poisson,1.0,0.843464195728302,0.7890853881835938,0.22035548090934753,0.9994246959686279
f561fd9e,256,501,0,0.0001,0.0001,128,10,,,torch.nn.functional.softplus,250,300,,250,50,1.0,softplus,poisson,1.0,0.843464195728302,0.7890853881835938,0.22035548090934753,0.9994246959686279
1bf19918,512,501,0,0.0001,0.0001,128,10,,,torch.nn.functional.softplus,250,300,,250,50,1.0,softplus,poisson,1.0,0.7638156414031982,0.6108601093292236,0.17612183094024658,0.9996432065963745
1bf19918,512,501,0,0.0001,0.0001,128,10,,,torch.nn.functional.softplus,250,300,,250,50,1.0,softplus,poisson,1.0,0.7638156414031982,0.6108601093292236,0.17612183094024658,0.9996432065963745
9e2e31fe,32,501,0,0.0001,0.0001,128,10,,,,250,300,,250,50,1.0,softplus,poisson,1.0,0.5506749749183655,0.577904224395752,0.15833500027656555,0.9971303343772888
9e2e31fe,32,501,0,0.0001,0.0001,128,10,,,,250,300,,250,50,1.0,softplus,poisson,1.0,0.5506749749183655,0.577904224395752,0.15833500027656555,0.9971303343772888
ece98f7b,64,501,0,0.0001,0.0001,128,10,,,,250,300,,250,50,1.0,softplus,poisson,1.0,0.8240475058555603,0.7467691898345947,0.20569857954978943,0.994718074798584
ece98f7b,64,501,0,0.0001,0.0001,128,10,,,,250,300,,250,50,1.0,softplus,poisson,1.0,0.8240475058555603,0.7467691898345947,0.20569857954978943,0.994718074798584
021612fc,128,501,0,0.0001,0.0001,128,10,,,,250,300,,250,50,1.0,softplus,poisson,1.0,0.8332494497299194,0.766586422920227,0.21081799268722534,0.9981858134269714
021612fc,128,501,0,0.0001,0.0001,128,10,,,,250,300,,250,50,1.0,softplus,poisson,1.0,0.8332494497299194,0.766586422920227,0.21081799268722534,0.9981858134269714
e60b5326,256,501,0,0.0001,0.0001,128,10,,,,250,300,,250,50,1.0,softplus,poisson,1.0,0.8430976271629333,0.788712203502655,0.2202235758304596,0.99942547082901
e60b5326,256,501,0,0.0001,0.0001,128,10,,,,250,300,,250,50,1.0,softplus,poisson,1.0,0.8430976271629333,0.788712203502655,0.2202235758304596,0.99942547082901
1221f4a0,512,501,0,0.0001,0.0001,128,10,,,,250,300,,250,50,1.0,softplus,poisson,1.0,0.7660665512084961,0.6052273511886597,0.17553220689296722,0.9996402859687805
1221f4a0,512,501,0,0.0001,0.0001,128,10,,,,250,300,,250,50,1.0,softplus,poisson,1.0,0.7660665512084961,0.6052273511886597,0.17553220689296722,0.9996402859687805
0a086b19,32,500,0,0.002,0.0,128,10,64.0,3.0,torch.nn.functional.softplus,250,300,0.1,250,50,1.0,softplus,poisson,1.0,0.8705155849456787,0.9981623291969299,0.2805121839046478,0.8788018226623535
8eb73e78,10,500,0,0.002,0.0,128,10,64.0,3.0,torch.nn.functional.softplus,250,300,0.1,250,50,1.0,softplus,poisson,1.0,0.9673804044723511,0.9985989332199097,0.28059542179107666,0.9984773397445679
4ec1fc58,64,500,0,0.002,0.0,128,10,64.0,3.0,torch.nn.functional.softplus,250,300,0.1,250,50,1.0,softplus,poisson,1.0,0.7231519818305969,0.9954119324684143,0.27994489669799805,0.7767710089683533
53b7548a,3,500,0,0.002,0.0,128,10,64.0,3.0,torch.nn.functional.softplus,250,300,0.1,250,50,1.0,softplus,poisson,1.0,0.9710565209388733,0.9994642734527588,0.28080788254737854,0.9999675154685974
2e454f5d,5,500,0,0.002,0.0,128,10,64.0,3.0,torch.nn.functional.softplus,250,300,0.1,250,50,1.0,softplus,poisson,1.0,0.971285343170166,0.9994364976882935,0.28081992268562317,0.9996744394302368
d566470b,2,500,0,0.002,0.0,128,10,64.0,3.0,torch.nn.functional.softplus,250,300,0.1,250,50,1.0,softplus,poisson,1.0,0.9714652299880981,0.9997153282165527,0.28086861968040466,1.0
53b7548a,3,500,0,0.002,0.0,128,10,64.0,3.0,torch.nn.functional.softplus,250,300,0.1,250,50,1.0,softplus,poisson,1.0,0.9710565209388733,0.9994642734527588,0.28080788254737854,0.9999675154685974
2e454f5d,5,500,0,0.002,0.0,128,10,64.0,3.0,torch.nn.functional.softplus,250,300,0.1,250,50,1.0,softplus,poisson,1.0,0.971285343170166,0.9994364976882935,0.28081992268562317,0.9996744394302368
0a086b19,32,500,0,0.002,0.0,128,10,64.0,3.0,torch.nn.functional.softplus,250,300,0.1,250,50,1.0,softplus,poisson,1.0,0.8705155849456787,0.9981623291969299,0.2805121839046478,0.8788018226623535
8eb73e78,10,500,0,0.002,0.0,128,10,64.0,3.0,torch.nn.functional.softplus,250,300,0.1,250,50,1.0,softplus,poisson,1.0,0.9673804044723511,0.9985989332199097,0.28059542179107666,0.9984773397445679
d566470b,2,500,0,0.002,0.0,128,10,64.0,3.0,torch.nn.functional.softplus,250,300,0.1,250,50,1.0,softplus,poisson,1.0,0.9714652299880981,0.9997153282165527,0.28086861968040466,1.0
4ec1fc58,64,500,0,0.002,0.0,128,10,64.0,3.0,torch.nn.functional.softplus,250,300,0.1,250,50,1.0,softplus,poisson,1.0,0.7231519818305969,0.9954119324684143,0.27994489669799805,0.7767710089683533
932a575d,2,501,0,0.002,0.0,128,10,64.0,3.0,torch.nn.functional.softplus,250,300,0.1,250,50,1.0,softplus,poisson,1.0,0.9711796045303345,0.999555766582489,0.28081831336021423,1.0
932a575d,2,501,0,0.002,0.0,128,10,64.0,3.0,torch.nn.functional.softplus,250,300,0.1,250,50,1.0,softplus,poisson,1.0,0.9711796045303345,0.999555766582489,0.28081831336021423,1.0
d4dfdc16,3,501,0,0.002,0.0,128,10,64.0,3.0,torch.nn.functional.softplus,250,300,0.1,250,50,1.0,softplus,poisson,1.0,0.9706633687019348,0.999326229095459,0.28077319264411926,0.9999656081199646
d4dfdc16,3,501,0,0.002,0.0,128,10,64.0,3.0,torch.nn.functional.softplus,250,300,0.1,250,50,1.0,softplus,poisson,1.0,0.9706633687019348,0.999326229095459,0.28077319264411926,0.9999656081199646
b77e32df,5,501,0,0.002,0.0,128,10,64.0,3.0,torch.nn.functional.softplus,250,300,0.1,250,50,1.0,softplus,poisson,1.0,0.9707475304603577,0.9985076189041138,0.280606210231781,0.9996830224990845
b77e32df,5,501,0,0.002,0.0,128,10,64.0,3.0,torch.nn.functional.softplus,250,300,0.1,250,50,1.0,softplus,poisson,1.0,0.9707475304603577,0.9985076189041138,0.280606210231781,0.9996830224990845
047eb157,10,501,0,0.002,0.0,128,10,64.0,3.0,torch.nn.functional.softplus,250,300,0.1,250,50,1.0,softplus,poisson,1.0,0.966418981552124,0.9986838102340698,0.2806586027145386,0.9985533356666565
047eb157,10,501,0,0.002,0.0,128,10,64.0,3.0,torch.nn.functional.softplus,250,300,0.1,250,50,1.0,softplus,poisson,1.0,0.966418981552124,0.9986838102340698,0.2806586027145386,0.9985533356666565
734917aa,32,501,0,0.002,0.0,128,10,64.0,3.0,torch.nn.functional.softplus,250,300,0.1,250,50,1.0,softplus,poisson,1.0,0.8707526326179504,0.9981573224067688,0.2805121839046478,0.8800371289253235
9dc644f8,64,501,0,0.002,0.0,128,10,64.0,3.0,torch.nn.functional.softplus,250,300,0.1,250,50,1.0,softplus,poisson,1.0,0.719950795173645,0.9952558279037476,0.2799627482891083,0.7787560224533081
734917aa,32,501,0,0.002,0.0,128,10,64.0,3.0,torch.nn.functional.softplus,250,300,0.1,250,50,1.0,softplus,poisson,1.0,0.8707526326179504,0.9981573224067688,0.2805121839046478,0.8800371289253235
9dc644f8,64,501,0,0.002,0.0,128,10,64.0,3.0,torch.nn.functional.softplus,250,300,0.1,250,50,1.0,softplus,poisson,1.0,0.719950795173645,0.9952558279037476,0.2799627482891083,0.7787560224533081
3cdf23ce,32,500,0,0.0001,0.0001,128,10,,,torch.nn.functional.softplus,200,300,,200,100,1.0,softplus,poisson,1.0,0.4608946442604065,0.4962675869464874,0.13624915480613708,0.9966405630111694
3d84f657,128,500,0,0.0001,0.0001,128,10,,,torch.nn.functional.softplus,200,300,,200,100,1.0,softplus,poisson,1.0,0.7416808009147644,0.610291600227356,0.15532533824443817,0.9758242964744568
4c485089,64,500,0,0.0001,0.0001,128,10,,,torch.nn.functional.softplus,200,300,,200,100,1.0,softplus,poisson,1.0,0.03883315995335579,-0.6067719459533691,-0.12004181742668152,0.9987878203392029
849e5565,256,500,0,0.0001,0.0001,128,10,,,torch.nn.functional.softplus,200,300,,200,100,1.0,softplus,poisson,1.0,0.843049943447113,0.8201675415039062,0.21688035130500793,0.9991922378540039
3cdf23ce,32,500,0,0.0001,0.0001,128,10,,,torch.nn.functional.softplus,200,300,,200,100,1.0,softplus,poisson,1.0,0.4608946442604065,0.4962675869464874,0.13624915480613708,0.9966405630111694
3d84f657,128,500,0,0.0001,0.0001,128,10,,,torch.nn.functional.softplus,200,300,,200,100,1.0,softplus,poisson,1.0,0.7416808009147644,0.610291600227356,0.15532533824443817,0.9758242964744568
95e869f5,512,500,0,0.0001,0.0001,128,10,,,torch.nn.functional.softplus,200,300,,200,100,1.0,softplus,poisson,1.0,0.8445248007774353,0.7889226078987122,0.20530907809734344,0.9989442229270935
4c485089,64,500,0,0.0001,0.0001,128,10,,,torch.nn.functional.softplus,200,300,,200,100,1.0,softplus,poisson,1.0,0.03883315995335579,-0.6067719459533691,-0.12004181742668152,0.9987878203392029
849e5565,256,500,0,0.0001,0.0001,128,10,,,torch.nn.functional.softplus,200,300,,200,100,1.0,softplus,poisson,1.0,0.843049943447113,0.8201675415039062,0.21688035130500793,0.9991922378540039
87cad0a3,32,500,0,0.0001,0.0001,128,10,,,,200,300,,200,100,1.0,softplus,poisson,1.0,0.4486900568008423,0.48556843400001526,0.13369859755039215,0.9966529607772827
95e869f5,512,500,0,0.0001,0.0001,128,10,,,torch.nn.functional.softplus,200,300,,200,100,1.0,softplus,poisson,1.0,0.8445248007774353,0.7889226078987122,0.20530907809734344,0.9989442229270935
87cad0a3,32,500,0,0.0001,0.0001,128,10,,,,200,300,,200,100,1.0,softplus,poisson,1.0,0.4486900568008423,0.48556843400001526,0.13369859755039215,0.9966529607772827
1f5ba8c6,64,500,0,0.0001,0.0001,128,10,,,,200,300,,200,100,1.0,softplus,poisson,1.0,0.037532348185777664,-0.612830400466919,-0.12139501422643661,0.9987872242927551
1f5ba8c6,64,500,0,0.0001,0.0001,128,10,,,,200,300,,200,100,1.0,softplus,poisson,1.0,0.037532348185777664,-0.612830400466919,-0.12139501422643661,0.9987872242927551
ac2cd44c,128,500,0,0.0001,0.0001,128,10,,,,200,300,,200,100,1.0,softplus,poisson,1.0,0.7417308688163757,0.6104369759559631,0.15536393225193024,0.9758235216140747
ac2cd44c,128,500,0,0.0001,0.0001,128,10,,,,200,300,,200,100,1.0,softplus,poisson,1.0,0.7417308688163757,0.6104369759559631,0.15536393225193024,0.9758235216140747
51898186,256,500,0,0.0001,0.0001,128,10,,,,200,300,,200,100,1.0,softplus,poisson,1.0,0.8430505394935608,0.8201678991317749,0.21688053011894226,0.9991922378540039
51898186,256,500,0,0.0001,0.0001,128,10,,,,200,300,,200,100,1.0,softplus,poisson,1.0,0.8430505394935608,0.8201678991317749,0.21688053011894226,0.9991922378540039
27ea651f,512,500,0,0.0001,0.0001,128,10,,,,200,300,,200,100,1.0,softplus,poisson,1.0,0.8445260524749756,0.7889217734336853,0.205308735370636,0.9989442229270935
27ea651f,512,500,0,0.0001,0.0001,128,10,,,,200,300,,200,100,1.0,softplus,poisson,1.0,0.8445260524749756,0.7889217734336853,0.205308735370636,0.9989442229270935
2650a493,32,501,0,0.0001,0.0001,128,10,,,torch.nn.functional.softplus,200,300,,200,100,1.0,softplus,poisson,1.0,0.6092367172241211,0.6214057803153992,0.16534486413002014,0.996290922164917
2650a493,32,501,0,0.0001,0.0001,128,10,,,torch.nn.functional.softplus,200,300,,200,100,1.0,softplus,poisson,1.0,0.6092367172241211,0.6214057803153992,0.16534486413002014,0.996290922164917
472d76b9,64,501,0,0.0001,0.0001,128,10,,,torch.nn.functional.softplus,200,300,,200,100,1.0,softplus,poisson,1.0,0.5982100963592529,0.5908967852592468,0.1563209742307663,0.9983456134796143
472d76b9,64,501,0,0.0001,0.0001,128,10,,,torch.nn.functional.softplus,200,300,,200,100,1.0,softplus,poisson,1.0,0.5982100963592529,0.5908967852592468,0.1563209742307663,0.9983456134796143
d12d0fcb,128,501,0,0.0001,0.0001,128,10,,,torch.nn.functional.softplus,200,300,,200,100,1.0,softplus,poisson,1.0,0.7996187210083008,0.7069584131240845,0.18244248628616333,0.9792741537094116
d12d0fcb,128,501,0,0.0001,0.0001,128,10,,,torch.nn.functional.softplus,200,300,,200,100,1.0,softplus,poisson,1.0,0.7996187210083008,0.7069584131240845,0.18244248628616333,0.9792741537094116
59aafcad,256,501,0,0.0001,0.0001,128,10,,,torch.nn.functional.softplus,200,300,,200,100,1.0,softplus,poisson,1.0,0.8123236894607544,0.7922918200492859,0.21762152016162872,0.9994009733200073
59aafcad,256,501,0,0.0001,0.0001,128,10,,,torch.nn.functional.softplus,200,300,,200,100,1.0,softplus,poisson,1.0,0.8123236894607544,0.7922918200492859,0.21762152016162872,0.9994009733200073
ff5116ad,512,501,0,0.0001,0.0001,128,10,,,torch.nn.functional.softplus,200,300,,200,100,1.0,softplus,poisson,1.0,0.8192095160484314,0.8074110150337219,0.21572017669677734,0.9993273019790649
ff5116ad,512,501,0,0.0001,0.0001,128,10,,,torch.nn.functional.softplus,200,300,,200,100,1.0,softplus,poisson,1.0,0.8192095160484314,0.8074110150337219,0.21572017669677734,0.9993273019790649
0517d079,32,501,0,0.0001,0.0001,128,10,,,,200,300,,200,100,1.0,softplus,poisson,1.0,0.6090940237045288,0.6214048266410828,0.16534414887428284,0.9962905645370483
0517d079,32,501,0,0.0001,0.0001,128,10,,,,200,300,,200,100,1.0,softplus,poisson,1.0,0.6090940237045288,0.6214048266410828,0.16534414887428284,0.9962905645370483
d1e41d15,64,501,0,0.0001,0.0001,128,10,,,,200,300,,200,100,1.0,softplus,poisson,1.0,0.5982545614242554,0.5908766388893127,0.15631495416164398,0.9983459115028381
d1e41d15,64,501,0,0.0001,0.0001,128,10,,,,200,300,,200,100,1.0,softplus,poisson,1.0,0.5982545614242554,0.5908766388893127,0.15631495416164398,0.9983459115028381
5cc314ac,128,501,0,0.0001,0.0001,128,10,,,,200,300,,200,100,1.0,softplus,poisson,1.0,0.799497663974762,0.7069991827011108,0.18245647847652435,0.97927325963974
5cc314ac,128,501,0,0.0001,0.0001,128,10,,,,200,300,,200,100,1.0,softplus,poisson,1.0,0.799497663974762,0.7069991827011108,0.18245647847652435,0.97927325963974
9cfa68af,256,501,0,0.0001,0.0001,128,10,,,,200,300,,200,100,1.0,softplus,poisson,1.0,0.8123427629470825,0.7923110127449036,0.21762698888778687,0.9994010925292969
9cfa68af,256,501,0,0.0001,0.0001,128,10,,,,200,300,,200,100,1.0,softplus,poisson,1.0,0.8123427629470825,0.7923110127449036,0.21762698888778687,0.9994010925292969
822fb8eb,512,501,0,0.0001,0.0001,128,10,,,,200,300,,200,100,1.0,softplus,poisson,1.0,0.819209098815918,0.8074111938476562,0.21571983397006989,0.9993273019790649
822fb8eb,512,501,0,0.0001,0.0001,128,10,,,,200,300,,200,100,1.0,softplus,poisson,1.0,0.819209098815918,0.8074111938476562,0.21571983397006989,0.9993273019790649
01745b0e,3,500,0,0.002,0.0,128,10,128.0,3.0,torch.nn.functional.softplus,200,300,0.05,200,100,1.0,softplus,poisson,1.0,0.9712378978729248,0.9995688199996948,0.28083929419517517,0.9999685883522034
57420c5d,10,500,0,0.002,0.0,128,10,128.0,3.0,torch.nn.functional.softplus,200,300,0.05,200,100,1.0,softplus,poisson,1.0,0.9647727608680725,0.9992076754570007,0.2808074355125427,0.9987532496452332
19f85d76,5,500,0,0.002,0.0,128,10,128.0,3.0,torch.nn.functional.softplus,200,300,0.05,200,100,1.0,softplus,poisson,1.0,0.9680058360099792,0.9993197321891785,0.28078582882881165,0.9998340010643005
5507ff92,2,500,0,0.002,0.0,128,10,128.0,3.0,torch.nn.functional.softplus,200,300,0.05,200,100,1.0,softplus,poisson,1.0,0.9689327478408813,0.9996665120124817,0.2808493971824646,1.0
b7f1d587,32,500,0,0.002,0.0,128,10,128.0,3.0,torch.nn.functional.softplus,200,300,0.05,200,100,1.0,softplus,poisson,1.0,0.9093714952468872,0.9981271624565125,0.28060269355773926,0.9649288654327393
01745b0e,3,500,0,0.002,0.0,128,10,128.0,3.0,torch.nn.functional.softplus,200,300,0.05,200,100,1.0,softplus,poisson,1.0,0.9712378978729248,0.9995688199996948,0.28083929419517517,0.9999685883522034
57420c5d,10,500,0,0.002,0.0,128,10,128.0,3.0,torch.nn.functional.softplus,200,300,0.05,200,100,1.0,softplus,poisson,1.0,0.9647727608680725,0.9992076754570007,0.2808074355125427,0.9987532496452332
19f85d76,5,500,0,0.002,0.0,128,10,128.0,3.0,torch.nn.functional.softplus,200,300,0.05,200,100,1.0,softplus,poisson,1.0,0.9680058360099792,0.9993197321891785,0.28078582882881165,0.9998340010643005
5507ff92,2,500,0,0.002,0.0,128,10,128.0,3.0,torch.nn.functional.softplus,200,300,0.05,200,100,1.0,softplus,poisson,1.0,0.9689327478408813,0.9996665120124817,0.2808493971824646,1.0
b7f1d587,32,500,0,0.002,0.0,128,10,128.0,3.0,torch.nn.functional.softplus,200,300,0.05,200,100,1.0,softplus,poisson,1.0,0.9093714952468872,0.9981271624565125,0.28060269355773926,0.9649288654327393
a9c6abc0,64,500,0,0.002,0.0,128,10,128.0,3.0,torch.nn.functional.softplus,200,300,0.05,200,100,1.0,softplus,poisson,1.0,0.7260257601737976,0.9954444766044617,0.28001564741134644,0.8879155516624451
a9c6abc0,64,500,0,0.002,0.0,128,10,128.0,3.0,torch.nn.functional.softplus,200,300,0.05,200,100,1.0,softplus,poisson,1.0,0.7260257601737976,0.9954444766044617,0.28001564741134644,0.8879155516624451
398e186f,2,500,0,0.002,0.0,128,10,128.0,3.0,,200,300,0.05,200,100,1.0,softplus,poisson,1.0,0.9689297676086426,0.9996643662452698,0.28084781765937805,1.0
ee6f4460,3,500,0,0.002,0.0,128,10,128.0,3.0,,200,300,0.05,200,100,1.0,softplus,poisson,1.0,0.9712435603141785,0.999570906162262,0.2808396816253662,0.9999684691429138
ee6f4460,3,500,0,0.002,0.0,128,10,128.0,3.0,,200,300,0.05,200,100,1.0,softplus,poisson,1.0,0.9712435603141785,0.999570906162262,0.2808396816253662,0.9999684691429138
398e186f,2,500,0,0.002,0.0,128,10,128.0,3.0,,200,300,0.05,200,100,1.0,softplus,poisson,1.0,0.9689297676086426,0.9996643662452698,0.28084781765937805,1.0
23a73c5f,5,500,0,0.002,0.0,128,10,128.0,3.0,,200,300,0.05,200,100,1.0,softplus,poisson,1.0,0.9680072069168091,0.9993200302124023,0.280785471200943,0.999834418296814
23a73c5f,5,500,0,0.002,0.0,128,10,128.0,3.0,,200,300,0.05,200,100,1.0,softplus,poisson,1.0,0.9680072069168091,0.9993200302124023,0.280785471200943,0.999834418296814
44cb59e9,10,500,0,0.002,0.0,128,10,128.0,3.0,,200,300,0.05,200,100,1.0,softplus,poisson,1.0,0.9647853970527649,0.9992082118988037,0.28080761432647705,0.998749315738678
44cb59e9,10,500,0,0.002,0.0,128,10,128.0,3.0,,200,300,0.05,200,100,1.0,softplus,poisson,1.0,0.9647853970527649,0.9992082118988037,0.28080761432647705,0.998749315738678
e3c824c4,32,500,0,0.002,0.0,128,10,128.0,3.0,,200,300,0.05,200,100,1.0,softplus,poisson,1.0,0.9095651507377625,0.9981278777122498,0.2805984616279602,0.9655987024307251
e3c824c4,32,500,0,0.002,0.0,128,10,128.0,3.0,,200,300,0.05,200,100,1.0,softplus,poisson,1.0,0.9095651507377625,0.9981278777122498,0.2805984616279602,0.9655987024307251
b8b48028,64,500,0,0.002,0.0,128,10,128.0,3.0,,200,300,0.05,200,100,1.0,softplus,poisson,1.0,0.7259774208068848,0.9954658150672913,0.2800246775150299,0.8877130150794983
b8b48028,64,500,0,0.002,0.0,128,10,128.0,3.0,,200,300,0.05,200,100,1.0,softplus,poisson,1.0,0.7259774208068848,0.9954658150672913,0.2800246775150299,0.8877130150794983
662d3bc2,2,501,0,0.002,0.0,128,10,128.0,3.0,torch.nn.functional.softplus,200,300,0.05,200,100,1.0,softplus,poisson,1.0,0.9689722657203674,0.9995226860046387,0.2808290421962738,1.0
662d3bc2,2,501,0,0.002,0.0,128,10,128.0,3.0,torch.nn.functional.softplus,200,300,0.05,200,100,1.0,softplus,poisson,1.0,0.9689722657203674,0.9995226860046387,0.2808290421962738,1.0
c41cfd0f,3,501,0,0.002,0.0,128,10,128.0,3.0,torch.nn.functional.softplus,200,300,0.05,200,100,1.0,softplus,poisson,1.0,0.9724401831626892,0.9991843700408936,0.2807077169418335,0.9999703764915466
c41cfd0f,3,501,0,0.002,0.0,128,10,128.0,3.0,torch.nn.functional.softplus,200,300,0.05,200,100,1.0,softplus,poisson,1.0,0.9724401831626892,0.9991843700408936,0.2807077169418335,0.9999703764915466
fbd661a2,5,501,0,0.002,0.0,128,10,128.0,3.0,torch.nn.functional.softplus,200,300,0.05,200,100,1.0,softplus,poisson,1.0,0.9700415134429932,0.999204158782959,0.28076863288879395,0.9998326301574707
fbd661a2,5,501,0,0.002,0.0,128,10,128.0,3.0,torch.nn.functional.softplus,200,300,0.05,200,100,1.0,softplus,poisson,1.0,0.9700415134429932,0.999204158782959,0.28076863288879395,0.9998326301574707
f45a1eb6,10,501,0,0.002,0.0,128,10,128.0,3.0,torch.nn.functional.softplus,200,300,0.05,200,100,1.0,softplus,poisson,1.0,0.9650989770889282,0.9992364048957825,0.28081080317497253,0.9987848401069641
f45a1eb6,10,501,0,0.002,0.0,128,10,128.0,3.0,torch.nn.functional.softplus,200,300,0.05,200,100,1.0,softplus,poisson,1.0,0.9650989770889282,0.9992364048957825,0.28081080317497253,0.9987848401069641
4781235d,32,501,0,0.002,0.0,128,10,128.0,3.0,torch.nn.functional.softplus,200,300,0.05,200,100,1.0,softplus,poisson,1.0,0.9031215906143188,0.9981358647346497,0.2806036174297333,0.9601127505302429
4781235d,32,501,0,0.002,0.0,128,10,128.0,3.0,torch.nn.functional.softplus,200,300,0.05,200,100,1.0,softplus,poisson,1.0,0.9031215906143188,0.9981358647346497,0.2806036174297333,0.9601127505302429
5b5eed4c,64,501,0,0.002,0.0,128,10,128.0,3.0,torch.nn.functional.softplus,200,300,0.05,200,100,1.0,softplus,poisson,1.0,0.7182815670967102,0.9954570531845093,0.28000587224960327,0.8811537027359009
5b5eed4c,64,501,0,0.002,0.0,128,10,128.0,3.0,torch.nn.functional.softplus,200,300,0.05,200,100,1.0,softplus,poisson,1.0,0.7182815670967102,0.9954570531845093,0.28000587224960327,0.8811537027359009
a7380367,2,501,0,0.002,0.0,128,10,128.0,3.0,,200,300,0.05,200,100,1.0,softplus,poisson,1.0,0.9689684510231018,0.9995213150978088,0.2808285057544708,1.0
a7380367,2,501,0,0.002,0.0,128,10,128.0,3.0,,200,300,0.05,200,100,1.0,softplus,poisson,1.0,0.9689684510231018,0.9995213150978088,0.2808285057544708,1.0
6fabb7c5,3,501,0,0.002,0.0,128,10,128.0,3.0,,200,300,0.05,200,100,1.0,softplus,poisson,1.0,0.9724459052085876,0.9991855621337891,0.2807079255580902,0.9999710321426392
6fabb7c5,3,501,0,0.002,0.0,128,10,128.0,3.0,,200,300,0.05,200,100,1.0,softplus,poisson,1.0,0.9724459052085876,0.9991855621337891,0.2807079255580902,0.9999710321426392
4b386e39,5,501,0,0.002,0.0,128,10,128.0,3.0,,200,300,0.05,200,100,1.0,softplus,poisson,1.0,0.970038652420044,0.9992040991783142,0.280768483877182,0.9998318552970886
4b386e39,5,501,0,0.002,0.0,128,10,128.0,3.0,,200,300,0.05,200,100,1.0,softplus,poisson,1.0,0.970038652420044,0.9992040991783142,0.280768483877182,0.9998318552970886
140c6e8f,10,501,0,0.002,0.0,128,10,128.0,3.0,,200,300,0.05,200,100,1.0,softplus,poisson,1.0,0.9650883078575134,0.9992350935935974,0.2808099091053009,0.9987808465957642
140c6e8f,10,501,0,0.002,0.0,128,10,128.0,3.0,,200,300,0.05,200,100,1.0,softplus,poisson,1.0,0.9650883078575134,0.9992350935935974,0.2808099091053009,0.9987808465957642
fd514f56,32,501,0,0.002,0.0,128,10,128.0,3.0,,200,300,0.05,200,100,1.0,softplus,poisson,1.0,0.9027843475341797,0.9981268048286438,0.28060218691825867,0.9597921371459961
fd514f56,32,501,0,0.002,0.0,128,10,128.0,3.0,,200,300,0.05,200,100,1.0,softplus,poisson,1.0,0.9027843475341797,0.9981268048286438,0.28060218691825867,0.9597921371459961
4c2d6827,64,501,0,0.002,0.0,128,10,128.0,3.0,,200,300,0.05,200,100,1.0,softplus,poisson,1.0,0.7180652022361755,0.9954856038093567,0.28002023696899414,0.8801525235176086
4c2d6827,64,501,0,0.002,0.0,128,10,128.0,3.0,,200,300,0.05,200,100,1.0,softplus,poisson,1.0,0.7180652022361755,0.9954856038093567,0.28002023696899414,0.8801525235176086
7f66f908,3,500,0,0.002,0.0,128,10,64.0,3.0,torch.nn.functional.softplus,200,300,0.1,200,100,1.0,softplus,poisson,1.0,0.9708947539329529,0.9995175004005432,0.28082534670829773,0.9999578595161438
35c1a647,32,500,0,0.002,0.0,128,10,64.0,3.0,torch.nn.functional.softplus,200,300,0.1,200,100,1.0,softplus,poisson,1.0,0.874178409576416,0.9977057576179504,0.28042012453079224,0.9101433157920837
2ebdff45,5,500,0,0.002,0.0,128,10,64.0,3.0,torch.nn.functional.softplus,200,300,0.1,200,100,1.0,softplus,poisson,1.0,0.967900276184082,0.9994524717330933,0.28081434965133667,0.9998049139976501
42f0c8e5,10,500,0,0.002,0.0,128,10,64.0,3.0,torch.nn.functional.softplus,200,300,0.1,200,100,1.0,softplus,poisson,1.0,0.965947151184082,0.9992822408676147,0.2807939648628235,0.9987382888793945
f5bb38d1,64,500,0,0.002,0.0,128,10,64.0,3.0,torch.nn.functional.softplus,200,300,0.1,200,100,1.0,softplus,poisson,1.0,0.7174471020698547,0.9955800771713257,0.28025805950164795,0.8281390070915222
c13a73bf,2,500,0,0.002,0.0,128,10,64.0,3.0,torch.nn.functional.softplus,200,300,0.1,200,100,1.0,softplus,poisson,1.0,0.9727010726928711,0.9986652731895447,0.2806069552898407,1.0
2ebdff45,5,500,0,0.002,0.0,128,10,64.0,3.0,torch.nn.functional.softplus,200,300,0.1,200,100,1.0,softplus,poisson,1.0,0.967900276184082,0.9994524717330933,0.28081434965133667,0.9998049139976501
f5bb38d1,64,500,0,0.002,0.0,128,10,64.0,3.0,torch.nn.functional.softplus,200,300,0.1,200,100,1.0,softplus,poisson,1.0,0.7174471020698547,0.9955800771713257,0.28025805950164795,0.8281390070915222
35c1a647,32,500,0,0.002,0.0,128,10,64.0,3.0,torch.nn.functional.softplus,200,300,0.1,200,100,1.0,softplus,poisson,1.0,0.874178409576416,0.9977057576179504,0.28042012453079224,0.9101433157920837
c13a73bf,2,500,0,0.002,0.0,128,10,64.0,3.0,torch.nn.functional.softplus,200,300,0.1,200,100,1.0,softplus,poisson,1.0,0.9727010726928711,0.9986652731895447,0.2806069552898407,1.0
42f0c8e5,10,500,0,0.002,0.0,128,10,64.0,3.0,torch.nn.functional.softplus,200,300,0.1,200,100,1.0,softplus,poisson,1.0,0.965947151184082,0.9992822408676147,0.2807939648628235,0.9987382888793945
7f66f908,3,500,0,0.002,0.0,128,10,64.0,3.0,torch.nn.functional.softplus,200,300,0.1,200,100,1.0,softplus,poisson,1.0,0.9708947539329529,0.9995175004005432,0.28082534670829773,0.9999578595161438
eaa8c796,64,500,0,0.0001,0.0001,128,10,,,torch.nn.functional.softplus,280,300,,280,20,1.0,softplus,poisson,1.0,0.6255236268043518,0.6329196095466614,0.16692934930324554,0.9984404444694519
b15058d9,32,500,0,0.0001,0.0001,128,10,,,torch.nn.functional.softplus,280,300,,280,20,1.0,softplus,poisson,1.0,0.5788335800170898,0.5988905429840088,0.16122078895568848,0.9976566433906555
83df3de8,256,500,0,0.0001,0.0001,128,10,,,torch.nn.functional.softplus,280,300,,280,20,1.0,softplus,poisson,1.0,0.7795878052711487,0.7896033525466919,0.21061250567436218,0.9992743134498596
599d7410,512,500,0,0.0001,0.0001,128,10,,,torch.nn.functional.softplus,280,300,,280,20,1.0,softplus,poisson,1.0,0.8236130475997925,0.6777319312095642,0.17187722027301788,0.9986116290092468
f9b9eed0,32,501,0,0.0001,0.0001,128,10,,,torch.nn.functional.softplus,280,300,,280,20,1.0,softplus,poisson,1.0,0.21339534223079681,0.16527509689331055,0.0588911697268486,0.9981603622436523
d82cf1d3,128,500,0,0.0001,0.0001,128,10,,,torch.nn.functional.softplus,280,300,,280,20,1.0,softplus,poisson,1.0,0.7142038941383362,0.6856412291526794,0.18102659285068512,0.9864735007286072
b15058d9,32,500,0,0.0001,0.0001,128,10,,,torch.nn.functional.softplus,280,300,,280,20,1.0,softplus,poisson,1.0,0.5788335800170898,0.5988905429840088,0.16122078895568848,0.9976566433906555
83df3de8,256,500,0,0.0001,0.0001,128,10,,,torch.nn.functional.softplus,280,300,,280,20,1.0,softplus,poisson,1.0,0.7795878052711487,0.7896033525466919,0.21061250567436218,0.9992743134498596
eaa8c796,64,500,0,0.0001,0.0001,128,10,,,torch.nn.functional.softplus,280,300,,280,20,1.0,softplus,poisson,1.0,0.6255236268043518,0.6329196095466614,0.16692934930324554,0.9984404444694519
d82cf1d3,128,500,0,0.0001,0.0001,128,10,,,torch.nn.functional.softplus,280,300,,280,20,1.0,softplus,poisson,1.0,0.7142038941383362,0.6856412291526794,0.18102659285068512,0.9864735007286072
599d7410,512,500,0,0.0001,0.0001,128,10,,,torch.nn.functional.softplus,280,300,,280,20,1.0,softplus,poisson,1.0,0.8236130475997925,0.6777319312095642,0.17187722027301788,0.9986116290092468
f9b9eed0,32,501,0,0.0001,0.0001,128,10,,,torch.nn.functional.softplus,280,300,,280,20,1.0,softplus,poisson,1.0,0.21339534223079681,0.16527509689331055,0.0588911697268486,0.9981603622436523
6496136e,64,501,0,0.0001,0.0001,128,10,,,torch.nn.functional.softplus,280,300,,280,20,1.0,softplus,poisson,1.0,0.23482899367809296,0.12847743928432465,0.052072733640670776,0.9988549947738647
6496136e,64,501,0,0.0001,0.0001,128,10,,,torch.nn.functional.softplus,280,300,,280,20,1.0,softplus,poisson,1.0,0.23482899367809296,0.12847743928432465,0.052072733640670776,0.9988549947738647
5d123f08,128,501,0,0.0001,0.0001,128,10,,,torch.nn.functional.softplus,280,300,,280,20,1.0,softplus,poisson,1.0,0.7911256551742554,0.6696863770484924,0.17212936282157898,0.9836610555648804
5d123f08,128,501,0,0.0001,0.0001,128,10,,,torch.nn.functional.softplus,280,300,,280,20,1.0,softplus,poisson,1.0,0.7911256551742554,0.6696863770484924,0.17212936282157898,0.9836610555648804
39ca03fc,256,501,0,0.0001,0.0001,128,10,,,torch.nn.functional.softplus,280,300,,280,20,1.0,softplus,poisson,1.0,0.8328023552894592,0.8024151921272278,0.21178703010082245,0.9990918636322021
39ca03fc,256,501,0,0.0001,0.0001,128,10,,,torch.nn.functional.softplus,280,300,,280,20,1.0,softplus,poisson,1.0,0.8328023552894592,0.8024151921272278,0.21178703010082245,0.9990918636322021
5e371ba8,512,501,0,0.0001,0.0001,128,10,,,torch.nn.functional.softplus,280,300,,280,20,1.0,softplus,poisson,1.0,0.7923997640609741,0.6724146008491516,0.18338535726070404,0.9988802671432495
5e371ba8,512,501,0,0.0001,0.0001,128,10,,,torch.nn.functional.softplus,280,300,,280,20,1.0,softplus,poisson,1.0,0.7923997640609741,0.6724146008491516,0.18338535726070404,0.9988802671432495
536c050b,32,500,0,0.002,0.0,128,10,64.0,3.0,torch.nn.functional.softplus,280,300,0.1,280,20,1.0,softplus,poisson,1.0,0.887793242931366,0.9966731071472168,0.2805096507072449,0.9062629342079163
87244eb0,5,500,0,0.002,0.0,128,10,64.0,3.0,torch.nn.functional.softplus,280,300,0.1,280,20,1.0,softplus,poisson,1.0,0.9683173298835754,0.9995840191841125,0.28126466274261475,0.9994347095489502
3d41d2b1,3,500,0,0.002,0.0,128,10,64.0,3.0,torch.nn.functional.softplus,280,300,0.1,280,20,1.0,softplus,poisson,1.0,0.971089243888855,0.9983477592468262,0.28086042404174805,0.9999595284461975
7c029f3f,64,500,0,0.002,0.0,128,10,64.0,3.0,torch.nn.functional.softplus,280,300,0.1,280,20,1.0,softplus,poisson,1.0,0.7234116196632385,0.995337724685669,0.28030282258987427,0.7959923148155212
3a1c93f5,10,500,0,0.002,0.0,128,10,64.0,3.0,torch.nn.functional.softplus,280,300,0.1,280,20,1.0,softplus,poisson,1.0,0.9623316526412964,0.9986755847930908,0.28078463673591614,0.9989804625511169
99eb3cdc,2,500,0,0.002,0.0,128,10,64.0,3.0,torch.nn.functional.softplus,280,300,0.1,280,20,1.0,softplus,poisson,1.0,0.9716090559959412,0.9963023662567139,0.28040021657943726,1.0
99eb3cdc,2,500,0,0.002,0.0,128,10,64.0,3.0,torch.nn.functional.softplus,280,300,0.1,280,20,1.0,softplus,poisson,1.0,0.9716090559959412,0.9963023662567139,0.28040021657943726,1.0
3a1c93f5,10,500,0,0.002,0.0,128,10,64.0,3.0,torch.nn.functional.softplus,280,300,0.1,280,20,1.0,softplus,poisson,1.0,0.9623316526412964,0.9986755847930908,0.28078463673591614,0.9989804625511169
87244eb0,5,500,0,0.002,0.0,128,10,64.0,3.0,torch.nn.functional.softplus,280,300,0.1,280,20,1.0,softplus,poisson,1.0,0.9683173298835754,0.9995840191841125,0.28126466274261475,0.9994347095489502
7c029f3f,64,500,0,0.002,0.0,128,10,64.0,3.0,torch.nn.functional.softplus,280,300,0.1,280,20,1.0,softplus,poisson,1.0,0.7234116196632385,0.995337724685669,0.28030282258987427,0.7959923148155212
3d41d2b1,3,500,0,0.002,0.0,128,10,64.0,3.0,torch.nn.functional.softplus,280,300,0.1,280,20,1.0,softplus,poisson,1.0,0.971089243888855,0.9983477592468262,0.28086042404174805,0.9999595284461975
536c050b,32,500,0,0.002,0.0,128,10,64.0,3.0,torch.nn.functional.softplus,280,300,0.1,280,20,1.0,softplus,poisson,1.0,0.887793242931366,0.9966731071472168,0.2805096507072449,0.9062629342079163
c7a1b705,2,501,0,0.002,0.0,128,10,64.0,3.0,torch.nn.functional.softplus,280,300,0.1,280,20,1.0,softplus,poisson,1.0,0.9713622331619263,0.9981374740600586,0.28091707825660706,1.0
c7a1b705,2,501,0,0.002,0.0,128,10,64.0,3.0,torch.nn.functional.softplus,280,300,0.1,280,20,1.0,softplus,poisson,1.0,0.9713622331619263,0.9981374740600586,0.28091707825660706,1.0
d00662c5,3,501,0,0.002,0.0,128,10,64.0,3.0,torch.nn.functional.softplus,280,300,0.1,280,20,1.0,softplus,poisson,1.0,0.9672160744667053,0.9861118793487549,0.27746209502220154,0.9999520778656006
d00662c5,3,501,0,0.002,0.0,128,10,64.0,3.0,torch.nn.functional.softplus,280,300,0.1,280,20,1.0,softplus,poisson,1.0,0.9672160744667053,0.9861118793487549,0.27746209502220154,0.9999520778656006
b8751e26,5,501,0,0.002,0.0,128,10,64.0,3.0,torch.nn.functional.softplus,280,300,0.1,280,20,1.0,softplus,poisson,1.0,0.968692421913147,0.9996195435523987,0.2812703251838684,0.9994411468505859
b6e5db47,10,501,0,0.002,0.0,128,10,64.0,3.0,torch.nn.functional.softplus,280,300,0.1,280,20,1.0,softplus,poisson,1.0,0.9654141068458557,0.997208297252655,0.2804235816001892,0.9989035129547119
b8751e26,5,501,0,0.002,0.0,128,10,64.0,3.0,torch.nn.functional.softplus,280,300,0.1,280,20,1.0,softplus,poisson,1.0,0.968692421913147,0.9996195435523987,0.2812703251838684,0.9994411468505859
b6e5db47,10,501,0,0.002,0.0,128,10,64.0,3.0,torch.nn.functional.softplus,280,300,0.1,280,20,1.0,softplus,poisson,1.0,0.9654141068458557,0.997208297252655,0.2804235816001892,0.9989035129547119
83c15e0b,32,501,0,0.002,0.0,128,10,64.0,3.0,torch.nn.functional.softplus,280,300,0.1,280,20,1.0,softplus,poisson,1.0,0.8868988156318665,0.9977246522903442,0.28076568245887756,0.9031214714050293
83c15e0b,32,501,0,0.002,0.0,128,10,64.0,3.0,torch.nn.functional.softplus,280,300,0.1,280,20,1.0,softplus,poisson,1.0,0.8868988156318665,0.9977246522903442,0.28076568245887756,0.9031214714050293
64358cd7,64,501,0,0.002,0.0,128,10,64.0,3.0,torch.nn.functional.softplus,280,300,0.1,280,20,1.0,softplus,poisson,1.0,0.720819354057312,0.9953099489212036,0.2802720069885254,0.7943689227104187
64358cd7,64,501,0,0.002,0.0,128,10,64.0,3.0,torch.nn.functional.softplus,280,300,0.1,280,20,1.0,softplus,poisson,1.0,0.720819354057312,0.9953099489212036,0.2802720069885254,0.7943689227104187
5be79c3c,32,500,0,0.002,0.0,128,10,128.0,3.0,torch.nn.functional.softplus,250,300,0.05,250,50,1.0,softplus,poisson,1.0,0.8997061252593994,0.9965906739234924,0.2801070809364319,0.9579207301139832
7d37cc9b,5,500,0,0.002,0.0,128,10,128.0,3.0,torch.nn.functional.softplus,250,300,0.05,250,50,1.0,softplus,poisson,1.0,0.9696622490882874,0.9995511174201965,0.2808457911014557,0.9998872876167297
91a47db1,10,500,0,0.002,0.0,128,10,128.0,3.0,torch.nn.functional.softplus,250,300,0.05,250,50,1.0,softplus,poisson,1.0,0.9659672975540161,0.9994325041770935,0.2808278799057007,0.9988453388214111
188ab288,3,500,0,0.002,0.0,128,10,128.0,3.0,torch.nn.functional.softplus,250,300,0.05,250,50,1.0,softplus,poisson,1.0,0.9660627841949463,0.9990898370742798,0.2807103097438812,0.9999852180480957
7a31afc2,2,500,0,0.002,0.0,128,10,128.0,3.0,torch.nn.functional.softplus,250,300,0.05,250,50,1.0,softplus,poisson,1.0,0.9714315533638,0.9995245933532715,0.2808234691619873,1.0
5be79c3c,32,500,0,0.002,0.0,128,10,128.0,3.0,torch.nn.functional.softplus,250,300,0.05,250,50,1.0,softplus,poisson,1.0,0.8997061252593994,0.9965906739234924,0.2801070809364319,0.9579207301139832
7d37cc9b,5,500,0,0.002,0.0,128,10,128.0,3.0,torch.nn.functional.softplus,250,300,0.05,250,50,1.0,softplus,poisson,1.0,0.9696622490882874,0.9995511174201965,0.2808457911014557,0.9998872876167297
188ab288,3,500,0,0.002,0.0,128,10,128.0,3.0,torch.nn.functional.softplus,250,300,0.05,250,50,1.0,softplus,poisson,1.0,0.9660627841949463,0.9990898370742798,0.2807103097438812,0.9999852180480957
91a47db1,10,500,0,0.002,0.0,128,10,128.0,3.0,torch.nn.functional.softplus,250,300,0.05,250,50,1.0,softplus,poisson,1.0,0.9659672975540161,0.9994325041770935,0.2808278799057007,0.9988453388214111
7a31afc2,2,500,0,0.002,0.0,128,10,128.0,3.0,torch.nn.functional.softplus,250,300,0.05,250,50,1.0,softplus,poisson,1.0,0.9714315533638,0.9995245933532715,0.2808234691619873,1.0
5d4dfe4a,64,500,0,0.002,0.0,128,10,128.0,3.0,torch.nn.functional.softplus,250,300,0.05,250,50,1.0,softplus,poisson,1.0,0.7168197631835938,0.9931938648223877,0.27923503518104553,0.8714632391929626
5d4dfe4a,64,500,0,0.002,0.0,128,10,128.0,3.0,torch.nn.functional.softplus,250,300,0.05,250,50,1.0,softplus,poisson,1.0,0.7168197631835938,0.9931938648223877,0.27923503518104553,0.8714632391929626
49e261a4,2,500,0,0.002,0.0,128,10,128.0,3.0,,250,300,0.05,250,50,1.0,softplus,poisson,1.0,0.9714304804801941,0.9995233416557312,0.28082275390625,1.0
49e261a4,2,500,0,0.002,0.0,128,10,128.0,3.0,,250,300,0.05,250,50,1.0,softplus,poisson,1.0,0.9714304804801941,0.9995233416557312,0.28082275390625,1.0
d427903d,3,500,0,0.002,0.0,128,10,128.0,3.0,,250,300,0.05,250,50,1.0,softplus,poisson,1.0,0.9660628437995911,0.999089241027832,0.28070977330207825,0.9999850988388062
d427903d,3,500,0,0.002,0.0,128,10,128.0,3.0,,250,300,0.05,250,50,1.0,softplus,poisson,1.0,0.9660628437995911,0.999089241027832,0.28070977330207825,0.9999850988388062
5f1af55e,5,500,0,0.002,0.0,128,10,128.0,3.0,,250,300,0.05,250,50,1.0,softplus,poisson,1.0,0.9696626663208008,0.9995505809783936,0.2808464765548706,0.9998862743377686
5f1af55e,5,500,0,0.002,0.0,128,10,128.0,3.0,,250,300,0.05,250,50,1.0,softplus,poisson,1.0,0.9696626663208008,0.9995505809783936,0.2808464765548706,0.9998862743377686
b5390459,10,500,0,0.002,0.0,128,10,128.0,3.0,,250,300,0.05,250,50,1.0,softplus,poisson,1.0,0.9659590125083923,0.9994311332702637,0.28082701563835144,0.998833179473877
b5390459,10,500,0,0.002,0.0,128,10,128.0,3.0,,250,300,0.05,250,50,1.0,softplus,poisson,1.0,0.9659590125083923,0.9994311332702637,0.28082701563835144,0.998833179473877
964dd9a7,32,500,0,0.002,0.0,128,10,128.0,3.0,,250,300,0.05,250,50,1.0,softplus,poisson,1.0,0.899824321269989,0.9965834617614746,0.2801099121570587,0.9579159617424011
964dd9a7,32,500,0,0.002,0.0,128,10,128.0,3.0,,250,300,0.05,250,50,1.0,softplus,poisson,1.0,0.899824321269989,0.9965834617614746,0.2801099121570587,0.9579159617424011
02a69630,64,500,0,0.002,0.0,128,10,128.0,3.0,,250,300,0.05,250,50,1.0,softplus,poisson,1.0,0.7165733575820923,0.9931859970092773,0.27923715114593506,0.8724942803382874
02a69630,64,500,0,0.002,0.0,128,10,128.0,3.0,,250,300,0.05,250,50,1.0,softplus,poisson,1.0,0.7165733575820923,0.9931859970092773,0.27923715114593506,0.8724942803382874
106f9119,2,501,0,0.002,0.0,128,10,128.0,3.0,torch.nn.functional.softplus,250,300,0.05,250,50,1.0,softplus,poisson,1.0,0.9720881581306458,0.9985615015029907,0.2805323898792267,1.0
106f9119,2,501,0,0.002,0.0,128,10,128.0,3.0,torch.nn.functional.softplus,250,300,0.05,250,50,1.0,softplus,poisson,1.0,0.9720881581306458,0.9985615015029907,0.2805323898792267,1.0
2c321edb,3,501,0,0.002,0.0,128,10,128.0,3.0,torch.nn.functional.softplus,250,300,0.05,250,50,1.0,softplus,poisson,1.0,0.9680866003036499,0.9975720047950745,0.28041690587997437,0.9999824166297913
2c321edb,3,501,0,0.002,0.0,128,10,128.0,3.0,torch.nn.functional.softplus,250,300,0.05,250,50,1.0,softplus,poisson,1.0,0.9680866003036499,0.9975720047950745,0.28041690587997437,0.9999824166297913
fd988c4f,5,501,0,0.002,0.0,128,10,128.0,3.0,torch.nn.functional.softplus,250,300,0.05,250,50,1.0,softplus,poisson,1.0,0.9682257175445557,0.9995442628860474,0.28083816170692444,0.9998759031295776
fd988c4f,5,501,0,0.002,0.0,128,10,128.0,3.0,torch.nn.functional.softplus,250,300,0.05,250,50,1.0,softplus,poisson,1.0,0.9682257175445557,0.9995442628860474,0.28083816170692444,0.9998759031295776
baf7dedf,10,501,0,0.002,0.0,128,10,128.0,3.0,torch.nn.functional.softplus,250,300,0.05,250,50,1.0,softplus,poisson,1.0,0.9642370343208313,0.9994179010391235,0.280816912651062,0.998860239982605
baf7dedf,10,501,0,0.002,0.0,128,10,128.0,3.0,torch.nn.functional.softplus,250,300,0.05,250,50,1.0,softplus,poisson,1.0,0.9642370343208313,0.9994179010391235,0.280816912651062,0.998860239982605
72a3d0b9,32,501,0,0.002,0.0,128,10,128.0,3.0,torch.nn.functional.softplus,250,300,0.05,250,50,1.0,softplus,poisson,1.0,0.9022522568702698,0.9981980919837952,0.2805911600589752,0.961766242980957
72a3d0b9,32,501,0,0.002,0.0,128,10,128.0,3.0,torch.nn.functional.softplus,250,300,0.05,250,50,1.0,softplus,poisson,1.0,0.9022522568702698,0.9981980919837952,0.2805911600589752,0.961766242980957
04e7df0e,64,501,0,0.002,0.0,128,10,128.0,3.0,torch.nn.functional.softplus,250,300,0.05,250,50,1.0,softplus,poisson,1.0,0.6873401999473572,0.9947478771209717,0.27982625365257263,0.8436776995658875
1a17da42,2,501,0,0.002,0.0,128,10,128.0,3.0,,250,300,0.05,250,50,1.0,softplus,poisson,1.0,0.9720842838287354,0.998561680316925,0.28053146600723267,1.0
1a17da42,2,501,0,0.002,0.0,128,10,128.0,3.0,,250,300,0.05,250,50,1.0,softplus,poisson,1.0,0.9720842838287354,0.998561680316925,0.28053146600723267,1.0
04e7df0e,64,501,0,0.002,0.0,128,10,128.0,3.0,torch.nn.functional.softplus,250,300,0.05,250,50,1.0,softplus,poisson,1.0,0.6873401999473572,0.9947478771209717,0.27982625365257263,0.8436776995658875
a4d81a60,3,501,0,0.002,0.0,128,10,128.0,3.0,,250,300,0.05,250,50,1.0,softplus,poisson,1.0,0.9680830240249634,0.9975717067718506,0.2804167568683624,0.9999824166297913
a4d81a60,3,501,0,0.002,0.0,128,10,128.0,3.0,,250,300,0.05,250,50,1.0,softplus,poisson,1.0,0.9680830240249634,0.9975717067718506,0.2804167568683624,0.9999824166297913
357597a4,5,501,0,0.002,0.0,128,10,128.0,3.0,,250,300,0.05,250,50,1.0,softplus,poisson,1.0,0.9682249426841736,0.9995454549789429,0.28083834052085876,0.9998754858970642
357597a4,5,501,0,0.002,0.0,128,10,128.0,3.0,,250,300,0.05,250,50,1.0,softplus,poisson,1.0,0.9682249426841736,0.9995454549789429,0.28083834052085876,0.9998754858970642
3b63a68e,10,501,0,0.002,0.0,128,10,128.0,3.0,,250,300,0.05,250,50,1.0,softplus,poisson,1.0,0.9642202258110046,0.9994162321090698,0.28081443905830383,0.9988460540771484
3b63a68e,10,501,0,0.002,0.0,128,10,128.0,3.0,,250,300,0.05,250,50,1.0,softplus,poisson,1.0,0.9642202258110046,0.9994162321090698,0.28081443905830383,0.9988460540771484
6a406145,32,501,0,0.002,0.0,128,10,128.0,3.0,,250,300,0.05,250,50,1.0,softplus,poisson,1.0,0.9028660655021667,0.9981966614723206,0.28058815002441406,0.9624137282371521
6a406145,32,501,0,0.002,0.0,128,10,128.0,3.0,,250,300,0.05,250,50,1.0,softplus,poisson,1.0,0.9028660655021667,0.9981966614723206,0.28058815002441406,0.9624137282371521
1e9588f2,64,501,0,0.002,0.0,128,10,128.0,3.0,,250,300,0.05,250,50,1.0,softplus,poisson,1.0,0.6881755590438843,0.9947783946990967,0.2798425257205963,0.843368649482727
1e9588f2,64,501,0,0.002,0.0,128,10,128.0,3.0,,250,300,0.05,250,50,1.0,softplus,poisson,1.0,0.6881755590438843,0.9947783946990967,0.2798425257205963,0.843368649482727
849e5565,256,500,0,0.0001,0.0001,128,10,,,torch.nn.functional.softplus,200,300,,200,100,1.0,softplus,poisson,1.0,0.843049943447113,0.8201675415039062,0.21688035130500793,0.9991922378540039
87cad0a3,32,500,0,0.0001,0.0001,128,10,,,,200,300,,200,100,1.0,softplus,poisson,1.0,0.4486900568008423,0.48556843400001526,0.13369859755039215,0.9966529607772827
3cdf23ce,32,500,0,0.0001,0.0001,128,10,,,torch.nn.functional.softplus,200,300,,200,100,1.0,softplus,poisson,1.0,0.4608946442604065,0.4962675869464874,0.13624915480613708,0.9966405630111694
95e869f5,512,500,0,0.0001,0.0001,128,10,,,torch.nn.functional.softplus,200,300,,200,100,1.0,softplus,poisson,1.0,0.8445248007774353,0.7889226078987122,0.20530907809734344,0.9989442229270935
4c485089,64,500,0,0.0001,0.0001,128,10,,,torch.nn.functional.softplus,200,300,,200,100,1.0,softplus,poisson,1.0,0.03883315995335579,-0.6067719459533691,-0.12004181742668152,0.9987878203392029
3d84f657,128,500,0,0.0001,0.0001,128,10,,,torch.nn.functional.softplus,200,300,,200,100,1.0,softplus,poisson,1.0,0.7416808009147644,0.610291600227356,0.15532533824443817,0.9758242964744568
849e5565,256,500,0,0.0001,0.0001,128,10,,,torch.nn.functional.softplus,200,300,,200,100,1.0,softplus,poisson,1.0,0.843049943447113,0.8201675415039062,0.21688035130500793,0.9991922378540039
87cad0a3,32,500,0,0.0001,0.0001,128,10,,,,200,300,,200,100,1.0,softplus,poisson,1.0,0.4486900568008423,0.48556843400001526,0.13369859755039215,0.9966529607772827
95e869f5,512,500,0,0.0001,0.0001,128,10,,,torch.nn.functional.softplus,200,300,,200,100,1.0,softplus,poisson,1.0,0.8445248007774353,0.7889226078987122,0.20530907809734344,0.9989442229270935
3cdf23ce,32,500,0,0.0001,0.0001,128,10,,,torch.nn.functional.softplus,200,300,,200,100,1.0,softplus,poisson,1.0,0.4608946442604065,0.4962675869464874,0.13624915480613708,0.9966405630111694
4c485089,64,500,0,0.0001,0.0001,128,10,,,torch.nn.functional.softplus,200,300,,200,100,1.0,softplus,poisson,1.0,0.03883315995335579,-0.6067719459533691,-0.12004181742668152,0.9987878203392029
3d84f657,128,500,0,0.0001,0.0001,128,10,,,torch.nn.functional.softplus,200,300,,200,100,1.0,softplus,poisson,1.0,0.7416808009147644,0.610291600227356,0.15532533824443817,0.9758242964744568
1f5ba8c6,64,500,0,0.0001,0.0001,128,10,,,,200,300,,200,100,1.0,softplus,poisson,1.0,0.037532348185777664,-0.612830400466919,-0.12139501422643661,0.9987872242927551
27ea651f,512,500,0,0.0001,0.0001,128,10,,,,200,300,,200,100,1.0,softplus,poisson,1.0,0.8445260524749756,0.7889217734336853,0.205308735370636,0.9989442229270935
1f5ba8c6,64,500,0,0.0001,0.0001,128,10,,,,200,300,,200,100,1.0,softplus,poisson,1.0,0.037532348185777664,-0.612830400466919,-0.12139501422643661,0.9987872242927551
27ea651f,512,500,0,0.0001,0.0001,128,10,,,,200,300,,200,100,1.0,softplus,poisson,1.0,0.8445260524749756,0.7889217734336853,0.205308735370636,0.9989442229270935
ac2cd44c,128,500,0,0.0001,0.0001,128,10,,,,200,300,,200,100,1.0,softplus,poisson,1.0,0.7417308688163757,0.6104369759559631,0.15536393225193024,0.9758235216140747
51898186,256,500,0,0.0001,0.0001,128,10,,,,200,300,,200,100,1.0,softplus,poisson,1.0,0.8430505394935608,0.8201678991317749,0.21688053011894226,0.9991922378540039
ac2cd44c,128,500,0,0.0001,0.0001,128,10,,,,200,300,,200,100,1.0,softplus,poisson,1.0,0.7417308688163757,0.6104369759559631,0.15536393225193024,0.9758235216140747
51898186,256,500,0,0.0001,0.0001,128,10,,,,200,300,,200,100,1.0,softplus,poisson,1.0,0.8430505394935608,0.8201678991317749,0.21688053011894226,0.9991922378540039
2650a493,32,501,0,0.0001,0.0001,128,10,,,torch.nn.functional.softplus,200,300,,200,100,1.0,softplus,poisson,1.0,0.6092367172241211,0.6214057803153992,0.16534486413002014,0.996290922164917
2650a493,32,501,0,0.0001,0.0001,128,10,,,torch.nn.functional.softplus,200,300,,200,100,1.0,softplus,poisson,1.0,0.6092367172241211,0.6214057803153992,0.16534486413002014,0.996290922164917
472d76b9,64,501,0,0.0001,0.0001,128,10,,,torch.nn.functional.softplus,200,300,,200,100,1.0,softplus,poisson,1.0,0.5982100963592529,0.5908967852592468,0.1563209742307663,0.9983456134796143
472d76b9,64,501,0,0.0001,0.0001,128,10,,,torch.nn.functional.softplus,200,300,,200,100,1.0,softplus,poisson,1.0,0.5982100963592529,0.5908967852592468,0.1563209742307663,0.9983456134796143
d12d0fcb,128,501,0,0.0001,0.0001,128,10,,,torch.nn.functional.softplus,200,300,,200,100,1.0,softplus,poisson,1.0,0.7996187210083008,0.7069584131240845,0.18244248628616333,0.9792741537094116
d12d0fcb,128,501,0,0.0001,0.0001,128,10,,,torch.nn.functional.softplus,200,300,,200,100,1.0,softplus,poisson,1.0,0.7996187210083008,0.7069584131240845,0.18244248628616333,0.9792741537094116
59aafcad,256,501,0,0.0001,0.0001,128,10,,,torch.nn.functional.softplus,200,300,,200,100,1.0,softplus,poisson,1.0,0.8123236894607544,0.7922918200492859,0.21762152016162872,0.9994009733200073
59aafcad,256,501,0,0.0001,0.0001,128,10,,,torch.nn.functional.softplus,200,300,,200,100,1.0,softplus,poisson,1.0,0.8123236894607544,0.7922918200492859,0.21762152016162872,0.9994009733200073
ff5116ad,512,501,0,0.0001,0.0001,128,10,,,torch.nn.functional.softplus,200,300,,200,100,1.0,softplus,poisson,1.0,0.8192095160484314,0.8074110150337219,0.21572017669677734,0.9993273019790649
ff5116ad,512,501,0,0.0001,0.0001,128,10,,,torch.nn.functional.softplus,200,300,,200,100,1.0,softplus,poisson,1.0,0.8192095160484314,0.8074110150337219,0.21572017669677734,0.9993273019790649
0517d079,32,501,0,0.0001,0.0001,128,10,,,,200,300,,200,100,1.0,softplus,poisson,1.0,0.6090940237045288,0.6214048266410828,0.16534414887428284,0.9962905645370483
0517d079,32,501,0,0.0001,0.0001,128,10,,,,200,300,,200,100,1.0,softplus,poisson,1.0,0.6090940237045288,0.6214048266410828,0.16534414887428284,0.9962905645370483
d1e41d15,64,501,0,0.0001,0.0001,128,10,,,,200,300,,200,100,1.0,softplus,poisson,1.0,0.5982545614242554,0.5908766388893127,0.15631495416164398,0.9983459115028381
d1e41d15,64,501,0,0.0001,0.0001,128,10,,,,200,300,,200,100,1.0,softplus,poisson,1.0,0.5982545614242554,0.5908766388893127,0.15631495416164398,0.9983459115028381
5cc314ac,128,501,0,0.0001,0.0001,128,10,,,,200,300,,200,100,1.0,softplus,poisson,1.0,0.799497663974762,0.7069991827011108,0.18245647847652435,0.97927325963974
5cc314ac,128,501,0,0.0001,0.0001,128,10,,,,200,300,,200,100,1.0,softplus,poisson,1.0,0.799497663974762,0.7069991827011108,0.18245647847652435,0.97927325963974
9cfa68af,256,501,0,0.0001,0.0001,128,10,,,,200,300,,200,100,1.0,softplus,poisson,1.0,0.8123427629470825,0.7923110127449036,0.21762698888778687,0.9994010925292969
9cfa68af,256,501,0,0.0001,0.0001,128,10,,,,200,300,,200,100,1.0,softplus,poisson,1.0,0.8123427629470825,0.7923110127449036,0.21762698888778687,0.9994010925292969
822fb8eb,512,501,0,0.0001,0.0001,128,10,,,,200,300,,200,100,1.0,softplus,poisson,1.0,0.819209098815918,0.8074111938476562,0.21571983397006989,0.9993273019790649
822fb8eb,512,501,0,0.0001,0.0001,128,10,,,,200,300,,200,100,1.0,softplus,poisson,1.0,0.819209098815918,0.8074111938476562,0.21571983397006989,0.9993273019790649
89b1f3f9,32,500,0,0.0001,0.0001,128,10,,,,280,300,,280,20,1.0,softplus,poisson,1.0,0.5771424174308777,0.5979247689247131,0.16099342703819275,0.997658908367157
83df3de8,256,500,0,0.0001,0.0001,128,10,,,torch.nn.functional.softplus,280,300,,280,20,1.0,softplus,poisson,1.0,0.7795878052711487,0.7896033525466919,0.21061250567436218,0.9992743134498596
599d7410,512,500,0,0.0001,0.0001,128,10,,,torch.nn.functional.softplus,280,300,,280,20,1.0,softplus,poisson,1.0,0.8236130475997925,0.6777319312095642,0.17187722027301788,0.9986116290092468
b15058d9,32,500,0,0.0001,0.0001,128,10,,,torch.nn.functional.softplus,280,300,,280,20,1.0,softplus,poisson,1.0,0.5788335800170898,0.5988905429840088,0.16122078895568848,0.9976566433906555
eaa8c796,64,500,0,0.0001,0.0001,128,10,,,torch.nn.functional.softplus,280,300,,280,20,1.0,softplus,poisson,1.0,0.6255236268043518,0.6329196095466614,0.16692934930324554,0.9984404444694519
d82cf1d3,128,500,0,0.0001,0.0001,128,10,,,torch.nn.functional.softplus,280,300,,280,20,1.0,softplus,poisson,1.0,0.7142038941383362,0.6856412291526794,0.18102659285068512,0.9864735007286072
b15058d9,32,500,0,0.0001,0.0001,128,10,,,torch.nn.functional.softplus,280,300,,280,20,1.0,softplus,poisson,1.0,0.5788335800170898,0.5988905429840088,0.16122078895568848,0.9976566433906555
599d7410,512,500,0,0.0001,0.0001,128,10,,,torch.nn.functional.softplus,280,300,,280,20,1.0,softplus,poisson,1.0,0.8236130475997925,0.6777319312095642,0.17187722027301788,0.9986116290092468
89b1f3f9,32,500,0,0.0001,0.0001,128,10,,,,280,300,,280,20,1.0,softplus,poisson,1.0,0.5771424174308777,0.5979247689247131,0.16099342703819275,0.997658908367157
eaa8c796,64,500,0,0.0001,0.0001,128,10,,,torch.nn.functional.softplus,280,300,,280,20,1.0,softplus,poisson,1.0,0.6255236268043518,0.6329196095466614,0.16692934930324554,0.9984404444694519
83df3de8,256,500,0,0.0001,0.0001,128,10,,,torch.nn.functional.softplus,280,300,,280,20,1.0,softplus,poisson,1.0,0.7795878052711487,0.7896033525466919,0.21061250567436218,0.9992743134498596
d82cf1d3,128,500,0,0.0001,0.0001,128,10,,,torch.nn.functional.softplus,280,300,,280,20,1.0,softplus,poisson,1.0,0.7142038941383362,0.6856412291526794,0.18102659285068512,0.9864735007286072
33ca4f70,64,500,0,0.0001,0.0001,128,10,,,,280,300,,280,20,1.0,softplus,poisson,1.0,0.6250196099281311,0.632673442363739,0.16684046387672424,0.998436689376831
33ca4f70,64,500,0,0.0001,0.0001,128,10,,,,280,300,,280,20,1.0,softplus,poisson,1.0,0.6250196099281311,0.632673442363739,0.16684046387672424,0.998436689376831
06a69627,128,500,0,0.0001,0.0001,128,10,,,,280,300,,280,20,1.0,softplus,poisson,1.0,0.7137065529823303,0.6852730512619019,0.18093238770961761,0.9864397644996643
06a69627,128,500,0,0.0001,0.0001,128,10,,,,280,300,,280,20,1.0,softplus,poisson,1.0,0.7137065529823303,0.6852730512619019,0.18093238770961761,0.9864397644996643
73cbffdb,256,500,0,0.0001,0.0001,128,10,,,,280,300,,280,20,1.0,softplus,poisson,1.0,0.7795798182487488,0.7896021008491516,0.21061180531978607,0.9992744326591492
73cbffdb,256,500,0,0.0001,0.0001,128,10,,,,280,300,,280,20,1.0,softplus,poisson,1.0,0.7795798182487488,0.7896021008491516,0.21061180531978607,0.9992744326591492
a50396c9,512,500,0,0.0001,0.0001,128,10,,,,280,300,,280,20,1.0,softplus,poisson,1.0,0.8236170411109924,0.6777324080467224,0.17187722027301788,0.9986116290092468
a50396c9,512,500,0,0.0001,0.0001,128,10,,,,280,300,,280,20,1.0,softplus,poisson,1.0,0.8236170411109924,0.6777324080467224,0.17187722027301788,0.9986116290092468
f9b9eed0,32,501,0,0.0001,0.0001,128,10,,,torch.nn.functional.softplus,280,300,,280,20,1.0,softplus,poisson,1.0,0.21339534223079681,0.16527509689331055,0.0588911697268486,0.9981603622436523
f9b9eed0,32,501,0,0.0001,0.0001,128,10,,,torch.nn.functional.softplus,280,300,,280,20,1.0,softplus,poisson,1.0,0.21339534223079681,0.16527509689331055,0.0588911697268486,0.9981603622436523
6496136e,64,501,0,0.0001,0.0001,128,10,,,torch.nn.functional.softplus,280,300,,280,20,1.0,softplus,poisson,1.0,0.23482899367809296,0.12847743928432465,0.052072733640670776,0.9988549947738647
6496136e,64,501,0,0.0001,0.0001,128,10,,,torch.nn.functional.softplus,280,300,,280,20,1.0,softplus,poisson,1.0,0.23482899367809296,0.12847743928432465,0.052072733640670776,0.9988549947738647
5d123f08,128,501,0,0.0001,0.0001,128,10,,,torch.nn.functional.softplus,280,300,,280,20,1.0,softplus,poisson,1.0,0.7911256551742554,0.6696863770484924,0.17212936282157898,0.9836610555648804
5d123f08,128,501,0,0.0001,0.0001,128,10,,,torch.nn.functional.softplus,280,300,,280,20,1.0,softplus,poisson,1.0,0.7911256551742554,0.6696863770484924,0.17212936282157898,0.9836610555648804
39ca03fc,256,501,0,0.0001,0.0001,128,10,,,torch.nn.functional.softplus,280,300,,280,20,1.0,softplus,poisson,1.0,0.8328023552894592,0.8024151921272278,0.21178703010082245,0.9990918636322021
39ca03fc,256,501,0,0.0001,0.0001,128,10,,,torch.nn.functional.softplus,280,300,,280,20,1.0,softplus,poisson,1.0,0.8328023552894592,0.8024151921272278,0.21178703010082245,0.9990918636322021
5e371ba8,512,501,0,0.0001,0.0001,128,10,,,torch.nn.functional.softplus,280,300,,280,20,1.0,softplus,poisson,1.0,0.7923997640609741,0.6724146008491516,0.18338535726070404,0.9988802671432495
5e371ba8,512,501,0,0.0001,0.0001,128,10,,,torch.nn.functional.softplus,280,300,,280,20,1.0,softplus,poisson,1.0,0.7923997640609741,0.6724146008491516,0.18338535726070404,0.9988802671432495
3ba4b0a9,32,501,0,0.0001,0.0001,128,10,,,,280,300,,280,20,1.0,softplus,poisson,1.0,0.21126672625541687,0.1632980853319168,0.05840316414833069,0.9981620907783508
3ba4b0a9,32,501,0,0.0001,0.0001,128,10,,,,280,300,,280,20,1.0,softplus,poisson,1.0,0.21126672625541687,0.1632980853319168,0.05840316414833069,0.9981620907783508
5c1ddcd4,64,501,0,0.0001,0.0001,128,10,,,,280,300,,280,20,1.0,softplus,poisson,1.0,0.22110217809677124,0.11608348041772842,0.04875833913683891,0.9988471269607544
5c1ddcd4,64,501,0,0.0001,0.0001,128,10,,,,280,300,,280,20,1.0,softplus,poisson,1.0,0.22110217809677124,0.11608348041772842,0.04875833913683891,0.9988471269607544
86e40376,128,501,0,0.0001,0.0001,128,10,,,,280,300,,280,20,1.0,softplus,poisson,1.0,0.7914543151855469,0.6698855757713318,0.17217770218849182,0.9836652278900146
86e40376,128,501,0,0.0001,0.0001,128,10,,,,280,300,,280,20,1.0,softplus,poisson,1.0,0.7914543151855469,0.6698855757713318,0.17217770218849182,0.9836652278900146
306365d9,256,501,0,0.0001,0.0001,128,10,,,,280,300,,280,20,1.0,softplus,poisson,1.0,0.8328122496604919,0.8024126291275024,0.21178613603115082,0.9990918636322021
306365d9,256,501,0,0.0001,0.0001,128,10,,,,280,300,,280,20,1.0,softplus,poisson,1.0,0.8328122496604919,0.8024126291275024,0.21178613603115082,0.9990918636322021
9fe0af8f,512,501,0,0.0001,0.0001,128,10,,,,280,300,,280,20,1.0,softplus,poisson,1.0,0.7923994064331055,0.6724141836166382,0.18338535726070404,0.9988802671432495
9fe0af8f,512,501,0,0.0001,0.0001,128,10,,,,280,300,,280,20,1.0,softplus,poisson,1.0,0.7923994064331055,0.6724141836166382,0.18338535726070404,0.9988802671432495
