model_label,model_type,hash_value,reduced_dimension,is_true_model
node_2_0,node,0,2,False
node_2_0fbc1dba,node,0fbc1dba,2,False
node_2_5aeb895e,node,5aeb895e,2,False
node_2_17b7b1c2,node,17b7b1c2,2,False
node_2_0dba453e,node,0dba453e,2,False
node_2_7b73ff55,node,7b73ff55,2,False
node_2_bd004705,node,bd004705,2,False
node_2_c6b46acf,node,c6b46acf,2,False
node_2_096a437d,node,096a437d,2,False
node_2_fbf80095,node,fbf80095,2,False
node_2_ba6db52b,node,ba6db52b,2,False
node_2_2d0a93d1,node,2d0a93d1,2,False
node_2_655dff95,node,655dff95,2,False
node_2_9fc5a207,node,9fc5a207,2,False
node_2_7043f7cf,node,7043f7cf,2,False
node_2_4bf5646a,node,4bf5646a,2,False
node_2_0b6fac9c,node,0b6fac9c,2,False
node_2_fb24d9f8,node,fb24d9f8,2,False
node_2_c9445502,node,c9445502,2,False
node_2_26bbb2cc,node,26bbb2cc,2,False
node_2_5381e3f2,node,5381e3f2,2,False
node_2_707c0cca,node,707c0cca,2,False
node_2_df77dd6f,node,df77dd6f,2,False
node_2_3341a8ee,node,3341a8ee,2,False
node_2_d3a07ea8,node,d3a07ea8,2,False
node_2_6f4adc8d,node,6f4adc8d,2,False
node_2_2ac658f3,node,2ac658f3,2,False
node_2_9f1d7262,node,9f1d7262,2,False
node_2_224680b9,node,224680b9,2,False
node_2_429822ab,node,429822ab,2,False
node_2_3db18318,node,3db18318,2,False
node_2_a2252f81,node,a2252f81,2,False
node_2_beb680f1,node,beb680f1,2,False
node_2_f3135e0e,node,f3135e0e,2,False
node_2_92985aca,node,92985aca,2,False
node_2_f72b5ec1,node,f72b5ec1,2,False
node_2_f9d4a623,node,f9d4a623,2,False
node_2_d2134b59,node,d2134b59,2,False
node_2_3dcc0bde,node,3dcc0bde,2,False
node_2_cf88fd13,node,cf88fd13,2,False
node_2_64137f30,node,64137f30,2,False
node_2_8e46ce51,node,8e46ce51,2,False
node_2_a8626884,node,a8626884,2,False
node_2_de05d2bf,node,de05d2bf,2,False
node_2_ea333e5e,node,ea333e5e,2,False
node_2_f3657ba0,node,f3657ba0,2,False
node_2_332f2ac9,node,332f2ac9,2,False
node_2_ba82a6d1,node,ba82a6d1,2,False
node_2_8558d258,node,8558d258,2,False
node_2_ceb58bd8,node,ceb58bd8,2,False
node_2_8f69cfdc,node,8f69cfdc,2,False
node_2_62b9e2e9,node,62b9e2e9,2,False
node_2_309eb94c,node,309eb94c,2,False
node_2_d7001813,node,d7001813,2,False
node_2_6d63ae4a,node,6d63ae4a,2,False
node_2_7d511902,node,7d511902,2,False
node_2_0cc3384a,node,0cc3384a,2,False
node_2_398e186f,node,398e186f,2,False
node_2_01745b0e,node,01745b0e,2,False
node_2_5507ff92,node,5507ff92,2,False
node_2_6fabb7c5,node,6fabb7c5,2,False
node_2_c41cfd0f,node,c41cfd0f,2,False
node_2_a7380367,node,a7380367,2,False
node_2_662d3bc2,node,662d3bc2,2,False
node_2_ee6f4460,node,ee6f4460,2,False
node_2_49e261a4,node,49e261a4,2,False
node_2_1a17da42,node,1a17da42,2,False
node_2_d427903d,node,d427903d,2,False
node_2_7a31afc2,node,7a31afc2,2,False
node_2_a4d81a60,node,a4d81a60,2,False
node_2_106f9119,node,106f9119,2,False
node_2_2c321edb,node,2c321edb,2,False
node_2_188ab288,node,188ab288,2,False
gru_2_0,gru,0,2,False
gru_2_46cff600,gru,46cff600,2,False
gru_2_3c418561,gru,3c418561,2,False
gru_2_c75c4553,gru,c75c4553,2,False
gru_2_beb045e5,gru,beb045e5,2,False
gru_2_ccdb1b61,gru,ccdb1b61,2,False
gru_2_fb2a0050,gru,fb2a0050,2,False
gru_2_a90fc898,gru,a90fc898,2,False
gru_2_9c7ed973,gru,9c7ed973,2,False
gru_2_46cff600,gru,46cff600,2,False
gru_2_3c418561,gru,3c418561,2,False
gru_2_c75c4553,gru,c75c4553,2,False
gru_2_beb045e5,gru,beb045e5,2,False
gru_2_ccdb1b61,gru,ccdb1b61,2,False
gru_2_fb2a0050,gru,fb2a0050,2,False
gru_2_a90fc898,gru,a90fc898,2,False
gru_2_9c7ed973,gru,9c7ed973,2,False
gru_2_1252e030,gru,1252e030,2,False
gru_2_2108a045,gru,2108a045,2,False
gru_2_efe15f6a,gru,efe15f6a,2,False
gru_2_6113c2a1,gru,6113c2a1,2,False
gru_2_8f46fe6d,gru,8f46fe6d,2,False
gru_2_2ce0f713,gru,2ce0f713,2,False
gru_2_4abacb9e,gru,4abacb9e,2,False
gru_2_1d4cc959,gru,1d4cc959,2,False
gru_2_1c2b2641,gru,1c2b2641,2,False
gru_2_141ebfef,gru,141ebfef,2,False
gru_2_6cd9fb81,gru,6cd9fb81,2,False
gru_2_c89d03ff,gru,c89d03ff,2,False
gru_2_1c2b2641,gru,1c2b2641,2,False
gru_2_141ebfef,gru,141ebfef,2,False
gru_2_6cd9fb81,gru,6cd9fb81,2,False
gru_2_c89d03ff,gru,c89d03ff,2,False
gru_2_1252e030,gru,1252e030,2,False
gru_2_2108a045,gru,2108a045,2,False
gru_2_efe15f6a,gru,efe15f6a,2,False
gru_2_6113c2a1,gru,6113c2a1,2,False
gru_2_8f46fe6d,gru,8f46fe6d,2,False
gru_2_2ce0f713,gru,2ce0f713,2,False
gru_2_4abacb9e,gru,4abacb9e,2,False
gru_2_1d4cc959,gru,1d4cc959,2,False
gru_2_141ebfef,gru,141ebfef,2,False
gru_2_6cd9fb81,gru,6cd9fb81,2,False
gru_2_667d6c05,gru,667d6c05,2,False
gru_2_4a30d451,gru,4a30d451,2,False
gru_2_e60b5326,gru,e60b5326,2,False
gru_2_f561fd9e,gru,f561fd9e,2,False
gru_2_1221f4a0,gru,1221f4a0,2,False
gru_2_bb6d13e5,gru,bb6d13e5,2,False
gru_2_1bf19918,gru,1bf19918,2,False
gru_2_3aaf083a,gru,3aaf083a,2,False
gru_2_667d6c05,gru,667d6c05,2,False
gru_2_4a30d451,gru,4a30d451,2,False
gru_2_e60b5326,gru,e60b5326,2,False
gru_2_f561fd9e,gru,f561fd9e,2,False
gru_2_1221f4a0,gru,1221f4a0,2,False
gru_2_bb6d13e5,gru,bb6d13e5,2,False
gru_2_1bf19918,gru,1bf19918,2,False
gru_2_3aaf083a,gru,3aaf083a,2,False
gnode_2_0,gnode,0,2,False
gnode_2_bc117a87,gnode,bc117a87,2,False
gnode_2_9cc4086f,gnode,9cc4086f,2,False
gnode_2_17674d60,gnode,17674d60,2,False
gnode_2_1a48ba60,gnode,1a48ba60,2,False
gnode_2_9ece096c,gnode,9ece096c,2,False
gnode_2_44c5a780,gnode,44c5a780,2,False
gnode_2_b4f82c0b,gnode,b4f82c0b,2,False
gnode_2_7abbc004,gnode,7abbc004,2,False
gnode_2_dd3e2bf4,gnode,dd3e2bf4,2,False
gnode_2_f08b836b,gnode,f08b836b,2,False
gnode_2_04121e4c,gnode,04121e4c,2,False
gnode_2_e3ce27b6,gnode,e3ce27b6,2,False
gnode_2_caa67dc7,gnode,caa67dc7,2,False
gnode_2_488a7510,gnode,488a7510,2,False
gnode_2_63d789d4,gnode,63d789d4,2,False
gnode_2_65ff784b,gnode,65ff784b,2,False
gnode_2_b517bd66,gnode,b517bd66,2,False
gnode_2_5de5ff74,gnode,5de5ff74,2,False
gnode_2_4f494e9c,gnode,4f494e9c,2,False
gnode_2_0886bc04,gnode,0886bc04,2,False
gnode_2_27e32749,gnode,27e32749,2,False
gnode_2_15c2274e,gnode,15c2274e,2,False
gnode_2_8e24d1b7,gnode,8e24d1b7,2,False
gnode_2_3d1d193b,gnode,3d1d193b,2,False
gnode_2_6f68cc36,gnode,6f68cc36,2,False
gnode_2_7f66f908,gnode,7f66f908,2,False
gnode_2_d7c4a37a,gnode,d7c4a37a,2,False
gnode_2_c13a73bf,gnode,c13a73bf,2,False
gnode_2_d566470b,gnode,d566470b,2,False
gnode_2_d4dfdc16,gnode,d4dfdc16,2,False
gnode_2_53b7548a,gnode,53b7548a,2,False
gnode_2_932a575d,gnode,932a575d,2,False
gnode_2_c7a1b705,gnode,c7a1b705,2,False
gnode_2_d00662c5,gnode,d00662c5,2,False
gnode_2_99eb3cdc,gnode,99eb3cdc,2,False
gnode_2_3d41d2b1,gnode,3d41d2b1,2,False
fr_2_ecf08c3e,fr,ecf08c3e,2,False
fr_2_0346e5e1,fr,0346e5e1,2,False
fr_2_2456e958,fr,2456e958,2,False
fr_2_2fcbfe2e,fr,2fcbfe2e,2,False
fr_2_9123938b,fr,9123938b,2,False
fr_2_491f4d12,fr,491f4d12,2,False
fr_2_1cc9649b,fr,1cc9649b,2,False
fr_2_5d21cdb9,fr,5d21cdb9,2,False
fr_2_edd50266,fr,edd50266,2,False
fr_2_2bc7620c,fr,2bc7620c,2,False
fr_2_11705b7b,fr,11705b7b,2,False
fr_2_d74f44eb,fr,d74f44eb,2,False
fr_2_e9d58413,fr,e9d58413,2,False
fr_2_edd50266,fr,edd50266,2,False
fr_2_116e9443,fr,116e9443,2,False
fr_2_2bc7620c,fr,2bc7620c,2,False
fr_2_11705b7b,fr,11705b7b,2,False
fr_2_d18cfa2a,fr,d18cfa2a,2,False
fr_2_54b25375,fr,54b25375,2,False
fr_2_d74f44eb,fr,d74f44eb,2,False
fr_2_ecf08c3e,fr,ecf08c3e,2,False
fr_2_0346e5e1,fr,0346e5e1,2,False
fr_2_2456e958,fr,2456e958,2,False
fr_2_2fcbfe2e,fr,2fcbfe2e,2,False
fr_2_9123938b,fr,9123938b,2,False
fr_2_491f4d12,fr,491f4d12,2,False
fr_2_1cc9649b,fr,1cc9649b,2,False
fr_2_5d21cdb9,fr,5d21cdb9,2,False
fr_2_8f6f3eb3,fr,8f6f3eb3,2,False
fr_2_b76f7e9a,fr,b76f7e9a,2,False
fr_2_8b2cf091,fr,8b2cf091,2,False
fr_2_247fd6a4,fr,247fd6a4,2,False
fr_2_c729395b,fr,c729395b,2,False
fr_2_57b349b4,fr,57b349b4,2,False
fr_2_a6ea90b2,fr,a6ea90b2,2,False
fr_2_28c1a7de,fr,28c1a7de,2,False
fr_2_8f6f3eb3,fr,8f6f3eb3,2,False
fr_2_b76f7e9a,fr,b76f7e9a,2,False
fr_2_8b2cf091,fr,8b2cf091,2,False
fr_2_247fd6a4,fr,247fd6a4,2,False
fr_2_c729395b,fr,c729395b,2,False
fr_2_57b349b4,fr,57b349b4,2,False
fr_2_a6ea90b2,fr,a6ea90b2,2,False
fr_2_28c1a7de,fr,28c1a7de,2,False
fr_2_f1607a74,fr,f1607a74,2,False
fr_2_774d04ae,fr,774d04ae,2,False
fr_2_1ba2e4e7,fr,1ba2e4e7,2,False
fr_2_a144a155,fr,a144a155,2,False
fr_2_27ea651f,fr,27ea651f,2,False
fr_2_822fb8eb,fr,822fb8eb,2,False
fr_2_849e5565,fr,849e5565,2,False
fr_2_ff5116ad,fr,ff5116ad,2,False
fr_2_95e869f5,fr,95e869f5,2,False
fr_2_9cfa68af,fr,9cfa68af,2,False
fr_2_59aafcad,fr,59aafcad,2,False
fr_2_51898186,fr,51898186,2,False
fr_2_599d7410,fr,599d7410,2,False
fr_2_39ca03fc,fr,39ca03fc,2,False
fr_2_5e371ba8,fr,5e371ba8,2,False
fr_2_83df3de8,fr,83df3de8,2,False
fr_2_27ea651f,fr,27ea651f,2,False
fr_2_822fb8eb,fr,822fb8eb,2,False
fr_2_849e5565,fr,849e5565,2,False
fr_2_ff5116ad,fr,ff5116ad,2,False
fr_2_95e869f5,fr,95e869f5,2,False
fr_2_9cfa68af,fr,9cfa68af,2,False
fr_2_59aafcad,fr,59aafcad,2,False
fr_2_51898186,fr,51898186,2,False
fr_2_9fe0af8f,fr,9fe0af8f,2,False
fr_2_599d7410,fr,599d7410,2,False
fr_2_39ca03fc,fr,39ca03fc,2,False
fr_2_5e371ba8,fr,5e371ba8,2,False
fr_2_83df3de8,fr,83df3de8,2,False
fr_2_a50396c9,fr,a50396c9,2,False
fr_2_73cbffdb,fr,73cbffdb,2,False
fr_2_306365d9,fr,306365d9,2,False
