Model_Type,Model_Label,Hash_Value,DMD:0,DMD:1,Architecture,Latent_Size,Is_True_Model
node,node_2_0,0,0.27663762484181637,0.4027710944053678,node,2,False
node,node_2_0fbc1dba,0fbc1dba,-0.30463617914822483,-0.2957298061097549,node,2,False
node,node_2_5aeb895e,5aeb895e,0.04186452224892054,-0.42773300085486393,node,2,False
node,node_2_17b7b1c2,17b7b1c2,-0.29919426555764617,0.24861660620624554,node,2,False
node,node_2_0dba453e,0dba453e,0.39249883418390064,-0.04631407900694229,node,2,False
node,node_2_7b73ff55,7b73ff55,-0.24021250232373267,-0.18314879217854538,node,2,False
node,node_2_bd004705,bd004705,0.34589970381668855,-0.405449973719283,node,2,False
node,node_2_c6b46acf,c6b46acf,0.1573729707794269,0.4727855406893858,node,2,False
node,node_2_096a437d,096a437d,0.10468136842315558,-0.27726657642478253,node,2,False
node,node_2_fbf80095,fbf80095,-0.34828036559326536,-0.4031703773494676,node,2,False
node,node_2_ba6db52b,ba6db52b,0.392755315466646,-0.08680752904133471,node,2,False
node,node_2_2d0a93d1,2d0a93d1,0.3445350311348543,0.2974107351800318,node,2,False
node,node_2_655dff95,655dff95,-0.04653222272413189,0.23330589863646628,node,2,False
node,node_2_9fc5a207,9fc5a207,0.008756389042775469,-0.2733540808964645,node,2,False
node,node_2_7043f7cf,7043f7cf,-0.47558270436862754,0.13742090826004133,node,2,False
node,node_2_4bf5646a,4bf5646a,-0.08391947461448182,0.35602721123442627,node,2,False
node,node_2_0b6fac9c,0b6fac9c,0.20820315493250463,0.26512851739168486,node,2,False
node,node_2_fb24d9f8,fb24d9f8,-0.06198326825753569,-0.3698148476847852,node,2,False
node,node_2_c9445502,c9445502,0.22423664111409358,0.16987930118882358,node,2,False
node,node_2_26bbb2cc,26bbb2cc,-0.23238297325765003,-0.0014582110626436028,node,2,False
node,node_2_5381e3f2,5381e3f2,0.17575646814124596,0.3812868044018626,node,2,False
node,node_2_707c0cca,707c0cca,0.43051059183533086,-0.31696053358214404,node,2,False
node,node_2_df77dd6f,df77dd6f,-0.4852932494470082,-0.07697291824335803,node,2,False
node,node_2_3341a8ee,3341a8ee,-0.03229359609891855,-0.4010975607061113,node,2,False
node,node_2_d3a07ea8,d3a07ea8,-0.39237817420986915,0.01714639185713476,node,2,False
node,node_2_6f4adc8d,6f4adc8d,0.4883640622861967,0.10256585030492836,node,2,False
node,node_2_2ac658f3,2ac658f3,0.11275373787515558,-0.02962240391052222,node,2,False
node,node_2_9f1d7262,9f1d7262,-0.024764249465629884,0.020525268647103866,node,2,False
node,node_2_224680b9,224680b9,0.4775687931107328,0.1760313417274318,node,2,False
node,node_2_429822ab,429822ab,-0.2333032201277261,0.28400468998447204,node,2,False
node,node_2_3db18318,3db18318,-0.45382446409677396,0.12337074984106808,node,2,False
node,node_2_a2252f81,a2252f81,-0.3001439951450636,0.4358730392309852,node,2,False
node,node_2_beb680f1,beb680f1,0.3273729461047029,-0.12263348677572937,node,2,False
node,node_2_f3135e0e,f3135e0e,-0.05619817342238442,0.37820898541306974,node,2,False
node,node_2_92985aca,92985aca,-0.08101286783643902,-0.4536784265916201,node,2,False
node,node_2_f72b5ec1,f72b5ec1,0.4490349798092974,0.2527706026363141,node,2,False
node,node_2_f9d4a623,f9d4a623,-0.3939965430687268,-0.35387707522170925,node,2,False
node,node_2_d2134b59,d2134b59,0.18012240656923972,0.3295705737856921,node,2,False
node,node_2_3dcc0bde,3dcc0bde,0.34582481748146504,-0.436151030146549,node,2,False
node,node_2_cf88fd13,cf88fd13,-0.4518223540031121,-0.2597478302796964,node,2,False
node,node_2_64137f30,64137f30,0.4671250267764475,-0.13641520075873645,node,2,False
node,node_2_8e46ce51,8e46ce51,0.28378344874920236,0.3738227238000651,node,2,False
node,node_2_a8626884,a8626884,-0.37187214577320454,-0.4487011084887413,node,2,False
node,node_2_de05d2bf,de05d2bf,0.4067599659455202,-0.2663687583706576,node,2,False
node,node_2_ea333e5e,ea333e5e,0.07383580280782698,0.35456905952544104,node,2,False
node,node_2_f3657ba0,f3657ba0,0.31573569448472416,0.38073453797950585,node,2,False
node,node_2_332f2ac9,332f2ac9,0.24169858243557088,-0.4927180882245816,node,2,False
node,node_2_ba82a6d1,ba82a6d1,-0.23199265891778004,0.2857607265582785,node,2,False
node,node_2_8558d258,8558d258,0.4386072276586371,-0.17863794768525484,node,2,False
node,node_2_ceb58bd8,ceb58bd8,0.39730449593789696,0.2957425530206297,node,2,False
node,node_2_8f69cfdc,8f69cfdc,0.19439627567505421,0.4528681640725753,node,2,False
node,node_2_62b9e2e9,62b9e2e9,-0.19365866856996533,-0.1662701944686591,node,2,False
node,node_2_309eb94c,309eb94c,0.038440003736092125,0.06545683065002263,node,2,False
node,node_2_d7001813,d7001813,0.1552448115208789,-0.03794166080376213,node,2,False
node,node_2_6d63ae4a,6d63ae4a,-0.37093239335662126,0.22524246118582417,node,2,False
node,node_2_7d511902,7d511902,0.12487619635675329,0.2698945715211028,node,2,False
node,node_2_0cc3384a,0cc3384a,0.45428514365655437,-0.024585587489262106,node,2,False
node,node_2_398e186f,398e186f,0.4124716665157301,0.16261961122104632,node,2,False
node,node_2_01745b0e,01745b0e,-0.10733404389091583,0.18852417213731615,node,2,False
node,node_2_5507ff92,5507ff92,0.22256724586346205,-0.4758643445126841,node,2,False
node,node_2_6fabb7c5,6fabb7c5,-0.3225412409115037,-0.3800156570252082,node,2,False
node,node_2_c41cfd0f,c41cfd0f,-0.49225205843913716,-0.3081023324645125,node,2,False
node,node_2_a7380367,a7380367,0.006702667260454757,-0.3255514257419937,node,2,False
node,node_2_662d3bc2,662d3bc2,-0.4645140631749657,-0.20831516820471782,node,2,False
node,node_2_ee6f4460,ee6f4460,0.10251330004355846,0.1683962806836828,node,2,False
node,node_2_49e261a4,49e261a4,-0.4140809467294302,0.3603057296455698,node,2,False
node,node_2_1a17da42,1a17da42,0.42497809376092177,-0.2119626498139499,node,2,False
node,node_2_d427903d,d427903d,0.25753218149742013,-0.07566856873542047,node,2,False
node,node_2_7a31afc2,7a31afc2,-0.16513590932322902,0.28172974400386336,node,2,False
node,node_2_a4d81a60,a4d81a60,-0.06420780599665062,0.1511044983608636,node,2,False
node,node_2_106f9119,106f9119,-0.4694444995134285,0.22508469497576308,node,2,False
node,node_2_2c321edb,2c321edb,0.3155053393623414,-0.08803086865320335,node,2,False
node,node_2_188ab288,188ab288,-0.5022030143084539,0.26120989084063795,node,2,False
gru,gru_2_0,0,0.3154028715217479,-0.2922616870208836,gru,2,False
gru,gru_2_46cff600,46cff600,0.19260958183825097,-0.22377385936936783,gru,2,False
gru,gru_2_3c418561,3c418561,0.36650899571777723,0.18897495428192312,gru,2,False
gru,gru_2_c75c4553,c75c4553,-0.03132230233309462,0.4470719169629653,gru,2,False
gru,gru_2_beb045e5,beb045e5,-0.07961482563271448,-0.10211689051888669,gru,2,False
gru,gru_2_ccdb1b61,ccdb1b61,0.4867205976444168,0.0759628432318588,gru,2,False
gru,gru_2_fb2a0050,fb2a0050,0.44345531286120693,-0.0845686649683465,gru,2,False
gru,gru_2_a90fc898,a90fc898,-0.28753453636090043,-0.2548927183379606,gru,2,False
gru,gru_2_9c7ed973,9c7ed973,0.25301826410058637,-0.02488584213379286,gru,2,False
gru,gru_2_46cff600,46cff600,0.06119139247917206,0.49846039106591966,gru,2,False
gru,gru_2_3c418561,3c418561,-0.31468250915416673,-0.194046513101198,gru,2,False
gru,gru_2_c75c4553,c75c4553,-0.45579643275261583,0.22918732272771608,gru,2,False
gru,gru_2_beb045e5,beb045e5,0.05586751633175174,0.44911444458857935,gru,2,False
gru,gru_2_ccdb1b61,ccdb1b61,-0.20012884807681713,0.17001423870450016,gru,2,False
gru,gru_2_fb2a0050,fb2a0050,-0.460308424585202,-0.40723095122526937,gru,2,False
gru,gru_2_a90fc898,a90fc898,0.43660665617995026,-0.43738143112469996,gru,2,False
gru,gru_2_9c7ed973,9c7ed973,-0.3487875281493226,-0.30264762233252235,gru,2,False
gru,gru_2_1252e030,1252e030,0.48732982575578554,-0.062064567032975936,gru,2,False
gru,gru_2_2108a045,2108a045,-0.43778984936101895,-0.337824914776892,gru,2,False
gru,gru_2_efe15f6a,efe15f6a,0.08621029550063207,-0.22815119146819018,gru,2,False
gru,gru_2_6113c2a1,6113c2a1,0.403872235817013,0.09520103656942365,gru,2,False
gru,gru_2_8f46fe6d,8f46fe6d,-0.28078723966040947,-0.4604255457043256,gru,2,False
gru,gru_2_2ce0f713,2ce0f713,-0.4934506966623093,-0.11348167004388299,gru,2,False
gru,gru_2_4abacb9e,4abacb9e,0.42663552582683173,-0.13369657528633738,gru,2,False
gru,gru_2_1d4cc959,1d4cc959,-0.47741592991786824,0.41543225491412755,gru,2,False
gru,gru_2_1c2b2641,1c2b2641,-0.547879035569531,-0.13161071081601808,gru,2,False
gru,gru_2_141ebfef,141ebfef,-0.09071301644761558,0.3190811662388889,gru,2,False
gru,gru_2_6cd9fb81,6cd9fb81,-0.4005405829355014,-0.3592039534675384,gru,2,False
gru,gru_2_c89d03ff,c89d03ff,0.47011292848762726,-0.38458764687089475,gru,2,False
gru,gru_2_1c2b2641,1c2b2641,-0.4559879552837883,-0.43720356275730565,gru,2,False
gru,gru_2_141ebfef,141ebfef,0.2582627435091193,0.2491131616921902,gru,2,False
gru,gru_2_6cd9fb81,6cd9fb81,-0.2555596182645142,0.41562042590997744,gru,2,False
gru,gru_2_c89d03ff,c89d03ff,-0.15817415795522335,-0.27041538517780705,gru,2,False
gru,gru_2_1252e030,1252e030,0.12763910897745423,0.45692452315299625,gru,2,False
gru,gru_2_2108a045,2108a045,-0.1375908382234644,0.4694098790714066,gru,2,False
gru,gru_2_efe15f6a,efe15f6a,0.1297446332119088,-0.28903021545740265,gru,2,False
gru,gru_2_6113c2a1,6113c2a1,0.3414378432986693,-0.19802654504588388,gru,2,False
gru,gru_2_8f46fe6d,8f46fe6d,0.17527587759343266,0.4815041018052893,gru,2,False
gru,gru_2_2ce0f713,2ce0f713,-0.012788498221873796,-0.30052022348113566,gru,2,False
gru,gru_2_4abacb9e,4abacb9e,0.45427041658831974,-0.3629072450341833,gru,2,False
gru,gru_2_1d4cc959,1d4cc959,0.1727104028740481,0.05660973280603979,gru,2,False
gru,gru_2_141ebfef,141ebfef,-0.1234439444086824,0.4529140017875417,gru,2,False
gru,gru_2_6cd9fb81,6cd9fb81,-0.4847988966012701,-0.3157572763640448,gru,2,False
gru,gru_2_667d6c05,667d6c05,-0.11647246852064072,0.12631972492507104,gru,2,False
gru,gru_2_4a30d451,4a30d451,-0.2175981831205543,-0.14949302532958353,gru,2,False
gru,gru_2_e60b5326,e60b5326,0.28795746744553,-0.19690375918171732,gru,2,False
gru,gru_2_f561fd9e,f561fd9e,-0.4981185768401501,-0.287678212736057,gru,2,False
gru,gru_2_1221f4a0,1221f4a0,-0.2330011929045702,-0.5528335082792855,gru,2,False
gru,gru_2_bb6d13e5,bb6d13e5,-0.37631081740290695,0.4163318688664683,gru,2,False
gru,gru_2_1bf19918,1bf19918,-0.28848091080431215,0.2993181120679047,gru,2,False
gru,gru_2_3aaf083a,3aaf083a,0.15640957528683927,-0.37546261336111814,gru,2,False
gru,gru_2_667d6c05,667d6c05,0.12806857487465806,-0.4721052380990864,gru,2,False
gru,gru_2_4a30d451,4a30d451,0.5013998638124451,0.4137890216074832,gru,2,False
gru,gru_2_e60b5326,e60b5326,-0.058047288325171996,-0.5488486293102713,gru,2,False
gru,gru_2_f561fd9e,f561fd9e,-0.20827522079287397,0.29904484931869973,gru,2,False
gru,gru_2_1221f4a0,1221f4a0,-0.48568249178186956,0.2070531050444826,gru,2,False
gru,gru_2_bb6d13e5,bb6d13e5,-0.012734739803217553,0.5369597864183786,gru,2,False
gru,gru_2_1bf19918,1bf19918,0.4781600241470004,0.492028589048045,gru,2,False
gru,gru_2_3aaf083a,3aaf083a,0.10142717760435953,-0.3392952681677441,gru,2,False
gnode,gnode_2_0,0,-0.45117162570270103,0.012362137542282018,gnode,2,False
gnode,gnode_2_bc117a87,bc117a87,0.4439443239913491,-0.4527928988948558,gnode,2,False
gnode,gnode_2_9cc4086f,9cc4086f,-0.36697787776453716,-0.10253460924192463,gnode,2,False
gnode,gnode_2_17674d60,17674d60,0.41016262093797173,-0.3611883315697723,gnode,2,False
gnode,gnode_2_1a48ba60,1a48ba60,0.35993878191782014,0.5490525907904626,gnode,2,False
gnode,gnode_2_9ece096c,9ece096c,-0.4835129308646028,0.39264812899452733,gnode,2,False
gnode,gnode_2_44c5a780,44c5a780,-0.25703466653865065,-0.4397217824316206,gnode,2,False
gnode,gnode_2_b4f82c0b,b4f82c0b,-0.3882665650755322,0.4890237544162211,gnode,2,False
gnode,gnode_2_7abbc004,7abbc004,-0.4218918322649503,0.5375543082324037,gnode,2,False
gnode,gnode_2_dd3e2bf4,dd3e2bf4,0.5043318345164758,-0.10885679427406887,gnode,2,False
gnode,gnode_2_f08b836b,f08b836b,-0.5447088431139517,0.125050830717976,gnode,2,False
gnode,gnode_2_04121e4c,04121e4c,0.04054408861619851,-0.20015073080668022,gnode,2,False
gnode,gnode_2_e3ce27b6,e3ce27b6,0.14876653956949304,-0.5831404423999715,gnode,2,False
gnode,gnode_2_caa67dc7,caa67dc7,0.4567625748388475,0.2030978077446753,gnode,2,False
gnode,gnode_2_488a7510,488a7510,-0.11502104418743007,-0.06259181902818822,gnode,2,False
gnode,gnode_2_63d789d4,63d789d4,-0.01491129499900028,0.14355577862227759,gnode,2,False
gnode,gnode_2_65ff784b,65ff784b,0.602895810189774,0.1509639954758426,gnode,2,False
gnode,gnode_2_b517bd66,b517bd66,-0.4525948841480471,0.09273270392850703,gnode,2,False
gnode,gnode_2_5de5ff74,5de5ff74,0.5790373459251633,0.18707945269791215,gnode,2,False
gnode,gnode_2_4f494e9c,4f494e9c,-0.09566345440503271,0.28771250800273424,gnode,2,False
gnode,gnode_2_0886bc04,0886bc04,0.38520865832013634,-0.4154923857825102,gnode,2,False
gnode,gnode_2_27e32749,27e32749,0.22662358502587104,-0.48952831175867045,gnode,2,False
gnode,gnode_2_15c2274e,15c2274e,-0.13115383661628996,0.02063333244661994,gnode,2,False
gnode,gnode_2_8e24d1b7,8e24d1b7,0.20783778595487734,-0.2827576262180579,gnode,2,False
gnode,gnode_2_3d1d193b,3d1d193b,0.32718936660832637,0.050928472592257905,gnode,2,False
gnode,gnode_2_6f68cc36,6f68cc36,-0.32013739849035955,0.5827007282953287,gnode,2,False
gnode,gnode_2_7f66f908,7f66f908,0.15090086045515586,-0.4457865445651231,gnode,2,False
gnode,gnode_2_d7c4a37a,d7c4a37a,0.27512342977942883,-0.10156171198587258,gnode,2,False
gnode,gnode_2_c13a73bf,c13a73bf,-0.2669157793551446,-0.2397023254685073,gnode,2,False
gnode,gnode_2_d566470b,d566470b,-0.48021978136896487,-0.14537023523261675,gnode,2,False
gnode,gnode_2_d4dfdc16,d4dfdc16,-0.4423256012464906,0.47233532170240805,gnode,2,False
gnode,gnode_2_53b7548a,53b7548a,0.18126120130879408,-0.14282552920688157,gnode,2,False
gnode,gnode_2_932a575d,932a575d,-0.4268200024269566,-0.14767855753320633,gnode,2,False
gnode,gnode_2_c7a1b705,c7a1b705,-0.5407282609708396,0.3332276160805465,gnode,2,False
gnode,gnode_2_d00662c5,d00662c5,-0.2989356317753668,-0.225946354930966,gnode,2,False
gnode,gnode_2_99eb3cdc,99eb3cdc,-0.3560032825965422,-0.14679718140553405,gnode,2,False
gnode,gnode_2_3d41d2b1,3d41d2b1,-0.46653646865109677,-0.10812551106712741,gnode,2,False
fr,fr_2_ecf08c3e,ecf08c3e,-0.13237427472440208,-0.45364717342032157,fr,2,False
fr,fr_2_0346e5e1,0346e5e1,-0.36665465750409404,0.0928935645098565,fr,2,False
fr,fr_2_2456e958,2456e958,0.5574879828638714,0.5168389401462543,fr,2,False
fr,fr_2_2fcbfe2e,2fcbfe2e,-0.17602119877893616,0.4373100264389135,fr,2,False
fr,fr_2_9123938b,9123938b,0.21732301584088856,0.5472379981155638,fr,2,False
fr,fr_2_491f4d12,491f4d12,-0.26473917143492653,-0.31333088656443203,fr,2,False
fr,fr_2_1cc9649b,1cc9649b,0.12925560450280899,0.5348959627788333,fr,2,False
fr,fr_2_5d21cdb9,5d21cdb9,0.08846759290555256,0.5996079239969807,fr,2,False
fr,fr_2_edd50266,edd50266,0.3512456087303638,-0.41925354351321464,fr,2,False
fr,fr_2_2bc7620c,2bc7620c,0.42949230497136864,0.17404378025377296,fr,2,False
fr,fr_2_11705b7b,11705b7b,-0.18970190606304174,-0.0842277441572395,fr,2,False
fr,fr_2_d74f44eb,d74f44eb,0.1232710427101765,-0.5497223123279606,fr,2,False
fr,fr_2_e9d58413,e9d58413,-0.45652440433416686,-0.25196400558097637,fr,2,False
fr,fr_2_edd50266,edd50266,0.519947053785983,-0.14864378034476936,fr,2,False
fr,fr_2_116e9443,116e9443,-0.011040422089012788,-0.4178360087167653,fr,2,False
fr,fr_2_2bc7620c,2bc7620c,-0.45840654981611206,0.4100762860268881,fr,2,False
fr,fr_2_11705b7b,11705b7b,-0.009109974975489836,0.2752506710365948,fr,2,False
fr,fr_2_d18cfa2a,d18cfa2a,0.45653964441010014,-0.4246580237037428,fr,2,False
fr,fr_2_54b25375,54b25375,0.389714475557485,0.30218496628781716,fr,2,False
fr,fr_2_d74f44eb,d74f44eb,-0.05509501962052698,-0.247358643280792,fr,2,False
fr,fr_2_ecf08c3e,ecf08c3e,0.14109583257813954,0.4036111233976454,fr,2,False
fr,fr_2_0346e5e1,0346e5e1,0.07635004538109935,0.4363825578649185,fr,2,False
fr,fr_2_2456e958,2456e958,0.38528947185817075,-0.5530409330018791,fr,2,False
fr,fr_2_2fcbfe2e,2fcbfe2e,0.3900674091837552,-0.22016542328151517,fr,2,False
fr,fr_2_9123938b,9123938b,0.37417609604408375,-0.11691136880104228,fr,2,False
fr,fr_2_491f4d12,491f4d12,0.07146085933934347,0.49843168961751444,fr,2,False
fr,fr_2_1cc9649b,1cc9649b,-0.5240118254095415,0.18274451592782714,fr,2,False
fr,fr_2_5d21cdb9,5d21cdb9,0.4907238148196623,0.350307719169987,fr,2,False
fr,fr_2_8f6f3eb3,8f6f3eb3,0.3141749863641008,-0.060784495248731786,fr,2,False
fr,fr_2_b76f7e9a,b76f7e9a,-0.4625677936468358,-0.5550853072625066,fr,2,False
fr,fr_2_8b2cf091,8b2cf091,-0.09915264012412357,-0.36485347443920124,fr,2,False
fr,fr_2_247fd6a4,247fd6a4,-0.34908739351086665,0.24873198915711928,fr,2,False
fr,fr_2_c729395b,c729395b,-0.12847964905064047,-0.16168347059284224,fr,2,False
fr,fr_2_57b349b4,57b349b4,0.29260837132092815,-0.22755781398179012,fr,2,False
fr,fr_2_a6ea90b2,a6ea90b2,0.30364431055496083,0.5755358210344798,fr,2,False
fr,fr_2_28c1a7de,28c1a7de,0.17738956593446129,0.2801190881804307,fr,2,False
fr,fr_2_8f6f3eb3,8f6f3eb3,-0.25646953264823164,-0.26162488946788554,fr,2,False
fr,fr_2_b76f7e9a,b76f7e9a,-0.3600096397238349,0.47472285691928623,fr,2,False
fr,fr_2_8b2cf091,8b2cf091,-0.4225407063771494,-0.020138227222152152,fr,2,False
fr,fr_2_247fd6a4,247fd6a4,0.25835930729154577,-0.09841404360390509,fr,2,False
fr,fr_2_c729395b,c729395b,0.5597512037799242,0.2579740464944258,fr,2,False
fr,fr_2_57b349b4,57b349b4,0.03240570517087882,-0.5460941489504194,fr,2,False
fr,fr_2_a6ea90b2,a6ea90b2,-0.37895383162105345,-0.5552391892703177,fr,2,False
fr,fr_2_28c1a7de,28c1a7de,0.5164070274277713,0.4561725069448355,fr,2,False
fr,fr_2_f1607a74,f1607a74,-0.422525227638133,-0.5644359261459071,fr,2,False
fr,fr_2_774d04ae,774d04ae,-0.1352319945494695,0.0957191046500449,fr,2,False
fr,fr_2_1ba2e4e7,1ba2e4e7,0.3492585598328118,0.46059326144818896,fr,2,False
fr,fr_2_a144a155,a144a155,-0.4443291491672458,-0.2644950653238093,fr,2,False
fr,fr_2_27ea651f,27ea651f,-0.16652979655796377,-0.5469125199292364,fr,2,False
fr,fr_2_822fb8eb,822fb8eb,0.5653796246030495,0.2508917347337788,fr,2,False
fr,fr_2_849e5565,849e5565,0.10376607856950287,0.35387378858511814,fr,2,False
fr,fr_2_ff5116ad,ff5116ad,0.004005367726238079,-0.455191304586266,fr,2,False
fr,fr_2_95e869f5,95e869f5,-0.5457710590379715,0.07397229617031179,fr,2,False
fr,fr_2_9cfa68af,9cfa68af,-0.4970403332301672,0.4203557503620914,fr,2,False
fr,fr_2_59aafcad,59aafcad,-0.26208752013653813,-0.038022844723361045,fr,2,False
fr,fr_2_51898186,51898186,0.23872794328114097,0.6488043654819587,fr,2,False
fr,fr_2_599d7410,599d7410,0.6304191480843244,0.6465541343813497,fr,2,False
fr,fr_2_39ca03fc,39ca03fc,0.2471011509092971,-0.01413596372127638,fr,2,False
fr,fr_2_5e371ba8,5e371ba8,-0.4329953714339112,0.11763606356338643,fr,2,False
fr,fr_2_83df3de8,83df3de8,-0.12157932376030431,0.4679682019412819,fr,2,False
fr,fr_2_27ea651f,27ea651f,-0.3352717519411803,-0.3835919030262227,fr,2,False
fr,fr_2_822fb8eb,822fb8eb,-0.24372892384858952,-0.6101163338002868,fr,2,False
fr,fr_2_849e5565,849e5565,-0.004847450808300754,0.281928347500287,fr,2,False
fr,fr_2_ff5116ad,ff5116ad,0.25092192624238707,-0.16550345168944125,fr,2,False
fr,fr_2_95e869f5,95e869f5,-0.1945506927881186,0.6652015928261741,fr,2,False
fr,fr_2_9cfa68af,9cfa68af,-0.42790809822383036,0.6064696228169295,fr,2,False
fr,fr_2_59aafcad,59aafcad,-0.506533538690429,0.09300452072011905,fr,2,False
fr,fr_2_51898186,51898186,-0.35494357223352946,-0.4577997917154072,fr,2,False
fr,fr_2_9fe0af8f,9fe0af8f,0.5269110953024524,0.47692071976880857,fr,2,False
fr,fr_2_599d7410,599d7410,-0.13658536796180543,-0.47058782540916144,fr,2,False
fr,fr_2_39ca03fc,39ca03fc,0.4424191024721184,0.18213269382310748,fr,2,False
fr,fr_2_5e371ba8,5e371ba8,-0.4522540438174409,0.31483461760691456,fr,2,False
fr,fr_2_83df3de8,83df3de8,0.30888731808365033,-0.4084028604733824,fr,2,False
fr,fr_2_a50396c9,a50396c9,0.4931130595765394,-0.1284162519602351,fr,2,False
fr,fr_2_73cbffdb,73cbffdb,-0.12607347661416443,-0.3066641363259711,fr,2,False
fr,fr_2_306365d9,306365d9,0.6629432011820706,-0.24238147724456205,fr,2,False
