hashname,model,_latent_size,_max_epochs,_seed,_lr,_weight_decay,_encoder_size,_file_index,_output_nonlinearity,_heldin_size,_heldout_size,_n_heldin,_n_heldout,_fr_scaling,_rect_func,_obs_noise,_dispersion,_alpha,_vf_hidden_size,_vf_num_layers,state_r2,rate_r2,co-bps,cycle_con
a6ea90b2,fr,512,500,0,0.0001,0.0001,128,5,torch.nn.functional.softplus,250,300,250,50,1.0,softplus,poisson,1.0,,,,0.8040666580200195,0.5693206191062927,0.1160882860422134,0.9987475872039796
f49d0127,fr,128,500,0,0.0001,0.0001,128,5,torch.nn.functional.softplus,250,300,250,50,1.0,softplus,poisson,1.0,,,,0.8064892888069153,0.4309090077877044,0.0850621238350868,0.9981899857521056
7314c24b,fr,32,500,0,0.0001,0.0001,128,5,,250,300,250,50,1.0,softplus,poisson,1.0,,,,0.9255710244178772,0.5674997568130493,0.1132017001509666,0.9985395669937134
341766fc,fr,32,500,0,0.0001,0.0001,128,5,torch.nn.functional.softplus,250,300,250,50,1.0,softplus,poisson,1.0,,,,0.9255114197731018,0.5678228735923767,0.1133063286542892,0.9985511302947998
c631a64c,fr,64,500,0,0.0001,0.0001,128,5,torch.nn.functional.softplus,250,300,250,50,1.0,softplus,poisson,1.0,,,,0.866729199886322,0.3746554851531982,0.074505366384983,0.9965750575065612
b76f7e9a,fr,256,500,0,0.0001,0.0001,128,5,torch.nn.functional.softplus,250,300,250,50,1.0,softplus,poisson,1.0,,,,0.7884659171104431,0.5142686367034912,0.1046444103121757,0.9981154203414916
341766fc,fr,32,500,0,0.0001,0.0001,128,5,torch.nn.functional.softplus,250,300,250,50,1.0,softplus,poisson,1.0,,,,0.9255114197731018,0.5678228735923767,0.1133063286542892,0.9985511302947998
b76f7e9a,fr,256,500,0,0.0001,0.0001,128,5,torch.nn.functional.softplus,250,300,250,50,1.0,softplus,poisson,1.0,,,,0.7884659171104431,0.5142686367034912,0.1046444103121757,0.9981154203414916
a6ea90b2,fr,512,500,0,0.0001,0.0001,128,5,torch.nn.functional.softplus,250,300,250,50,1.0,softplus,poisson,1.0,,,,0.8040666580200195,0.5693206191062927,0.1160882860422134,0.9987475872039796
c631a64c,fr,64,500,0,0.0001,0.0001,128,5,torch.nn.functional.softplus,250,300,250,50,1.0,softplus,poisson,1.0,,,,0.866729199886322,0.3746554851531982,0.074505366384983,0.9965750575065612
f49d0127,fr,128,500,0,0.0001,0.0001,128,5,torch.nn.functional.softplus,250,300,250,50,1.0,softplus,poisson,1.0,,,,0.8064892888069153,0.4309090077877044,0.0850621238350868,0.9981899857521056
7314c24b,fr,32,500,0,0.0001,0.0001,128,5,,250,300,250,50,1.0,softplus,poisson,1.0,,,,0.9255710244178772,0.5674997568130493,0.1132017001509666,0.9985395669937134
a058d181,fr,128,500,0,0.0001,0.0001,128,5,,250,300,250,50,1.0,softplus,poisson,1.0,,,,0.8075908422470093,0.4308691918849945,0.085063025355339,0.9981891512870787
945575ce,fr,64,500,0,0.0001,0.0001,128,5,,250,300,250,50,1.0,softplus,poisson,1.0,,,,0.8632076382637024,0.374398410320282,0.074447214603424,0.9965786933898926
a058d181,fr,128,500,0,0.0001,0.0001,128,5,,250,300,250,50,1.0,softplus,poisson,1.0,,,,0.8075908422470093,0.4308691918849945,0.085063025355339,0.9981891512870787
945575ce,fr,64,500,0,0.0001,0.0001,128,5,,250,300,250,50,1.0,softplus,poisson,1.0,,,,0.8632076382637024,0.374398410320282,0.074447214603424,0.9965786933898926
c729395b,fr,256,500,0,0.0001,0.0001,128,5,,250,300,250,50,1.0,softplus,poisson,1.0,,,,0.7883650064468384,0.5159197449684143,0.1048976480960846,0.9981197714805604
c729395b,fr,256,500,0,0.0001,0.0001,128,5,,250,300,250,50,1.0,softplus,poisson,1.0,,,,0.7883650064468384,0.5159197449684143,0.1048976480960846,0.9981197714805604
e3b78345,fr,32,501,0,0.0001,0.0001,128,5,torch.nn.functional.softplus,250,300,250,50,1.0,softplus,poisson,1.0,,,,0.9064145684242249,0.5608255863189697,0.1117350757122039,0.998613715171814
e3b78345,fr,32,501,0,0.0001,0.0001,128,5,torch.nn.functional.softplus,250,300,250,50,1.0,softplus,poisson,1.0,,,,0.9064145684242249,0.5608255863189697,0.1117350757122039,0.998613715171814
57b349b4,fr,512,500,0,0.0001,0.0001,128,5,,250,300,250,50,1.0,softplus,poisson,1.0,,,,0.8047273755073547,0.5693754553794861,0.1161010339856147,0.9987469911575316
57b349b4,fr,512,500,0,0.0001,0.0001,128,5,,250,300,250,50,1.0,softplus,poisson,1.0,,,,0.8047273755073547,0.5693754553794861,0.1161010339856147,0.9987469911575316
99e827ab,fr,64,501,0,0.0001,0.0001,128,5,torch.nn.functional.softplus,250,300,250,50,1.0,softplus,poisson,1.0,,,,0.8624496459960938,0.373508870601654,0.0742799490690231,0.9965872764587402
99e827ab,fr,64,501,0,0.0001,0.0001,128,5,torch.nn.functional.softplus,250,300,250,50,1.0,softplus,poisson,1.0,,,,0.8624496459960938,0.373508870601654,0.0742799490690231,0.9965872764587402
55fe4874,fr,128,501,0,0.0001,0.0001,128,5,torch.nn.functional.softplus,250,300,250,50,1.0,softplus,poisson,1.0,,,,0.8210737705230713,0.4283558130264282,0.0845316126942634,0.9981306195259094
55fe4874,fr,128,501,0,0.0001,0.0001,128,5,torch.nn.functional.softplus,250,300,250,50,1.0,softplus,poisson,1.0,,,,0.8210737705230713,0.4283558130264282,0.0845316126942634,0.9981306195259094
8b2cf091,fr,256,501,0,0.0001,0.0001,128,5,torch.nn.functional.softplus,250,300,250,50,1.0,softplus,poisson,1.0,,,,0.7827454209327698,0.5049330592155457,0.1028339192271232,0.9981002807617188
8b2cf091,fr,256,501,0,0.0001,0.0001,128,5,torch.nn.functional.softplus,250,300,250,50,1.0,softplus,poisson,1.0,,,,0.7827454209327698,0.5049330592155457,0.1028339192271232,0.9981002807617188
28c1a7de,fr,512,501,0,0.0001,0.0001,128,5,torch.nn.functional.softplus,250,300,250,50,1.0,softplus,poisson,1.0,,,,0.7927549481391907,0.5727640390396118,0.1168874725699424,0.9988060593605042
28c1a7de,fr,512,501,0,0.0001,0.0001,128,5,torch.nn.functional.softplus,250,300,250,50,1.0,softplus,poisson,1.0,,,,0.7927549481391907,0.5727640390396118,0.1168874725699424,0.9988060593605042
7cb6f585,fr,32,501,0,0.0001,0.0001,128,5,,250,300,250,50,1.0,softplus,poisson,1.0,,,,0.900898575782776,0.5585504174232483,0.1112661212682724,0.9986237287521362
7cb6f585,fr,32,501,0,0.0001,0.0001,128,5,,250,300,250,50,1.0,softplus,poisson,1.0,,,,0.900898575782776,0.5585504174232483,0.1112661212682724,0.9986237287521362
ff61b4da,fr,64,501,0,0.0001,0.0001,128,5,,250,300,250,50,1.0,softplus,poisson,1.0,,,,0.8647246360778809,0.3739754259586334,0.0743675306439399,0.9965751767158508
ff61b4da,fr,64,501,0,0.0001,0.0001,128,5,,250,300,250,50,1.0,softplus,poisson,1.0,,,,0.8647246360778809,0.3739754259586334,0.0743675306439399,0.9965751767158508
c16d6269,fr,128,501,0,0.0001,0.0001,128,5,,250,300,250,50,1.0,softplus,poisson,1.0,,,,0.822615921497345,0.428776204586029,0.0846010744571685,0.998130202293396
c16d6269,fr,128,501,0,0.0001,0.0001,128,5,,250,300,250,50,1.0,softplus,poisson,1.0,,,,0.822615921497345,0.428776204586029,0.0846010744571685,0.998130202293396
247fd6a4,fr,256,501,0,0.0001,0.0001,128,5,,250,300,250,50,1.0,softplus,poisson,1.0,,,,0.7825698852539062,0.506260335445404,0.1030492857098579,0.9981053471565248
247fd6a4,fr,256,501,0,0.0001,0.0001,128,5,,250,300,250,50,1.0,softplus,poisson,1.0,,,,0.7825698852539062,0.506260335445404,0.1030492857098579,0.9981053471565248
8f6f3eb3,fr,512,501,0,0.0001,0.0001,128,5,,250,300,250,50,1.0,softplus,poisson,1.0,,,,0.7903487086296082,0.572276771068573,0.1167745888233184,0.9988067746162416
8f6f3eb3,fr,512,501,0,0.0001,0.0001,128,5,,250,300,250,50,1.0,softplus,poisson,1.0,,,,0.7903487086296082,0.572276771068573,0.1167745888233184,0.9988067746162416
81cf122c,gnode,64,500,0,0.002,0.0,128,5,torch.nn.functional.softplus,280,300,280,20,1.0,softplus,poisson,1.0,0.1,64.0,3.0,0.8427779674530029,0.991264581680298,0.2259909063577652,0.8416082262992859
a701dc07,gnode,32,500,0,0.002,0.0,128,5,torch.nn.functional.softplus,280,300,280,20,1.0,softplus,poisson,1.0,0.1,64.0,3.0,0.9729240536689758,0.9930098056793212,0.2262798994779586,0.9794315695762634
e6275718,gnode,10,500,0,0.002,0.0,128,5,torch.nn.functional.softplus,280,300,280,20,1.0,softplus,poisson,1.0,0.1,64.0,3.0,0.9971912503242492,0.9920130968093872,0.2260047197341919,0.9992515444755554
488a7510,gnode,3,500,0,0.002,0.0,128,5,torch.nn.functional.softplus,280,300,280,20,1.0,softplus,poisson,1.0,0.1,64.0,3.0,0.9983063340187072,0.9864235520362854,0.2244513034820556,1.0
63d789d4,gnode,2,500,0,0.002,0.0,128,5,torch.nn.functional.softplus,280,300,280,20,1.0,softplus,poisson,1.0,0.1,64.0,3.0,0.9963787198066713,0.966108739376068,0.2210210263729095,1.0
bbdaadc8,gnode,5,500,0,0.002,0.0,128,5,torch.nn.functional.softplus,280,300,280,20,1.0,softplus,poisson,1.0,0.1,64.0,3.0,0.9977960586547852,0.9881276488304138,0.225013330578804,0.9986145496368408
e6275718,gnode,10,500,0,0.002,0.0,128,5,torch.nn.functional.softplus,280,300,280,20,1.0,softplus,poisson,1.0,0.1,64.0,3.0,0.9971912503242492,0.9920130968093872,0.2260047197341919,0.9992515444755554
bbdaadc8,gnode,5,500,0,0.002,0.0,128,5,torch.nn.functional.softplus,280,300,280,20,1.0,softplus,poisson,1.0,0.1,64.0,3.0,0.9977960586547852,0.9881276488304138,0.225013330578804,0.9986145496368408
81cf122c,gnode,64,500,0,0.002,0.0,128,5,torch.nn.functional.softplus,280,300,280,20,1.0,softplus,poisson,1.0,0.1,64.0,3.0,0.8427779674530029,0.991264581680298,0.2259909063577652,0.8416082262992859
63d789d4,gnode,2,500,0,0.002,0.0,128,5,torch.nn.functional.softplus,280,300,280,20,1.0,softplus,poisson,1.0,0.1,64.0,3.0,0.9963787198066713,0.966108739376068,0.2210210263729095,1.0
a701dc07,gnode,32,500,0,0.002,0.0,128,5,torch.nn.functional.softplus,280,300,280,20,1.0,softplus,poisson,1.0,0.1,64.0,3.0,0.9729240536689758,0.9930098056793212,0.2262798994779586,0.9794315695762634
488a7510,gnode,3,500,0,0.002,0.0,128,5,torch.nn.functional.softplus,280,300,280,20,1.0,softplus,poisson,1.0,0.1,64.0,3.0,0.9983063340187072,0.9864235520362854,0.2244513034820556,1.0
caa67dc7,gnode,3,501,0,0.002,0.0,128,5,torch.nn.functional.softplus,280,300,280,20,1.0,softplus,poisson,1.0,0.1,64.0,3.0,0.998537540435791,0.9856546521186828,0.2244904339313507,1.0
65ff784b,gnode,2,501,0,0.002,0.0,128,5,torch.nn.functional.softplus,280,300,280,20,1.0,softplus,poisson,1.0,0.1,64.0,3.0,0.9956635236740112,0.9663193225860596,0.2208364903926849,1.0
04f118b3,gnode,5,501,0,0.002,0.0,128,5,torch.nn.functional.softplus,280,300,280,20,1.0,softplus,poisson,1.0,0.1,64.0,3.0,0.998073160648346,0.9895228743553162,0.2252648174762725,0.9986547231674194
65ff784b,gnode,2,501,0,0.002,0.0,128,5,torch.nn.functional.softplus,280,300,280,20,1.0,softplus,poisson,1.0,0.1,64.0,3.0,0.9956635236740112,0.9663193225860596,0.2208364903926849,1.0
04f118b3,gnode,5,501,0,0.002,0.0,128,5,torch.nn.functional.softplus,280,300,280,20,1.0,softplus,poisson,1.0,0.1,64.0,3.0,0.998073160648346,0.9895228743553162,0.2252648174762725,0.9986547231674194
caa67dc7,gnode,3,501,0,0.002,0.0,128,5,torch.nn.functional.softplus,280,300,280,20,1.0,softplus,poisson,1.0,0.1,64.0,3.0,0.998537540435791,0.9856546521186828,0.2244904339313507,1.0
4ac7f7e5,gnode,32,501,0,0.002,0.0,128,5,torch.nn.functional.softplus,280,300,280,20,1.0,softplus,poisson,1.0,0.1,64.0,3.0,0.9751585721969604,0.9924088716506958,0.2262694686651229,0.9819700717926024
5203707a,gnode,10,501,0,0.002,0.0,128,5,torch.nn.functional.softplus,280,300,280,20,1.0,softplus,poisson,1.0,0.1,64.0,3.0,0.9971448183059692,0.9933356642723083,0.2261310815811157,0.998367428779602
fb18738e,gnode,64,501,0,0.002,0.0,128,5,torch.nn.functional.softplus,280,300,280,20,1.0,softplus,poisson,1.0,0.1,64.0,3.0,0.8435924053192139,0.991338312625885,0.2259804755449295,0.8427585363388062
5203707a,gnode,10,501,0,0.002,0.0,128,5,torch.nn.functional.softplus,280,300,280,20,1.0,softplus,poisson,1.0,0.1,64.0,3.0,0.9971448183059692,0.9933356642723083,0.2261310815811157,0.998367428779602
fb18738e,gnode,64,501,0,0.002,0.0,128,5,torch.nn.functional.softplus,280,300,280,20,1.0,softplus,poisson,1.0,0.1,64.0,3.0,0.8435924053192139,0.991338312625885,0.2259804755449295,0.8427585363388062
4ac7f7e5,gnode,32,501,0,0.002,0.0,128,5,torch.nn.functional.softplus,280,300,280,20,1.0,softplus,poisson,1.0,0.1,64.0,3.0,0.9751585721969604,0.9924088716506958,0.2262694686651229,0.9819700717926024
488a7510,gnode,3,500,0,0.002,0.0,128,5,torch.nn.functional.softplus,280,300,280,20,1.0,softplus,poisson,1.0,0.1,64.0,3.0,0.9983063340187072,0.9864235520362854,0.2244513034820556,1.0
81cf122c,gnode,64,500,0,0.002,0.0,128,5,torch.nn.functional.softplus,280,300,280,20,1.0,softplus,poisson,1.0,0.1,64.0,3.0,0.8427779674530029,0.991264581680298,0.2259909063577652,0.8416082262992859
bbdaadc8,gnode,5,500,0,0.002,0.0,128,5,torch.nn.functional.softplus,280,300,280,20,1.0,softplus,poisson,1.0,0.1,64.0,3.0,0.9977960586547852,0.9881276488304138,0.225013330578804,0.9986145496368408
63d789d4,gnode,2,500,0,0.002,0.0,128,5,torch.nn.functional.softplus,280,300,280,20,1.0,softplus,poisson,1.0,0.1,64.0,3.0,0.9963787198066713,0.966108739376068,0.2210210263729095,1.0
e6275718,gnode,10,500,0,0.002,0.0,128,5,torch.nn.functional.softplus,280,300,280,20,1.0,softplus,poisson,1.0,0.1,64.0,3.0,0.9971912503242492,0.9920130968093872,0.2260047197341919,0.9992515444755554
a701dc07,gnode,32,500,0,0.002,0.0,128,5,torch.nn.functional.softplus,280,300,280,20,1.0,softplus,poisson,1.0,0.1,64.0,3.0,0.9729240536689758,0.9930098056793212,0.2262798994779586,0.9794315695762634
e6275718,gnode,10,500,0,0.002,0.0,128,5,torch.nn.functional.softplus,280,300,280,20,1.0,softplus,poisson,1.0,0.1,64.0,3.0,0.9971912503242492,0.9920130968093872,0.2260047197341919,0.9992515444755554
81cf122c,gnode,64,500,0,0.002,0.0,128,5,torch.nn.functional.softplus,280,300,280,20,1.0,softplus,poisson,1.0,0.1,64.0,3.0,0.8427779674530029,0.991264581680298,0.2259909063577652,0.8416082262992859
488a7510,gnode,3,500,0,0.002,0.0,128,5,torch.nn.functional.softplus,280,300,280,20,1.0,softplus,poisson,1.0,0.1,64.0,3.0,0.9983063340187072,0.9864235520362854,0.2244513034820556,1.0
63d789d4,gnode,2,500,0,0.002,0.0,128,5,torch.nn.functional.softplus,280,300,280,20,1.0,softplus,poisson,1.0,0.1,64.0,3.0,0.9963787198066713,0.966108739376068,0.2210210263729095,1.0
bbdaadc8,gnode,5,500,0,0.002,0.0,128,5,torch.nn.functional.softplus,280,300,280,20,1.0,softplus,poisson,1.0,0.1,64.0,3.0,0.9977960586547852,0.9881276488304138,0.225013330578804,0.9986145496368408
a701dc07,gnode,32,500,0,0.002,0.0,128,5,torch.nn.functional.softplus,280,300,280,20,1.0,softplus,poisson,1.0,0.1,64.0,3.0,0.9729240536689758,0.9930098056793212,0.2262798994779586,0.9794315695762634
65ff784b,gnode,2,501,0,0.002,0.0,128,5,torch.nn.functional.softplus,280,300,280,20,1.0,softplus,poisson,1.0,0.1,64.0,3.0,0.9956635236740112,0.9663193225860596,0.2208364903926849,1.0
caa67dc7,gnode,3,501,0,0.002,0.0,128,5,torch.nn.functional.softplus,280,300,280,20,1.0,softplus,poisson,1.0,0.1,64.0,3.0,0.998537540435791,0.9856546521186828,0.2244904339313507,1.0
65ff784b,gnode,2,501,0,0.002,0.0,128,5,torch.nn.functional.softplus,280,300,280,20,1.0,softplus,poisson,1.0,0.1,64.0,3.0,0.9956635236740112,0.9663193225860596,0.2208364903926849,1.0
caa67dc7,gnode,3,501,0,0.002,0.0,128,5,torch.nn.functional.softplus,280,300,280,20,1.0,softplus,poisson,1.0,0.1,64.0,3.0,0.998537540435791,0.9856546521186828,0.2244904339313507,1.0
04f118b3,gnode,5,501,0,0.002,0.0,128,5,torch.nn.functional.softplus,280,300,280,20,1.0,softplus,poisson,1.0,0.1,64.0,3.0,0.998073160648346,0.9895228743553162,0.2252648174762725,0.9986547231674194
5203707a,gnode,10,501,0,0.002,0.0,128,5,torch.nn.functional.softplus,280,300,280,20,1.0,softplus,poisson,1.0,0.1,64.0,3.0,0.9971448183059692,0.9933356642723083,0.2261310815811157,0.998367428779602
04f118b3,gnode,5,501,0,0.002,0.0,128,5,torch.nn.functional.softplus,280,300,280,20,1.0,softplus,poisson,1.0,0.1,64.0,3.0,0.998073160648346,0.9895228743553162,0.2252648174762725,0.9986547231674194
5203707a,gnode,10,501,0,0.002,0.0,128,5,torch.nn.functional.softplus,280,300,280,20,1.0,softplus,poisson,1.0,0.1,64.0,3.0,0.9971448183059692,0.9933356642723083,0.2261310815811157,0.998367428779602
4ac7f7e5,gnode,32,501,0,0.002,0.0,128,5,torch.nn.functional.softplus,280,300,280,20,1.0,softplus,poisson,1.0,0.1,64.0,3.0,0.9751585721969604,0.9924088716506958,0.2262694686651229,0.9819700717926024
4ac7f7e5,gnode,32,501,0,0.002,0.0,128,5,torch.nn.functional.softplus,280,300,280,20,1.0,softplus,poisson,1.0,0.1,64.0,3.0,0.9751585721969604,0.9924088716506958,0.2262694686651229,0.9819700717926024
fb18738e,gnode,64,501,0,0.002,0.0,128,5,torch.nn.functional.softplus,280,300,280,20,1.0,softplus,poisson,1.0,0.1,64.0,3.0,0.8435924053192139,0.991338312625885,0.2259804755449295,0.8427585363388062
fb18738e,gnode,64,501,0,0.002,0.0,128,5,torch.nn.functional.softplus,280,300,280,20,1.0,softplus,poisson,1.0,0.1,64.0,3.0,0.8435924053192139,0.991338312625885,0.2259804755449295,0.8427585363388062
b67d9926,gru,64,500,0,0.0001,0.0001,128,5,torch.nn.functional.softplus,200,300,200,100,1.0,softplus,poisson,1.0,,,,0.7905879616737366,0.4118238389492035,0.0839697644114494,0.997506320476532
8b95b1f5,gru,32,500,0,0.0001,0.0001,128,5,,200,300,200,100,1.0,softplus,poisson,1.0,,,,0.902965009212494,0.7898401021957397,0.1653398275375366,0.9987745881080629
efe15f6a,gru,256,500,0,0.0001,0.0001,128,5,torch.nn.functional.softplus,200,300,200,100,1.0,softplus,poisson,1.0,,,,0.7048625946044922,0.4767059683799743,0.1011343523859977,0.9946269989013672
4abacb9e,gru,512,500,0,0.0001,0.0001,128,5,torch.nn.functional.softplus,200,300,200,100,1.0,softplus,poisson,1.0,,,,0.8218726515769958,0.6727588176727295,0.1445925235748291,0.9993359446525574
25da195e,gru,128,500,0,0.0001,0.0001,128,5,torch.nn.functional.softplus,200,300,200,100,1.0,softplus,poisson,1.0,,,,0.8226228356361389,0.6317758560180664,0.1323979794979095,0.9922075867652892
b67d9926,gru,64,500,0,0.0001,0.0001,128,5,torch.nn.functional.softplus,200,300,200,100,1.0,softplus,poisson,1.0,,,,0.7905879616737366,0.4118238389492035,0.0839697644114494,0.997506320476532
8b95b1f5,gru,32,500,0,0.0001,0.0001,128,5,,200,300,200,100,1.0,softplus,poisson,1.0,,,,0.902965009212494,0.7898401021957397,0.1653398275375366,0.9987745881080629
efe15f6a,gru,256,500,0,0.0001,0.0001,128,5,torch.nn.functional.softplus,200,300,200,100,1.0,softplus,poisson,1.0,,,,0.7048625946044922,0.4767059683799743,0.1011343523859977,0.9946269989013672
80a77dd3,gru,32,500,0,0.0001,0.0001,128,5,torch.nn.functional.softplus,200,300,200,100,1.0,softplus,poisson,1.0,,,,0.9028757214546204,0.7898921370506287,0.1652540564537048,0.9987804293632508
4abacb9e,gru,512,500,0,0.0001,0.0001,128,5,torch.nn.functional.softplus,200,300,200,100,1.0,softplus,poisson,1.0,,,,0.8218726515769958,0.6727588176727295,0.1445925235748291,0.9993359446525574
25da195e,gru,128,500,0,0.0001,0.0001,128,5,torch.nn.functional.softplus,200,300,200,100,1.0,softplus,poisson,1.0,,,,0.8226228356361389,0.6317758560180664,0.1323979794979095,0.9922075867652892
80a77dd3,gru,32,500,0,0.0001,0.0001,128,5,torch.nn.functional.softplus,200,300,200,100,1.0,softplus,poisson,1.0,,,,0.9028757214546204,0.7898921370506287,0.1652540564537048,0.9987804293632508
01743df6,gru,64,500,0,0.0001,0.0001,128,5,,200,300,200,100,1.0,softplus,poisson,1.0,,,,0.7931154370307922,0.412758320569992,0.0841578319668769,0.9975075721740724
01743df6,gru,64,500,0,0.0001,0.0001,128,5,,200,300,200,100,1.0,softplus,poisson,1.0,,,,0.7931154370307922,0.412758320569992,0.0841578319668769,0.9975075721740724
34218555,gru,128,500,0,0.0001,0.0001,128,5,,200,300,200,100,1.0,softplus,poisson,1.0,,,,0.8223255276679993,0.63107830286026,0.1322784721851349,0.9922210574150084
34218555,gru,128,500,0,0.0001,0.0001,128,5,,200,300,200,100,1.0,softplus,poisson,1.0,,,,0.8223255276679993,0.63107830286026,0.1322784721851349,0.9922210574150084
2108a045,gru,256,500,0,0.0001,0.0001,128,5,,200,300,200,100,1.0,softplus,poisson,1.0,,,,0.7038118839263916,0.4742330908775329,0.1007255613803863,0.9946427941322328
2108a045,gru,256,500,0,0.0001,0.0001,128,5,,200,300,200,100,1.0,softplus,poisson,1.0,,,,0.7038118839263916,0.4742330908775329,0.1007255613803863,0.9946427941322328
1d4cc959,gru,512,500,0,0.0001,0.0001,128,5,,200,300,200,100,1.0,softplus,poisson,1.0,,,,0.823108434677124,0.6729239821434021,0.1446382850408554,0.999336004257202
1d4cc959,gru,512,500,0,0.0001,0.0001,128,5,,200,300,200,100,1.0,softplus,poisson,1.0,,,,0.823108434677124,0.6729239821434021,0.1446382850408554,0.999336004257202
b6189ca3,gru,32,501,0,0.0001,0.0001,128,5,torch.nn.functional.softplus,200,300,200,100,1.0,softplus,poisson,1.0,,,,0.9014847278594972,0.7902904748916626,0.1653182953596115,0.998811662197113
b6189ca3,gru,32,501,0,0.0001,0.0001,128,5,torch.nn.functional.softplus,200,300,200,100,1.0,softplus,poisson,1.0,,,,0.9014847278594972,0.7902904748916626,0.1653182953596115,0.998811662197113
3f93dbf0,gru,64,501,0,0.0001,0.0001,128,5,torch.nn.functional.softplus,200,300,200,100,1.0,softplus,poisson,1.0,,,,0.79901522397995,0.408674031496048,0.0829201638698577,0.9973785281181335
3f93dbf0,gru,64,501,0,0.0001,0.0001,128,5,torch.nn.functional.softplus,200,300,200,100,1.0,softplus,poisson,1.0,,,,0.79901522397995,0.408674031496048,0.0829201638698577,0.9973785281181335
3fb5b686,gru,128,501,0,0.0001,0.0001,128,5,torch.nn.functional.softplus,200,300,200,100,1.0,softplus,poisson,1.0,,,,0.7257809042930603,0.4739474058151245,0.0985219180583953,0.9897852540016174
3fb5b686,gru,128,501,0,0.0001,0.0001,128,5,torch.nn.functional.softplus,200,300,200,100,1.0,softplus,poisson,1.0,,,,0.7257809042930603,0.4739474058151245,0.0985219180583953,0.9897852540016174
8f46fe6d,gru,256,501,0,0.0001,0.0001,128,5,torch.nn.functional.softplus,200,300,200,100,1.0,softplus,poisson,1.0,,,,0.8099551796913147,0.7286845445632935,0.153117299079895,0.9959821105003356
8f46fe6d,gru,256,501,0,0.0001,0.0001,128,5,torch.nn.functional.softplus,200,300,200,100,1.0,softplus,poisson,1.0,,,,0.8099551796913147,0.7286845445632935,0.153117299079895,0.9959821105003356
2ce0f713,gru,512,501,0,0.0001,0.0001,128,5,torch.nn.functional.softplus,200,300,200,100,1.0,softplus,poisson,1.0,,,,0.8170150518417358,0.6756421327590942,0.1447314172983169,0.9993606209754944
2ce0f713,gru,512,501,0,0.0001,0.0001,128,5,torch.nn.functional.softplus,200,300,200,100,1.0,softplus,poisson,1.0,,,,0.8170150518417358,0.6756421327590942,0.1447314172983169,0.9993606209754944
2102ad75,gru,32,501,0,0.0001,0.0001,128,5,,200,300,200,100,1.0,softplus,poisson,1.0,,,,0.905073344707489,0.7919945120811462,0.1656192392110824,0.9988064765930176
2102ad75,gru,32,501,0,0.0001,0.0001,128,5,,200,300,200,100,1.0,softplus,poisson,1.0,,,,0.905073344707489,0.7919945120811462,0.1656192392110824,0.9988064765930176
c142fbce,gru,64,501,0,0.0001,0.0001,128,5,,200,300,200,100,1.0,softplus,poisson,1.0,,,,0.791949987411499,0.4073241949081421,0.0826366320252418,0.9974036812782288
c142fbce,gru,64,501,0,0.0001,0.0001,128,5,,200,300,200,100,1.0,softplus,poisson,1.0,,,,0.791949987411499,0.4073241949081421,0.0826366320252418,0.9974036812782288
b8bcd830,gru,128,501,0,0.0001,0.0001,128,5,,200,300,200,100,1.0,softplus,poisson,1.0,,,,0.7245465517044067,0.4726030528545379,0.098211646080017,0.9897809028625488
b8bcd830,gru,128,501,0,0.0001,0.0001,128,5,,200,300,200,100,1.0,softplus,poisson,1.0,,,,0.7245465517044067,0.4726030528545379,0.098211646080017,0.9897809028625488
1252e030,gru,256,501,0,0.0001,0.0001,128,5,,200,300,200,100,1.0,softplus,poisson,1.0,,,,0.8104729056358337,0.7282781600952148,0.1530413925647735,0.9959819316864014
1252e030,gru,256,501,0,0.0001,0.0001,128,5,,200,300,200,100,1.0,softplus,poisson,1.0,,,,0.8104729056358337,0.7282781600952148,0.1530413925647735,0.9959819316864014
6113c2a1,gru,512,501,0,0.0001,0.0001,128,5,,200,300,200,100,1.0,softplus,poisson,1.0,,,,0.8169446587562561,0.6749809384346008,0.1445865929126739,0.9993598461151124
6113c2a1,gru,512,501,0,0.0001,0.0001,128,5,,200,300,200,100,1.0,softplus,poisson,1.0,,,,0.8169446587562561,0.6749809384346008,0.1445865929126739,0.9993598461151124
d4c93c2c,gru,128,500,0,0.0001,0.0001,128,5,torch.nn.functional.softplus,280,300,280,20,1.0,softplus,poisson,1.0,,,,0.7932630777359009,0.5233475565910339,0.1072908788919448,0.9972323179244996
6cd9fb81,gru,256,500,0,0.0001,0.0001,128,5,torch.nn.functional.softplus,280,300,280,20,1.0,softplus,poisson,1.0,,,,0.8046620488166809,0.6606522798538208,0.1398250311613083,0.9948041439056396
b08fb16f,gru,64,500,0,0.0001,0.0001,128,5,torch.nn.functional.softplus,280,300,280,20,1.0,softplus,poisson,1.0,,,,0.8292465209960938,0.4663735330104828,0.0967587903141975,0.9967514872550964
99533ba3,gru,32,501,0,0.0001,0.0001,128,5,torch.nn.functional.softplus,280,300,280,20,1.0,softplus,poisson,1.0,,,,0.8901799321174622,0.4923642575740814,0.1004226058721542,0.9980628490447998
141ebfef,gru,512,500,0,0.0001,0.0001,128,5,torch.nn.functional.softplus,280,300,280,20,1.0,softplus,poisson,1.0,,,,0.8298408389091492,0.7093183398246765,0.1505649834871292,0.99931538105011
9bee8551,gru,32,500,0,0.0001,0.0001,128,5,torch.nn.functional.softplus,280,300,280,20,1.0,softplus,poisson,1.0,,,,0.8806248903274536,0.489385038614273,0.0997957810759544,0.9980942606925964
b08fb16f,gru,64,500,0,0.0001,0.0001,128,5,torch.nn.functional.softplus,280,300,280,20,1.0,softplus,poisson,1.0,,,,0.8292465209960938,0.4663735330104828,0.0967587903141975,0.9967514872550964
141ebfef,gru,512,500,0,0.0001,0.0001,128,5,torch.nn.functional.softplus,280,300,280,20,1.0,softplus,poisson,1.0,,,,0.8298408389091492,0.7093183398246765,0.1505649834871292,0.99931538105011
d4c93c2c,gru,128,500,0,0.0001,0.0001,128,5,torch.nn.functional.softplus,280,300,280,20,1.0,softplus,poisson,1.0,,,,0.7932630777359009,0.5233475565910339,0.1072908788919448,0.9972323179244996
9bee8551,gru,32,500,0,0.0001,0.0001,128,5,torch.nn.functional.softplus,280,300,280,20,1.0,softplus,poisson,1.0,,,,0.8806248903274536,0.489385038614273,0.0997957810759544,0.9980942606925964
6cd9fb81,gru,256,500,0,0.0001,0.0001,128,5,torch.nn.functional.softplus,280,300,280,20,1.0,softplus,poisson,1.0,,,,0.8046620488166809,0.6606522798538208,0.1398250311613083,0.9948041439056396
99533ba3,gru,32,501,0,0.0001,0.0001,128,5,torch.nn.functional.softplus,280,300,280,20,1.0,softplus,poisson,1.0,,,,0.8901799321174622,0.4923642575740814,0.1004226058721542,0.9980628490447998
e2ba8806,gru,64,501,0,0.0001,0.0001,128,5,torch.nn.functional.softplus,280,300,280,20,1.0,softplus,poisson,1.0,,,,0.9121124148368835,0.4173153042793274,0.082557700574398,0.997132122516632
e2ba8806,gru,64,501,0,0.0001,0.0001,128,5,torch.nn.functional.softplus,280,300,280,20,1.0,softplus,poisson,1.0,,,,0.9121124148368835,0.4173153042793274,0.082557700574398,0.997132122516632
2fe1636c,gru,128,501,0,0.0001,0.0001,128,5,torch.nn.functional.softplus,280,300,280,20,1.0,softplus,poisson,1.0,,,,0.8290951251983643,0.4478065371513366,0.0883620604872703,0.9978986382484436
2fe1636c,gru,128,501,0,0.0001,0.0001,128,5,torch.nn.functional.softplus,280,300,280,20,1.0,softplus,poisson,1.0,,,,0.8290951251983643,0.4478065371513366,0.0883620604872703,0.9978986382484436
c89d03ff,gru,256,501,0,0.0001,0.0001,128,5,torch.nn.functional.softplus,280,300,280,20,1.0,softplus,poisson,1.0,,,,0.7745296955108643,0.4574730396270752,0.0934207811951637,0.9977529644966124
c89d03ff,gru,256,501,0,0.0001,0.0001,128,5,torch.nn.functional.softplus,280,300,280,20,1.0,softplus,poisson,1.0,,,,0.7745296955108643,0.4574730396270752,0.0934207811951637,0.9977529644966124
1c2b2641,gru,512,501,0,0.0001,0.0001,128,5,torch.nn.functional.softplus,280,300,280,20,1.0,softplus,poisson,1.0,,,,0.8365561962127686,0.5375609397888184,0.1096366047859191,0.9993197917938232
1c2b2641,gru,512,501,0,0.0001,0.0001,128,5,torch.nn.functional.softplus,280,300,280,20,1.0,softplus,poisson,1.0,,,,0.8365561962127686,0.5375609397888184,0.1096366047859191,0.9993197917938232
b76f7e9a,fr,256,500,0,0.0001,0.0001,128,5,torch.nn.functional.softplus,250,300,250,50,1.0,softplus,poisson,1.0,,,,0.7884659171104431,0.5142686367034912,0.1046444103121757,0.9981154203414916
a6ea90b2,fr,512,500,0,0.0001,0.0001,128,5,torch.nn.functional.softplus,250,300,250,50,1.0,softplus,poisson,1.0,,,,0.8040666580200195,0.5693206191062927,0.1160882860422134,0.9987475872039796
c631a64c,fr,64,500,0,0.0001,0.0001,128,5,torch.nn.functional.softplus,250,300,250,50,1.0,softplus,poisson,1.0,,,,0.866729199886322,0.3746554851531982,0.074505366384983,0.9965750575065612
f49d0127,fr,128,500,0,0.0001,0.0001,128,5,torch.nn.functional.softplus,250,300,250,50,1.0,softplus,poisson,1.0,,,,0.8064892888069153,0.4309090077877044,0.0850621238350868,0.9981899857521056
b76f7e9a,fr,256,500,0,0.0001,0.0001,128,5,torch.nn.functional.softplus,250,300,250,50,1.0,softplus,poisson,1.0,,,,0.7884659171104431,0.5142686367034912,0.1046444103121757,0.9981154203414916
341766fc,fr,32,500,0,0.0001,0.0001,128,5,torch.nn.functional.softplus,250,300,250,50,1.0,softplus,poisson,1.0,,,,0.9255114197731018,0.5678228735923767,0.1133063286542892,0.9985511302947998
a6ea90b2,fr,512,500,0,0.0001,0.0001,128,5,torch.nn.functional.softplus,250,300,250,50,1.0,softplus,poisson,1.0,,,,0.8040666580200195,0.5693206191062927,0.1160882860422134,0.9987475872039796
c631a64c,fr,64,500,0,0.0001,0.0001,128,5,torch.nn.functional.softplus,250,300,250,50,1.0,softplus,poisson,1.0,,,,0.866729199886322,0.3746554851531982,0.074505366384983,0.9965750575065612
f49d0127,fr,128,500,0,0.0001,0.0001,128,5,torch.nn.functional.softplus,250,300,250,50,1.0,softplus,poisson,1.0,,,,0.8064892888069153,0.4309090077877044,0.0850621238350868,0.9981899857521056
341766fc,fr,32,500,0,0.0001,0.0001,128,5,torch.nn.functional.softplus,250,300,250,50,1.0,softplus,poisson,1.0,,,,0.9255114197731018,0.5678228735923767,0.1133063286542892,0.9985511302947998
7314c24b,fr,32,500,0,0.0001,0.0001,128,5,,250,300,250,50,1.0,softplus,poisson,1.0,,,,0.9255710244178772,0.5674997568130493,0.1132017001509666,0.9985395669937134
7314c24b,fr,32,500,0,0.0001,0.0001,128,5,,250,300,250,50,1.0,softplus,poisson,1.0,,,,0.9255710244178772,0.5674997568130493,0.1132017001509666,0.9985395669937134
945575ce,fr,64,500,0,0.0001,0.0001,128,5,,250,300,250,50,1.0,softplus,poisson,1.0,,,,0.8632076382637024,0.374398410320282,0.074447214603424,0.9965786933898926
945575ce,fr,64,500,0,0.0001,0.0001,128,5,,250,300,250,50,1.0,softplus,poisson,1.0,,,,0.8632076382637024,0.374398410320282,0.074447214603424,0.9965786933898926
a058d181,fr,128,500,0,0.0001,0.0001,128,5,,250,300,250,50,1.0,softplus,poisson,1.0,,,,0.8075908422470093,0.4308691918849945,0.085063025355339,0.9981891512870787
a058d181,fr,128,500,0,0.0001,0.0001,128,5,,250,300,250,50,1.0,softplus,poisson,1.0,,,,0.8075908422470093,0.4308691918849945,0.085063025355339,0.9981891512870787
c729395b,fr,256,500,0,0.0001,0.0001,128,5,,250,300,250,50,1.0,softplus,poisson,1.0,,,,0.7883650064468384,0.5159197449684143,0.1048976480960846,0.9981197714805604
c729395b,fr,256,500,0,0.0001,0.0001,128,5,,250,300,250,50,1.0,softplus,poisson,1.0,,,,0.7883650064468384,0.5159197449684143,0.1048976480960846,0.9981197714805604
57b349b4,fr,512,500,0,0.0001,0.0001,128,5,,250,300,250,50,1.0,softplus,poisson,1.0,,,,0.8047273755073547,0.5693754553794861,0.1161010339856147,0.9987469911575316
57b349b4,fr,512,500,0,0.0001,0.0001,128,5,,250,300,250,50,1.0,softplus,poisson,1.0,,,,0.8047273755073547,0.5693754553794861,0.1161010339856147,0.9987469911575316
e3b78345,fr,32,501,0,0.0001,0.0001,128,5,torch.nn.functional.softplus,250,300,250,50,1.0,softplus,poisson,1.0,,,,0.9064145684242249,0.5608255863189697,0.1117350757122039,0.998613715171814
e3b78345,fr,32,501,0,0.0001,0.0001,128,5,torch.nn.functional.softplus,250,300,250,50,1.0,softplus,poisson,1.0,,,,0.9064145684242249,0.5608255863189697,0.1117350757122039,0.998613715171814
99e827ab,fr,64,501,0,0.0001,0.0001,128,5,torch.nn.functional.softplus,250,300,250,50,1.0,softplus,poisson,1.0,,,,0.8624496459960938,0.373508870601654,0.0742799490690231,0.9965872764587402
99e827ab,fr,64,501,0,0.0001,0.0001,128,5,torch.nn.functional.softplus,250,300,250,50,1.0,softplus,poisson,1.0,,,,0.8624496459960938,0.373508870601654,0.0742799490690231,0.9965872764587402
55fe4874,fr,128,501,0,0.0001,0.0001,128,5,torch.nn.functional.softplus,250,300,250,50,1.0,softplus,poisson,1.0,,,,0.8210737705230713,0.4283558130264282,0.0845316126942634,0.9981306195259094
55fe4874,fr,128,501,0,0.0001,0.0001,128,5,torch.nn.functional.softplus,250,300,250,50,1.0,softplus,poisson,1.0,,,,0.8210737705230713,0.4283558130264282,0.0845316126942634,0.9981306195259094
8b2cf091,fr,256,501,0,0.0001,0.0001,128,5,torch.nn.functional.softplus,250,300,250,50,1.0,softplus,poisson,1.0,,,,0.7827454209327698,0.5049330592155457,0.1028339192271232,0.9981002807617188
8b2cf091,fr,256,501,0,0.0001,0.0001,128,5,torch.nn.functional.softplus,250,300,250,50,1.0,softplus,poisson,1.0,,,,0.7827454209327698,0.5049330592155457,0.1028339192271232,0.9981002807617188
28c1a7de,fr,512,501,0,0.0001,0.0001,128,5,torch.nn.functional.softplus,250,300,250,50,1.0,softplus,poisson,1.0,,,,0.7927549481391907,0.5727640390396118,0.1168874725699424,0.9988060593605042
28c1a7de,fr,512,501,0,0.0001,0.0001,128,5,torch.nn.functional.softplus,250,300,250,50,1.0,softplus,poisson,1.0,,,,0.7927549481391907,0.5727640390396118,0.1168874725699424,0.9988060593605042
7cb6f585,fr,32,501,0,0.0001,0.0001,128,5,,250,300,250,50,1.0,softplus,poisson,1.0,,,,0.900898575782776,0.5585504174232483,0.1112661212682724,0.9986237287521362
7cb6f585,fr,32,501,0,0.0001,0.0001,128,5,,250,300,250,50,1.0,softplus,poisson,1.0,,,,0.900898575782776,0.5585504174232483,0.1112661212682724,0.9986237287521362
ff61b4da,fr,64,501,0,0.0001,0.0001,128,5,,250,300,250,50,1.0,softplus,poisson,1.0,,,,0.8647246360778809,0.3739754259586334,0.0743675306439399,0.9965751767158508
ff61b4da,fr,64,501,0,0.0001,0.0001,128,5,,250,300,250,50,1.0,softplus,poisson,1.0,,,,0.8647246360778809,0.3739754259586334,0.0743675306439399,0.9965751767158508
c16d6269,fr,128,501,0,0.0001,0.0001,128,5,,250,300,250,50,1.0,softplus,poisson,1.0,,,,0.822615921497345,0.428776204586029,0.0846010744571685,0.998130202293396
c16d6269,fr,128,501,0,0.0001,0.0001,128,5,,250,300,250,50,1.0,softplus,poisson,1.0,,,,0.822615921497345,0.428776204586029,0.0846010744571685,0.998130202293396
247fd6a4,fr,256,501,0,0.0001,0.0001,128,5,,250,300,250,50,1.0,softplus,poisson,1.0,,,,0.7825698852539062,0.506260335445404,0.1030492857098579,0.9981053471565248
247fd6a4,fr,256,501,0,0.0001,0.0001,128,5,,250,300,250,50,1.0,softplus,poisson,1.0,,,,0.7825698852539062,0.506260335445404,0.1030492857098579,0.9981053471565248
8f6f3eb3,fr,512,501,0,0.0001,0.0001,128,5,,250,300,250,50,1.0,softplus,poisson,1.0,,,,0.7903487086296082,0.572276771068573,0.1167745888233184,0.9988067746162416
8f6f3eb3,fr,512,501,0,0.0001,0.0001,128,5,,250,300,250,50,1.0,softplus,poisson,1.0,,,,0.7903487086296082,0.572276771068573,0.1167745888233184,0.9988067746162416
9f1d7262,node,2,500,0,0.002,0.0,128,5,torch.nn.functional.softplus,250,300,250,50,1.0,softplus,poisson,1.0,0.05,128.0,3.0,0.9969192743301392,0.9673529863357544,0.2212547808885574,1.0
97bb4b50,node,5,500,0,0.002,0.0,128,5,torch.nn.functional.softplus,250,300,250,50,1.0,softplus,poisson,1.0,0.05,128.0,3.0,0.9982502460479736,0.9895886182785034,0.2253545820713043,0.9984670877456664
3c8502d5,node,32,500,0,0.002,0.0,128,5,torch.nn.functional.softplus,250,300,250,50,1.0,softplus,poisson,1.0,0.05,128.0,3.0,0.9753421545028688,0.9945668578147888,0.2266772836446762,0.9831786155700684
224680b9,node,3,500,0,0.002,0.0,128,5,torch.nn.functional.softplus,250,300,250,50,1.0,softplus,poisson,1.0,0.05,128.0,3.0,0.9984906315803528,0.9850677251815796,0.2242827862501144,1.0
1e77ec22,node,10,500,0,0.002,0.0,128,5,torch.nn.functional.softplus,250,300,250,50,1.0,softplus,poisson,1.0,0.05,128.0,3.0,0.9976160526275636,0.9938323497772216,0.2263359129428863,0.9983512163162231
1e77ec22,node,10,500,0,0.002,0.0,128,5,torch.nn.functional.softplus,250,300,250,50,1.0,softplus,poisson,1.0,0.05,128.0,3.0,0.9976160526275636,0.9938323497772216,0.2263359129428863,0.9983512163162231
97bb4b50,node,5,500,0,0.002,0.0,128,5,torch.nn.functional.softplus,250,300,250,50,1.0,softplus,poisson,1.0,0.05,128.0,3.0,0.9982502460479736,0.9895886182785034,0.2253545820713043,0.9984670877456664
224680b9,node,3,500,0,0.002,0.0,128,5,torch.nn.functional.softplus,250,300,250,50,1.0,softplus,poisson,1.0,0.05,128.0,3.0,0.9984906315803528,0.9850677251815796,0.2242827862501144,1.0
9f1d7262,node,2,500,0,0.002,0.0,128,5,torch.nn.functional.softplus,250,300,250,50,1.0,softplus,poisson,1.0,0.05,128.0,3.0,0.9969192743301392,0.9673529863357544,0.2212547808885574,1.0
3c8502d5,node,32,500,0,0.002,0.0,128,5,torch.nn.functional.softplus,250,300,250,50,1.0,softplus,poisson,1.0,0.05,128.0,3.0,0.9753421545028688,0.9945668578147888,0.2266772836446762,0.9831786155700684
e32f17f1,node,64,500,0,0.002,0.0,128,5,torch.nn.functional.softplus,250,300,250,50,1.0,softplus,poisson,1.0,0.05,128.0,3.0,0.830163836479187,0.9920355081558228,0.22636678814888,0.8917407989501953
e32f17f1,node,64,500,0,0.002,0.0,128,5,torch.nn.functional.softplus,250,300,250,50,1.0,softplus,poisson,1.0,0.05,128.0,3.0,0.830163836479187,0.9920355081558228,0.22636678814888,0.8917407989501953
2ac658f3,node,2,500,0,0.002,0.0,128,5,,250,300,250,50,1.0,softplus,poisson,1.0,0.05,128.0,3.0,0.9967867136001588,0.9673503637313844,0.2212537080049514,1.0
2ac658f3,node,2,500,0,0.002,0.0,128,5,,250,300,250,50,1.0,softplus,poisson,1.0,0.05,128.0,3.0,0.9967867136001588,0.9673503637313844,0.2212537080049514,1.0
a2252f81,node,3,500,0,0.002,0.0,128,5,,250,300,250,50,1.0,softplus,poisson,1.0,0.05,128.0,3.0,0.9985506534576416,0.9850676655769348,0.2242829650640487,1.0
a2252f81,node,3,500,0,0.002,0.0,128,5,,250,300,250,50,1.0,softplus,poisson,1.0,0.05,128.0,3.0,0.9985506534576416,0.9850676655769348,0.2242829650640487,1.0
c6be0cbe,node,5,500,0,0.002,0.0,128,5,,250,300,250,50,1.0,softplus,poisson,1.0,0.05,128.0,3.0,0.998249650001526,0.9895871877670288,0.2253536880016327,0.9984657168388368
c6be0cbe,node,5,500,0,0.002,0.0,128,5,,250,300,250,50,1.0,softplus,poisson,1.0,0.05,128.0,3.0,0.998249650001526,0.9895871877670288,0.2253536880016327,0.9984657168388368
d82744c1,node,10,500,0,0.002,0.0,128,5,,250,300,250,50,1.0,softplus,poisson,1.0,0.05,128.0,3.0,0.9975939989089966,0.9938333630561828,0.2263357490301132,0.998351275920868
d82744c1,node,10,500,0,0.002,0.0,128,5,,250,300,250,50,1.0,softplus,poisson,1.0,0.05,128.0,3.0,0.9975939989089966,0.9938333630561828,0.2263357490301132,0.998351275920868
5dc4f46f,node,32,500,0,0.002,0.0,128,5,,250,300,250,50,1.0,softplus,poisson,1.0,0.05,128.0,3.0,0.9752482175827026,0.9945454597473145,0.226672425866127,0.9831394553184508
5dc4f46f,node,32,500,0,0.002,0.0,128,5,,250,300,250,50,1.0,softplus,poisson,1.0,0.05,128.0,3.0,0.9752482175827026,0.9945454597473145,0.226672425866127,0.9831394553184508
c3ebfcd6,node,64,500,0,0.002,0.0,128,5,,250,300,250,50,1.0,softplus,poisson,1.0,0.05,128.0,3.0,0.8306409120559692,0.992026686668396,0.2263621240854263,0.8924270868301392
c3ebfcd6,node,64,500,0,0.002,0.0,128,5,,250,300,250,50,1.0,softplus,poisson,1.0,0.05,128.0,3.0,0.8306409120559692,0.992026686668396,0.2263621240854263,0.8924270868301392
429822ab,node,3,501,0,0.002,0.0,128,5,torch.nn.functional.softplus,250,300,250,50,1.0,softplus,poisson,1.0,0.05,128.0,3.0,0.9985414147377014,0.9858508706092834,0.2244087904691696,1.0
3db18318,node,2,501,0,0.002,0.0,128,5,torch.nn.functional.softplus,250,300,250,50,1.0,softplus,poisson,1.0,0.05,128.0,3.0,0.9971318244934082,0.9667606353759766,0.2212944328784942,1.0
429822ab,node,3,501,0,0.002,0.0,128,5,torch.nn.functional.softplus,250,300,250,50,1.0,softplus,poisson,1.0,0.05,128.0,3.0,0.9985414147377014,0.9858508706092834,0.2244087904691696,1.0
3db18318,node,2,501,0,0.002,0.0,128,5,torch.nn.functional.softplus,250,300,250,50,1.0,softplus,poisson,1.0,0.05,128.0,3.0,0.9971318244934082,0.9667606353759766,0.2212944328784942,1.0
7af2940b,node,5,501,0,0.002,0.0,128,5,torch.nn.functional.softplus,250,300,250,50,1.0,softplus,poisson,1.0,0.05,128.0,3.0,0.9979328513145448,0.9889647960662842,0.2252849489450454,0.9993680119514464
7af2940b,node,5,501,0,0.002,0.0,128,5,torch.nn.functional.softplus,250,300,250,50,1.0,softplus,poisson,1.0,0.05,128.0,3.0,0.9979328513145448,0.9889647960662842,0.2252849489450454,0.9993680119514464
5a0abf31,node,10,501,0,0.002,0.0,128,5,torch.nn.functional.softplus,250,300,250,50,1.0,softplus,poisson,1.0,0.05,128.0,3.0,0.9973572492599488,0.9941868185997008,0.2263820469379425,0.9983307123184204
5a0abf31,node,10,501,0,0.002,0.0,128,5,torch.nn.functional.softplus,250,300,250,50,1.0,softplus,poisson,1.0,0.05,128.0,3.0,0.9973572492599488,0.9941868185997008,0.2263820469379425,0.9983307123184204
b10ea416,node,32,501,0,0.002,0.0,128,5,torch.nn.functional.softplus,250,300,250,50,1.0,softplus,poisson,1.0,0.05,128.0,3.0,0.975617527961731,0.9943820238113404,0.2266379594802856,0.9830583930015564
b10ea416,node,32,501,0,0.002,0.0,128,5,torch.nn.functional.softplus,250,300,250,50,1.0,softplus,poisson,1.0,0.05,128.0,3.0,0.975617527961731,0.9943820238113404,0.2266379594802856,0.9830583930015564
57061708,node,64,501,0,0.002,0.0,128,5,torch.nn.functional.softplus,250,300,250,50,1.0,softplus,poisson,1.0,0.05,128.0,3.0,0.8298590779304504,0.9920307993888856,0.2263719886541366,0.8898659944534302
6f4adc8d,node,2,501,0,0.002,0.0,128,5,,250,300,250,50,1.0,softplus,poisson,1.0,0.05,128.0,3.0,0.9970756769180298,0.9667632579803468,0.2212948054075241,1.0
57061708,node,64,501,0,0.002,0.0,128,5,torch.nn.functional.softplus,250,300,250,50,1.0,softplus,poisson,1.0,0.05,128.0,3.0,0.8298590779304504,0.9920307993888856,0.2263719886541366,0.8898659944534302
6f4adc8d,node,2,501,0,0.002,0.0,128,5,,250,300,250,50,1.0,softplus,poisson,1.0,0.05,128.0,3.0,0.9970756769180298,0.9667632579803468,0.2212948054075241,1.0
beb680f1,node,3,501,0,0.002,0.0,128,5,,250,300,250,50,1.0,softplus,poisson,1.0,0.05,128.0,3.0,0.9984030723571776,0.9858527779579164,0.2244075238704681,1.0
beb680f1,node,3,501,0,0.002,0.0,128,5,,250,300,250,50,1.0,softplus,poisson,1.0,0.05,128.0,3.0,0.9984030723571776,0.9858527779579164,0.2244075238704681,1.0
5e77cbe9,node,5,501,0,0.002,0.0,128,5,,250,300,250,50,1.0,softplus,poisson,1.0,0.05,128.0,3.0,0.9979249238967896,0.9889588952064514,0.2252856642007827,0.9993632435798644
5e77cbe9,node,5,501,0,0.002,0.0,128,5,,250,300,250,50,1.0,softplus,poisson,1.0,0.05,128.0,3.0,0.9979249238967896,0.9889588952064514,0.2252856642007827,0.9993632435798644
be5b0607,node,10,501,0,0.002,0.0,128,5,,250,300,250,50,1.0,softplus,poisson,1.0,0.05,128.0,3.0,0.997455596923828,0.9941839575767516,0.226380780339241,0.9983342885971068
be5b0607,node,10,501,0,0.002,0.0,128,5,,250,300,250,50,1.0,softplus,poisson,1.0,0.05,128.0,3.0,0.997455596923828,0.9941839575767516,0.226380780339241,0.9983342885971068
eb5cf3ea,node,32,501,0,0.002,0.0,128,5,,250,300,250,50,1.0,softplus,poisson,1.0,0.05,128.0,3.0,0.9756813645362854,0.9943801164627076,0.2266431599855423,0.9829503297805786
eb5cf3ea,node,32,501,0,0.002,0.0,128,5,,250,300,250,50,1.0,softplus,poisson,1.0,0.05,128.0,3.0,0.9756813645362854,0.9943801164627076,0.2266431599855423,0.9829503297805786
628dabf0,node,64,501,0,0.002,0.0,128,5,,250,300,250,50,1.0,softplus,poisson,1.0,0.05,128.0,3.0,0.8296602368354797,0.9920461177825928,0.2263759523630142,0.8891879320144653
628dabf0,node,64,501,0,0.002,0.0,128,5,,250,300,250,50,1.0,softplus,poisson,1.0,0.05,128.0,3.0,0.8296602368354797,0.9920461177825928,0.2263759523630142,0.8891879320144653
6cd9fb81,gru,256,500,0,0.0001,0.0001,128,5,torch.nn.functional.softplus,280,300,280,20,1.0,softplus,poisson,1.0,,,,0.8046620488166809,0.6606522798538208,0.1398250311613083,0.9948041439056396
9bee8551,gru,32,500,0,0.0001,0.0001,128,5,torch.nn.functional.softplus,280,300,280,20,1.0,softplus,poisson,1.0,,,,0.8806248903274536,0.489385038614273,0.0997957810759544,0.9980942606925964
b08fb16f,gru,64,500,0,0.0001,0.0001,128,5,torch.nn.functional.softplus,280,300,280,20,1.0,softplus,poisson,1.0,,,,0.8292465209960938,0.4663735330104828,0.0967587903141975,0.9967514872550964
4d448cf1,fr,32,500,0,0.0001,0.0001,128,5,,280,300,280,20,1.0,softplus,poisson,1.0,,,,0.9189023375511168,0.601836621761322,0.1219579726457595,0.9985808730125428
d4c93c2c,gru,128,500,0,0.0001,0.0001,128,5,torch.nn.functional.softplus,280,300,280,20,1.0,softplus,poisson,1.0,,,,0.7932630777359009,0.5233475565910339,0.1072908788919448,0.9972323179244996
6cd9fb81,gru,256,500,0,0.0001,0.0001,128,5,torch.nn.functional.softplus,280,300,280,20,1.0,softplus,poisson,1.0,,,,0.8046620488166809,0.6606522798538208,0.1398250311613083,0.9948041439056396
141ebfef,gru,512,500,0,0.0001,0.0001,128,5,torch.nn.functional.softplus,280,300,280,20,1.0,softplus,poisson,1.0,,,,0.8298408389091492,0.7093183398246765,0.1505649834871292,0.99931538105011
9bee8551,gru,32,500,0,0.0001,0.0001,128,5,torch.nn.functional.softplus,280,300,280,20,1.0,softplus,poisson,1.0,,,,0.8806248903274536,0.489385038614273,0.0997957810759544,0.9980942606925964
b08fb16f,gru,64,500,0,0.0001,0.0001,128,5,torch.nn.functional.softplus,280,300,280,20,1.0,softplus,poisson,1.0,,,,0.8292465209960938,0.4663735330104828,0.0967587903141975,0.9967514872550964
4d448cf1,fr,32,500,0,0.0001,0.0001,128,5,,280,300,280,20,1.0,softplus,poisson,1.0,,,,0.9189023375511168,0.601836621761322,0.1219579726457595,0.9985808730125428
d4c93c2c,gru,128,500,0,0.0001,0.0001,128,5,torch.nn.functional.softplus,280,300,280,20,1.0,softplus,poisson,1.0,,,,0.7932630777359009,0.5233475565910339,0.1072908788919448,0.9972323179244996
141ebfef,gru,512,500,0,0.0001,0.0001,128,5,torch.nn.functional.softplus,280,300,280,20,1.0,softplus,poisson,1.0,,,,0.8298408389091492,0.7093183398246765,0.1505649834871292,0.99931538105011
56f38c06,fr,128,500,0,0.0001,0.0001,128,5,,280,300,280,20,1.0,softplus,poisson,1.0,,,,0.8163034915924072,0.4362514317035675,0.0860355421900749,0.9979748129844666
774d04ae,fr,256,500,0,0.0001,0.0001,128,5,,280,300,280,20,1.0,softplus,poisson,1.0,,,,0.7998424768447876,0.5207435488700867,0.1058340519666671,0.9980181455612184
812c1c42,fr,64,500,0,0.0001,0.0001,128,5,,280,300,280,20,1.0,softplus,poisson,1.0,,,,0.902990996837616,0.4200350344181061,0.0825225114822387,0.9970105290412904
56f38c06,fr,128,500,0,0.0001,0.0001,128,5,,280,300,280,20,1.0,softplus,poisson,1.0,,,,0.8163034915924072,0.4362514317035675,0.0860355421900749,0.9979748129844666
774d04ae,fr,256,500,0,0.0001,0.0001,128,5,,280,300,280,20,1.0,softplus,poisson,1.0,,,,0.7998424768447876,0.5207435488700867,0.1058340519666671,0.9980181455612184
812c1c42,fr,64,500,0,0.0001,0.0001,128,5,,280,300,280,20,1.0,softplus,poisson,1.0,,,,0.902990996837616,0.4200350344181061,0.0825225114822387,0.9970105290412904
a144a155,fr,512,500,0,0.0001,0.0001,128,5,,280,300,280,20,1.0,softplus,poisson,1.0,,,,0.7903691530227661,0.5451414585113525,0.11160359531641,0.9993770718574524
a144a155,fr,512,500,0,0.0001,0.0001,128,5,,280,300,280,20,1.0,softplus,poisson,1.0,,,,0.7903691530227661,0.5451414585113525,0.11160359531641,0.9993770718574524
99533ba3,gru,32,501,0,0.0001,0.0001,128,5,torch.nn.functional.softplus,280,300,280,20,1.0,softplus,poisson,1.0,,,,0.8901799321174622,0.4923642575740814,0.1004226058721542,0.9980628490447998
99533ba3,gru,32,501,0,0.0001,0.0001,128,5,torch.nn.functional.softplus,280,300,280,20,1.0,softplus,poisson,1.0,,,,0.8901799321174622,0.4923642575740814,0.1004226058721542,0.9980628490447998
e2ba8806,gru,64,501,0,0.0001,0.0001,128,5,torch.nn.functional.softplus,280,300,280,20,1.0,softplus,poisson,1.0,,,,0.9121124148368835,0.4173153042793274,0.082557700574398,0.997132122516632
e2ba8806,gru,64,501,0,0.0001,0.0001,128,5,torch.nn.functional.softplus,280,300,280,20,1.0,softplus,poisson,1.0,,,,0.9121124148368835,0.4173153042793274,0.082557700574398,0.997132122516632
2fe1636c,gru,128,501,0,0.0001,0.0001,128,5,torch.nn.functional.softplus,280,300,280,20,1.0,softplus,poisson,1.0,,,,0.8290951251983643,0.4478065371513366,0.0883620604872703,0.9978986382484436
2fe1636c,gru,128,501,0,0.0001,0.0001,128,5,torch.nn.functional.softplus,280,300,280,20,1.0,softplus,poisson,1.0,,,,0.8290951251983643,0.4478065371513366,0.0883620604872703,0.9978986382484436
c89d03ff,gru,256,501,0,0.0001,0.0001,128,5,torch.nn.functional.softplus,280,300,280,20,1.0,softplus,poisson,1.0,,,,0.7745296955108643,0.4574730396270752,0.0934207811951637,0.9977529644966124
c89d03ff,gru,256,501,0,0.0001,0.0001,128,5,torch.nn.functional.softplus,280,300,280,20,1.0,softplus,poisson,1.0,,,,0.7745296955108643,0.4574730396270752,0.0934207811951637,0.9977529644966124
1c2b2641,gru,512,501,0,0.0001,0.0001,128,5,torch.nn.functional.softplus,280,300,280,20,1.0,softplus,poisson,1.0,,,,0.8365561962127686,0.5375609397888184,0.1096366047859191,0.9993197917938232
1c2b2641,gru,512,501,0,0.0001,0.0001,128,5,torch.nn.functional.softplus,280,300,280,20,1.0,softplus,poisson,1.0,,,,0.8365561962127686,0.5375609397888184,0.1096366047859191,0.9993197917938232
2e068dc3,fr,32,501,0,0.0001,0.0001,128,5,,280,300,280,20,1.0,softplus,poisson,1.0,,,,0.9200145602226256,0.5996201634407043,0.1216547861695289,0.9985694885253906
2e068dc3,fr,32,501,0,0.0001,0.0001,128,5,,280,300,280,20,1.0,softplus,poisson,1.0,,,,0.9200145602226256,0.5996201634407043,0.1216547861695289,0.9985694885253906
668e9d89,fr,64,501,0,0.0001,0.0001,128,5,,280,300,280,20,1.0,softplus,poisson,1.0,,,,0.9117699265480042,0.4175488352775574,0.0826054438948631,0.9971344470977784
668e9d89,fr,64,501,0,0.0001,0.0001,128,5,,280,300,280,20,1.0,softplus,poisson,1.0,,,,0.9117699265480042,0.4175488352775574,0.0826054438948631,0.9971344470977784
fff1781f,fr,128,501,0,0.0001,0.0001,128,5,,280,300,280,20,1.0,softplus,poisson,1.0,,,,0.8299694061279297,0.4484809637069702,0.088484302163124,0.9979016780853271
fff1781f,fr,128,501,0,0.0001,0.0001,128,5,,280,300,280,20,1.0,softplus,poisson,1.0,,,,0.8299694061279297,0.4484809637069702,0.088484302163124,0.9979016780853271
f1607a74,fr,256,501,0,0.0001,0.0001,128,5,,280,300,280,20,1.0,softplus,poisson,1.0,,,,0.774955689907074,0.4575717747211456,0.0934428572654724,0.9977524876594543
f1607a74,fr,256,501,0,0.0001,0.0001,128,5,,280,300,280,20,1.0,softplus,poisson,1.0,,,,0.774955689907074,0.4575717747211456,0.0934428572654724,0.9977524876594543
1ba2e4e7,fr,512,501,0,0.0001,0.0001,128,5,,280,300,280,20,1.0,softplus,poisson,1.0,,,,0.8352258205413818,0.5370689630508423,0.1095289066433906,0.9993199706077576
1ba2e4e7,fr,512,501,0,0.0001,0.0001,128,5,,280,300,280,20,1.0,softplus,poisson,1.0,,,,0.8352258205413818,0.5370689630508423,0.1095289066433906,0.9993199706077576
b67d9926,gru,64,500,0,0.0001,0.0001,128,5,torch.nn.functional.softplus,200,300,200,100,1.0,softplus,poisson,1.0,,,,0.7905879616737366,0.4118238389492035,0.0839697644114494,0.997506320476532
80a77dd3,gru,32,500,0,0.0001,0.0001,128,5,torch.nn.functional.softplus,200,300,200,100,1.0,softplus,poisson,1.0,,,,0.9028757214546204,0.7898921370506287,0.1652540564537048,0.9987804293632508
efe15f6a,gru,256,500,0,0.0001,0.0001,128,5,torch.nn.functional.softplus,200,300,200,100,1.0,softplus,poisson,1.0,,,,0.7048625946044922,0.4767059683799743,0.1011343523859977,0.9946269989013672
4abacb9e,gru,512,500,0,0.0001,0.0001,128,5,torch.nn.functional.softplus,200,300,200,100,1.0,softplus,poisson,1.0,,,,0.8218726515769958,0.6727588176727295,0.1445925235748291,0.9993359446525574
25da195e,gru,128,500,0,0.0001,0.0001,128,5,torch.nn.functional.softplus,200,300,200,100,1.0,softplus,poisson,1.0,,,,0.8226228356361389,0.6317758560180664,0.1323979794979095,0.9922075867652892
8b95b1f5,gru,32,500,0,0.0001,0.0001,128,5,,200,300,200,100,1.0,softplus,poisson,1.0,,,,0.902965009212494,0.7898401021957397,0.1653398275375366,0.9987745881080629
b67d9926,gru,64,500,0,0.0001,0.0001,128,5,torch.nn.functional.softplus,200,300,200,100,1.0,softplus,poisson,1.0,,,,0.7905879616737366,0.4118238389492035,0.0839697644114494,0.997506320476532
8b95b1f5,gru,32,500,0,0.0001,0.0001,128,5,,200,300,200,100,1.0,softplus,poisson,1.0,,,,0.902965009212494,0.7898401021957397,0.1653398275375366,0.9987745881080629
4abacb9e,gru,512,500,0,0.0001,0.0001,128,5,torch.nn.functional.softplus,200,300,200,100,1.0,softplus,poisson,1.0,,,,0.8218726515769958,0.6727588176727295,0.1445925235748291,0.9993359446525574
efe15f6a,gru,256,500,0,0.0001,0.0001,128,5,torch.nn.functional.softplus,200,300,200,100,1.0,softplus,poisson,1.0,,,,0.7048625946044922,0.4767059683799743,0.1011343523859977,0.9946269989013672
25da195e,gru,128,500,0,0.0001,0.0001,128,5,torch.nn.functional.softplus,200,300,200,100,1.0,softplus,poisson,1.0,,,,0.8226228356361389,0.6317758560180664,0.1323979794979095,0.9922075867652892
80a77dd3,gru,32,500,0,0.0001,0.0001,128,5,torch.nn.functional.softplus,200,300,200,100,1.0,softplus,poisson,1.0,,,,0.9028757214546204,0.7898921370506287,0.1652540564537048,0.9987804293632508
01743df6,gru,64,500,0,0.0001,0.0001,128,5,,200,300,200,100,1.0,softplus,poisson,1.0,,,,0.7931154370307922,0.412758320569992,0.0841578319668769,0.9975075721740724
01743df6,gru,64,500,0,0.0001,0.0001,128,5,,200,300,200,100,1.0,softplus,poisson,1.0,,,,0.7931154370307922,0.412758320569992,0.0841578319668769,0.9975075721740724
34218555,gru,128,500,0,0.0001,0.0001,128,5,,200,300,200,100,1.0,softplus,poisson,1.0,,,,0.8223255276679993,0.63107830286026,0.1322784721851349,0.9922210574150084
34218555,gru,128,500,0,0.0001,0.0001,128,5,,200,300,200,100,1.0,softplus,poisson,1.0,,,,0.8223255276679993,0.63107830286026,0.1322784721851349,0.9922210574150084
2108a045,gru,256,500,0,0.0001,0.0001,128,5,,200,300,200,100,1.0,softplus,poisson,1.0,,,,0.7038118839263916,0.4742330908775329,0.1007255613803863,0.9946427941322328
2108a045,gru,256,500,0,0.0001,0.0001,128,5,,200,300,200,100,1.0,softplus,poisson,1.0,,,,0.7038118839263916,0.4742330908775329,0.1007255613803863,0.9946427941322328
1d4cc959,gru,512,500,0,0.0001,0.0001,128,5,,200,300,200,100,1.0,softplus,poisson,1.0,,,,0.823108434677124,0.6729239821434021,0.1446382850408554,0.999336004257202
1d4cc959,gru,512,500,0,0.0001,0.0001,128,5,,200,300,200,100,1.0,softplus,poisson,1.0,,,,0.823108434677124,0.6729239821434021,0.1446382850408554,0.999336004257202
b6189ca3,gru,32,501,0,0.0001,0.0001,128,5,torch.nn.functional.softplus,200,300,200,100,1.0,softplus,poisson,1.0,,,,0.9014847278594972,0.7902904748916626,0.1653182953596115,0.998811662197113
b6189ca3,gru,32,501,0,0.0001,0.0001,128,5,torch.nn.functional.softplus,200,300,200,100,1.0,softplus,poisson,1.0,,,,0.9014847278594972,0.7902904748916626,0.1653182953596115,0.998811662197113
3f93dbf0,gru,64,501,0,0.0001,0.0001,128,5,torch.nn.functional.softplus,200,300,200,100,1.0,softplus,poisson,1.0,,,,0.79901522397995,0.408674031496048,0.0829201638698577,0.9973785281181335
3f93dbf0,gru,64,501,0,0.0001,0.0001,128,5,torch.nn.functional.softplus,200,300,200,100,1.0,softplus,poisson,1.0,,,,0.79901522397995,0.408674031496048,0.0829201638698577,0.9973785281181335
3fb5b686,gru,128,501,0,0.0001,0.0001,128,5,torch.nn.functional.softplus,200,300,200,100,1.0,softplus,poisson,1.0,,,,0.7257809042930603,0.4739474058151245,0.0985219180583953,0.9897852540016174
3fb5b686,gru,128,501,0,0.0001,0.0001,128,5,torch.nn.functional.softplus,200,300,200,100,1.0,softplus,poisson,1.0,,,,0.7257809042930603,0.4739474058151245,0.0985219180583953,0.9897852540016174
8f46fe6d,gru,256,501,0,0.0001,0.0001,128,5,torch.nn.functional.softplus,200,300,200,100,1.0,softplus,poisson,1.0,,,,0.8099551796913147,0.7286845445632935,0.153117299079895,0.9959821105003356
8f46fe6d,gru,256,501,0,0.0001,0.0001,128,5,torch.nn.functional.softplus,200,300,200,100,1.0,softplus,poisson,1.0,,,,0.8099551796913147,0.7286845445632935,0.153117299079895,0.9959821105003356
2ce0f713,gru,512,501,0,0.0001,0.0001,128,5,torch.nn.functional.softplus,200,300,200,100,1.0,softplus,poisson,1.0,,,,0.8170150518417358,0.6756421327590942,0.1447314172983169,0.9993606209754944
2102ad75,gru,32,501,0,0.0001,0.0001,128,5,,200,300,200,100,1.0,softplus,poisson,1.0,,,,0.905073344707489,0.7919945120811462,0.1656192392110824,0.9988064765930176
2ce0f713,gru,512,501,0,0.0001,0.0001,128,5,torch.nn.functional.softplus,200,300,200,100,1.0,softplus,poisson,1.0,,,,0.8170150518417358,0.6756421327590942,0.1447314172983169,0.9993606209754944
2102ad75,gru,32,501,0,0.0001,0.0001,128,5,,200,300,200,100,1.0,softplus,poisson,1.0,,,,0.905073344707489,0.7919945120811462,0.1656192392110824,0.9988064765930176
c142fbce,gru,64,501,0,0.0001,0.0001,128,5,,200,300,200,100,1.0,softplus,poisson,1.0,,,,0.791949987411499,0.4073241949081421,0.0826366320252418,0.9974036812782288
c142fbce,gru,64,501,0,0.0001,0.0001,128,5,,200,300,200,100,1.0,softplus,poisson,1.0,,,,0.791949987411499,0.4073241949081421,0.0826366320252418,0.9974036812782288
b8bcd830,gru,128,501,0,0.0001,0.0001,128,5,,200,300,200,100,1.0,softplus,poisson,1.0,,,,0.7245465517044067,0.4726030528545379,0.098211646080017,0.9897809028625488
b8bcd830,gru,128,501,0,0.0001,0.0001,128,5,,200,300,200,100,1.0,softplus,poisson,1.0,,,,0.7245465517044067,0.4726030528545379,0.098211646080017,0.9897809028625488
1252e030,gru,256,501,0,0.0001,0.0001,128,5,,200,300,200,100,1.0,softplus,poisson,1.0,,,,0.8104729056358337,0.7282781600952148,0.1530413925647735,0.9959819316864014
1252e030,gru,256,501,0,0.0001,0.0001,128,5,,200,300,200,100,1.0,softplus,poisson,1.0,,,,0.8104729056358337,0.7282781600952148,0.1530413925647735,0.9959819316864014
6113c2a1,gru,512,501,0,0.0001,0.0001,128,5,,200,300,200,100,1.0,softplus,poisson,1.0,,,,0.8169446587562561,0.6749809384346008,0.1445865929126739,0.9993598461151124
6113c2a1,gru,512,501,0,0.0001,0.0001,128,5,,200,300,200,100,1.0,softplus,poisson,1.0,,,,0.8169446587562561,0.6749809384346008,0.1445865929126739,0.9993598461151124
794fc2cd,gnode,3,500,0,0.002,0.0,128,5,torch.nn.functional.softplus,280,300,250,50,1.0,softplus,poisson,1.0,0.1,64.0,3.0,,,,
9c6c1663,gnode,10,500,0,0.002,0.0,128,5,torch.nn.functional.softplus,280,300,250,50,1.0,softplus,poisson,1.0,0.1,64.0,3.0,,,,
d493995c,gnode,5,500,0,0.002,0.0,128,5,torch.nn.functional.softplus,280,300,250,50,1.0,softplus,poisson,1.0,0.1,64.0,3.0,,,,
4966527e,gnode,64,500,0,0.002,0.0,128,5,torch.nn.functional.softplus,280,300,250,50,1.0,softplus,poisson,1.0,0.1,64.0,3.0,,,,
d4245f8a,gnode,32,500,0,0.002,0.0,128,5,torch.nn.functional.softplus,280,300,250,50,1.0,softplus,poisson,1.0,0.1,64.0,3.0,,,,
97d90ce6,gnode,2,500,0,0.002,0.0,128,5,torch.nn.functional.softplus,280,300,250,50,1.0,softplus,poisson,1.0,0.1,64.0,3.0,,,,
97d90ce6,gnode,2,500,0,0.002,0.0,128,5,torch.nn.functional.softplus,280,300,250,50,1.0,softplus,poisson,1.0,0.1,64.0,3.0,,,,
9c6c1663,gnode,10,500,0,0.002,0.0,128,5,torch.nn.functional.softplus,280,300,250,50,1.0,softplus,poisson,1.0,0.1,64.0,3.0,,,,
4966527e,gnode,64,500,0,0.002,0.0,128,5,torch.nn.functional.softplus,280,300,250,50,1.0,softplus,poisson,1.0,0.1,64.0,3.0,,,,
d4245f8a,gnode,32,500,0,0.002,0.0,128,5,torch.nn.functional.softplus,280,300,250,50,1.0,softplus,poisson,1.0,0.1,64.0,3.0,,,,
d493995c,gnode,5,500,0,0.002,0.0,128,5,torch.nn.functional.softplus,280,300,250,50,1.0,softplus,poisson,1.0,0.1,64.0,3.0,,,,
794fc2cd,gnode,3,500,0,0.002,0.0,128,5,torch.nn.functional.softplus,280,300,250,50,1.0,softplus,poisson,1.0,0.1,64.0,3.0,,,,
a20989c5,gnode,32,501,0,0.002,0.0,128,5,torch.nn.functional.softplus,280,300,250,50,1.0,softplus,poisson,1.0,0.1,64.0,3.0,,,,
e9a2a138,gnode,3,501,0,0.002,0.0,128,5,torch.nn.functional.softplus,280,300,250,50,1.0,softplus,poisson,1.0,0.1,64.0,3.0,,,,
3e8ec4b7,gnode,5,501,0,0.002,0.0,128,5,torch.nn.functional.softplus,280,300,250,50,1.0,softplus,poisson,1.0,0.1,64.0,3.0,,,,
841fe3e8,gnode,2,501,0,0.002,0.0,128,5,torch.nn.functional.softplus,280,300,250,50,1.0,softplus,poisson,1.0,0.1,64.0,3.0,,,,
dc3a799a,gnode,10,501,0,0.002,0.0,128,5,torch.nn.functional.softplus,280,300,250,50,1.0,softplus,poisson,1.0,0.1,64.0,3.0,,,,
984a095e,gnode,64,501,0,0.002,0.0,128,5,torch.nn.functional.softplus,280,300,250,50,1.0,softplus,poisson,1.0,0.1,64.0,3.0,,,,
a20989c5,gnode,32,501,0,0.002,0.0,128,5,torch.nn.functional.softplus,280,300,250,50,1.0,softplus,poisson,1.0,0.1,64.0,3.0,,,,
e9a2a138,gnode,3,501,0,0.002,0.0,128,5,torch.nn.functional.softplus,280,300,250,50,1.0,softplus,poisson,1.0,0.1,64.0,3.0,,,,
dc3a799a,gnode,10,501,0,0.002,0.0,128,5,torch.nn.functional.softplus,280,300,250,50,1.0,softplus,poisson,1.0,0.1,64.0,3.0,,,,
3e8ec4b7,gnode,5,501,0,0.002,0.0,128,5,torch.nn.functional.softplus,280,300,250,50,1.0,softplus,poisson,1.0,0.1,64.0,3.0,,,,
841fe3e8,gnode,2,501,0,0.002,0.0,128,5,torch.nn.functional.softplus,280,300,250,50,1.0,softplus,poisson,1.0,0.1,64.0,3.0,,,,
984a095e,gnode,64,501,0,0.002,0.0,128,5,torch.nn.functional.softplus,280,300,250,50,1.0,softplus,poisson,1.0,0.1,64.0,3.0,,,,
5de5ff74,gnode,2,500,0,0.002,0.0,128,5,torch.nn.functional.softplus,250,300,250,50,1.0,softplus,poisson,1.0,0.1,64.0,3.0,0.996359884738922,0.9668399095535278,0.2211941033601761,1.0
b517bd66,gnode,3,500,0,0.002,0.0,128,5,torch.nn.functional.softplus,250,300,250,50,1.0,softplus,poisson,1.0,0.1,64.0,3.0,0.997872829437256,0.982930064201355,0.2237386405467987,1.0
c053d764,gnode,32,500,0,0.002,0.0,128,5,torch.nn.functional.softplus,250,300,250,50,1.0,softplus,poisson,1.0,0.1,64.0,3.0,0.9654425382614136,0.9938119649887084,0.2265579253435135,0.9667253494262696
414d7c3f,gnode,5,500,0,0.002,0.0,128,5,torch.nn.functional.softplus,250,300,250,50,1.0,softplus,poisson,1.0,0.1,64.0,3.0,0.9983307719230652,0.9895386099815368,0.2253405898809433,0.9988386631011964
e0ed99f9,gnode,10,500,0,0.002,0.0,128,5,torch.nn.functional.softplus,250,300,250,50,1.0,softplus,poisson,1.0,0.1,64.0,3.0,0.9970649480819702,0.9938620328903198,0.2263497412204742,0.9993206858634948
1df312c6,gnode,64,500,0,0.002,0.0,128,5,torch.nn.functional.softplus,250,300,250,50,1.0,softplus,poisson,1.0,0.1,64.0,3.0,0.8182013630867004,0.9915868043899536,0.2261930704116821,0.7939140796661377
5de5ff74,gnode,2,500,0,0.002,0.0,128,5,torch.nn.functional.softplus,250,300,250,50,1.0,softplus,poisson,1.0,0.1,64.0,3.0,0.996359884738922,0.9668399095535278,0.2211941033601761,1.0
b517bd66,gnode,3,500,0,0.002,0.0,128,5,torch.nn.functional.softplus,250,300,250,50,1.0,softplus,poisson,1.0,0.1,64.0,3.0,0.997872829437256,0.982930064201355,0.2237386405467987,1.0
c053d764,gnode,32,500,0,0.002,0.0,128,5,torch.nn.functional.softplus,250,300,250,50,1.0,softplus,poisson,1.0,0.1,64.0,3.0,0.9654425382614136,0.9938119649887084,0.2265579253435135,0.9667253494262696
414d7c3f,gnode,5,500,0,0.002,0.0,128,5,torch.nn.functional.softplus,250,300,250,50,1.0,softplus,poisson,1.0,0.1,64.0,3.0,0.9983307719230652,0.9895386099815368,0.2253405898809433,0.9988386631011964
e0ed99f9,gnode,10,500,0,0.002,0.0,128,5,torch.nn.functional.softplus,250,300,250,50,1.0,softplus,poisson,1.0,0.1,64.0,3.0,0.9970649480819702,0.9938620328903198,0.2263497412204742,0.9993206858634948
1df312c6,gnode,64,500,0,0.002,0.0,128,5,torch.nn.functional.softplus,250,300,250,50,1.0,softplus,poisson,1.0,0.1,64.0,3.0,0.8182013630867004,0.9915868043899536,0.2261930704116821,0.7939140796661377
0886bc04,gnode,2,501,0,0.002,0.0,128,5,torch.nn.functional.softplus,250,300,250,50,1.0,softplus,poisson,1.0,0.1,64.0,3.0,0.996271789073944,0.9671080708503724,0.221207395195961,1.0
0886bc04,gnode,2,501,0,0.002,0.0,128,5,torch.nn.functional.softplus,250,300,250,50,1.0,softplus,poisson,1.0,0.1,64.0,3.0,0.996271789073944,0.9671080708503724,0.221207395195961,1.0
4f494e9c,gnode,3,501,0,0.002,0.0,128,5,torch.nn.functional.softplus,250,300,250,50,1.0,softplus,poisson,1.0,0.1,64.0,3.0,0.9984070062637328,0.9844887256622314,0.2240650951862335,1.0
4f494e9c,gnode,3,501,0,0.002,0.0,128,5,torch.nn.functional.softplus,250,300,250,50,1.0,softplus,poisson,1.0,0.1,64.0,3.0,0.9984070062637328,0.9844887256622314,0.2240650951862335,1.0
0592aa79,gnode,5,501,0,0.002,0.0,128,5,torch.nn.functional.softplus,250,300,250,50,1.0,softplus,poisson,1.0,0.1,64.0,3.0,0.998158037662506,0.989672303199768,0.2253325134515762,0.9987969398498536
0592aa79,gnode,5,501,0,0.002,0.0,128,5,torch.nn.functional.softplus,250,300,250,50,1.0,softplus,poisson,1.0,0.1,64.0,3.0,0.998158037662506,0.989672303199768,0.2253325134515762,0.9987969398498536
0393f9dd,gnode,10,501,0,0.002,0.0,128,5,torch.nn.functional.softplus,250,300,250,50,1.0,softplus,poisson,1.0,0.1,64.0,3.0,0.9973452687263488,0.9936518669128418,0.2263253480195999,0.9993139505386353
0393f9dd,gnode,10,501,0,0.002,0.0,128,5,torch.nn.functional.softplus,250,300,250,50,1.0,softplus,poisson,1.0,0.1,64.0,3.0,0.9973452687263488,0.9936518669128418,0.2263253480195999,0.9993139505386353
74e54292,gnode,32,501,0,0.002,0.0,128,5,torch.nn.functional.softplus,250,300,250,50,1.0,softplus,poisson,1.0,0.1,64.0,3.0,0.9652165174484252,0.993916153907776,0.2265816181898117,0.9653417468070984
74e54292,gnode,32,501,0,0.002,0.0,128,5,torch.nn.functional.softplus,250,300,250,50,1.0,softplus,poisson,1.0,0.1,64.0,3.0,0.9652165174484252,0.993916153907776,0.2265816181898117,0.9653417468070984
f3c5e126,gnode,64,501,0,0.002,0.0,128,5,torch.nn.functional.softplus,250,300,250,50,1.0,softplus,poisson,1.0,0.1,64.0,3.0,0.8182711601257324,0.9914767742156982,0.2261842787265777,0.793779194355011
f3c5e126,gnode,64,501,0,0.002,0.0,128,5,torch.nn.functional.softplus,250,300,250,50,1.0,softplus,poisson,1.0,0.1,64.0,3.0,0.8182711601257324,0.9914767742156982,0.2261842787265777,0.793779194355011
1c613103,gnode,10,500,0,0.002,0.0,128,5,torch.nn.functional.softplus,280,300,200,100,1.0,softplus,poisson,1.0,0.1,64.0,3.0,,,,
58f550d2,gnode,5,500,0,0.002,0.0,128,5,torch.nn.functional.softplus,280,300,200,100,1.0,softplus,poisson,1.0,0.1,64.0,3.0,,,,
ff087baa,gnode,3,500,0,0.002,0.0,128,5,torch.nn.functional.softplus,280,300,200,100,1.0,softplus,poisson,1.0,0.1,64.0,3.0,,,,
da1762eb,gnode,32,500,0,0.002,0.0,128,5,torch.nn.functional.softplus,280,300,200,100,1.0,softplus,poisson,1.0,0.1,64.0,3.0,,,,
5cc7dbe9,gnode,2,500,0,0.002,0.0,128,5,torch.nn.functional.softplus,280,300,200,100,1.0,softplus,poisson,1.0,0.1,64.0,3.0,,,,
e043ea07,gnode,64,500,0,0.002,0.0,128,5,torch.nn.functional.softplus,280,300,200,100,1.0,softplus,poisson,1.0,0.1,64.0,3.0,,,,
e043ea07,gnode,64,500,0,0.002,0.0,128,5,torch.nn.functional.softplus,280,300,200,100,1.0,softplus,poisson,1.0,0.1,64.0,3.0,,,,
ff087baa,gnode,3,500,0,0.002,0.0,128,5,torch.nn.functional.softplus,280,300,200,100,1.0,softplus,poisson,1.0,0.1,64.0,3.0,,,,
5cc7dbe9,gnode,2,500,0,0.002,0.0,128,5,torch.nn.functional.softplus,280,300,200,100,1.0,softplus,poisson,1.0,0.1,64.0,3.0,,,,
58f550d2,gnode,5,500,0,0.002,0.0,128,5,torch.nn.functional.softplus,280,300,200,100,1.0,softplus,poisson,1.0,0.1,64.0,3.0,,,,
da1762eb,gnode,32,500,0,0.002,0.0,128,5,torch.nn.functional.softplus,280,300,200,100,1.0,softplus,poisson,1.0,0.1,64.0,3.0,,,,
1c613103,gnode,10,500,0,0.002,0.0,128,5,torch.nn.functional.softplus,280,300,200,100,1.0,softplus,poisson,1.0,0.1,64.0,3.0,,,,
b7d2bf26,gnode,10,501,0,0.002,0.0,128,5,torch.nn.functional.softplus,280,300,200,100,1.0,softplus,poisson,1.0,0.1,64.0,3.0,,,,
0fe475ab,gnode,3,501,0,0.002,0.0,128,5,torch.nn.functional.softplus,280,300,200,100,1.0,softplus,poisson,1.0,0.1,64.0,3.0,,,,
b9fbcb3c,gnode,32,501,0,0.002,0.0,128,5,torch.nn.functional.softplus,280,300,200,100,1.0,softplus,poisson,1.0,0.1,64.0,3.0,,,,
eb097913,gnode,64,501,0,0.002,0.0,128,5,torch.nn.functional.softplus,280,300,200,100,1.0,softplus,poisson,1.0,0.1,64.0,3.0,,,,
2aa56212,gnode,5,501,0,0.002,0.0,128,5,torch.nn.functional.softplus,280,300,200,100,1.0,softplus,poisson,1.0,0.1,64.0,3.0,,,,
da8f2602,gnode,2,501,0,0.002,0.0,128,5,torch.nn.functional.softplus,280,300,200,100,1.0,softplus,poisson,1.0,0.1,64.0,3.0,,,,
b7d2bf26,gnode,10,501,0,0.002,0.0,128,5,torch.nn.functional.softplus,280,300,200,100,1.0,softplus,poisson,1.0,0.1,64.0,3.0,,,,
0fe475ab,gnode,3,501,0,0.002,0.0,128,5,torch.nn.functional.softplus,280,300,200,100,1.0,softplus,poisson,1.0,0.1,64.0,3.0,,,,
eb097913,gnode,64,501,0,0.002,0.0,128,5,torch.nn.functional.softplus,280,300,200,100,1.0,softplus,poisson,1.0,0.1,64.0,3.0,,,,
b9fbcb3c,gnode,32,501,0,0.002,0.0,128,5,torch.nn.functional.softplus,280,300,200,100,1.0,softplus,poisson,1.0,0.1,64.0,3.0,,,,
2aa56212,gnode,5,501,0,0.002,0.0,128,5,torch.nn.functional.softplus,280,300,200,100,1.0,softplus,poisson,1.0,0.1,64.0,3.0,,,,
da8f2602,gnode,2,501,0,0.002,0.0,128,5,torch.nn.functional.softplus,280,300,200,100,1.0,softplus,poisson,1.0,0.1,64.0,3.0,,,,
05629e85,gnode,5,500,0,0.002,0.0,128,5,torch.nn.functional.softplus,200,300,200,100,1.0,softplus,poisson,1.0,0.1,64.0,3.0,0.997940182685852,0.9910956621170044,0.2256171554327011,0.9992566108703612
1b54eea3,gnode,10,500,0,0.002,0.0,128,5,torch.nn.functional.softplus,200,300,200,100,1.0,softplus,poisson,1.0,0.1,64.0,3.0,0.996345579624176,0.993432641029358,0.226193368434906,0.99903666973114
3d1d193b,gnode,3,500,0,0.002,0.0,128,5,torch.nn.functional.softplus,200,300,200,100,1.0,softplus,poisson,1.0,0.1,64.0,3.0,0.9953749775886536,0.9842768311500548,0.2241440415382385,1.0
53e5282d,gnode,32,500,0,0.002,0.0,128,5,torch.nn.functional.softplus,200,300,200,100,1.0,softplus,poisson,1.0,0.1,64.0,3.0,0.9589678049087524,0.993561327457428,0.2265160232782364,0.9647696614265442
15c2274e,gnode,2,500,0,0.002,0.0,128,5,torch.nn.functional.softplus,200,300,200,100,1.0,softplus,poisson,1.0,0.1,64.0,3.0,0.9974851608276368,0.968234121799469,0.2214300483465194,1.0
775d50d9,gnode,64,500,0,0.002,0.0,128,5,torch.nn.functional.softplus,200,300,200,100,1.0,softplus,poisson,1.0,0.1,64.0,3.0,0.8842461109161377,0.9914581179618835,0.2262477278709411,0.8789910674095154
1b54eea3,gnode,10,500,0,0.002,0.0,128,5,torch.nn.functional.softplus,200,300,200,100,1.0,softplus,poisson,1.0,0.1,64.0,3.0,0.996345579624176,0.993432641029358,0.226193368434906,0.99903666973114
15c2274e,gnode,2,500,0,0.002,0.0,128,5,torch.nn.functional.softplus,200,300,200,100,1.0,softplus,poisson,1.0,0.1,64.0,3.0,0.9974851608276368,0.968234121799469,0.2214300483465194,1.0
53e5282d,gnode,32,500,0,0.002,0.0,128,5,torch.nn.functional.softplus,200,300,200,100,1.0,softplus,poisson,1.0,0.1,64.0,3.0,0.9589678049087524,0.993561327457428,0.2265160232782364,0.9647696614265442
05629e85,gnode,5,500,0,0.002,0.0,128,5,torch.nn.functional.softplus,200,300,200,100,1.0,softplus,poisson,1.0,0.1,64.0,3.0,0.997940182685852,0.9910956621170044,0.2256171554327011,0.9992566108703612
3d1d193b,gnode,3,500,0,0.002,0.0,128,5,torch.nn.functional.softplus,200,300,200,100,1.0,softplus,poisson,1.0,0.1,64.0,3.0,0.9953749775886536,0.9842768311500548,0.2241440415382385,1.0
775d50d9,gnode,64,500,0,0.002,0.0,128,5,torch.nn.functional.softplus,200,300,200,100,1.0,softplus,poisson,1.0,0.1,64.0,3.0,0.8842461109161377,0.9914581179618835,0.2262477278709411,0.8789910674095154
27e32749,gnode,2,501,0,0.002,0.0,128,5,torch.nn.functional.softplus,200,300,200,100,1.0,softplus,poisson,1.0,0.1,64.0,3.0,0.9974329471588136,0.9678521752357484,0.2214219719171524,1.0
27e32749,gnode,2,501,0,0.002,0.0,128,5,torch.nn.functional.softplus,200,300,200,100,1.0,softplus,poisson,1.0,0.1,64.0,3.0,0.9974329471588136,0.9678521752357484,0.2214219719171524,1.0
8e24d1b7,gnode,3,501,0,0.002,0.0,128,5,torch.nn.functional.softplus,200,300,200,100,1.0,softplus,poisson,1.0,0.1,64.0,3.0,0.9948750138282776,0.9831135272979736,0.2239696085453033,1.0
8e24d1b7,gnode,3,501,0,0.002,0.0,128,5,torch.nn.functional.softplus,200,300,200,100,1.0,softplus,poisson,1.0,0.1,64.0,3.0,0.9948750138282776,0.9831135272979736,0.2239696085453033,1.0
dfc6f6f1,gnode,5,501,0,0.002,0.0,128,5,torch.nn.functional.softplus,200,300,200,100,1.0,softplus,poisson,1.0,0.1,64.0,3.0,0.998085916042328,0.9905696511268616,0.2255432307720184,0.99927419424057
dfc6f6f1,gnode,5,501,0,0.002,0.0,128,5,torch.nn.functional.softplus,200,300,200,100,1.0,softplus,poisson,1.0,0.1,64.0,3.0,0.998085916042328,0.9905696511268616,0.2255432307720184,0.99927419424057
91034b05,gnode,32,501,0,0.002,0.0,128,5,torch.nn.functional.softplus,200,300,200,100,1.0,softplus,poisson,1.0,0.1,64.0,3.0,0.9585344791412354,0.9938762187957764,0.2265560328960418,0.9463843703269958
86d7b039,gnode,10,501,0,0.002,0.0,128,5,torch.nn.functional.softplus,200,300,200,100,1.0,softplus,poisson,1.0,0.1,64.0,3.0,0.9963696002960204,0.9936721920967102,0.2262540161609649,0.999020516872406
91034b05,gnode,32,501,0,0.002,0.0,128,5,torch.nn.functional.softplus,200,300,200,100,1.0,softplus,poisson,1.0,0.1,64.0,3.0,0.9585344791412354,0.9938762187957764,0.2265560328960418,0.9463843703269958
86d7b039,gnode,10,501,0,0.002,0.0,128,5,torch.nn.functional.softplus,200,300,200,100,1.0,softplus,poisson,1.0,0.1,64.0,3.0,0.9963696002960204,0.9936721920967102,0.2262540161609649,0.999020516872406
25a0ba63,gnode,64,501,0,0.002,0.0,128,5,torch.nn.functional.softplus,200,300,200,100,1.0,softplus,poisson,1.0,0.1,64.0,3.0,0.8858587145805359,0.9916051626205444,0.2262619286775589,0.8811394572257996
25a0ba63,gnode,64,501,0,0.002,0.0,128,5,torch.nn.functional.softplus,200,300,200,100,1.0,softplus,poisson,1.0,0.1,64.0,3.0,0.8858587145805359,0.9916051626205444,0.2262619286775589,0.8811394572257996
dad1868e,node,32,500,0,0.002,0.0,128,5,torch.nn.functional.softplus,200,300,200,100,1.0,softplus,poisson,1.0,0.05,128.0,3.0,0.9756420850753784,0.9939014315605164,0.2266025096178054,0.9906249642372132
fbf8412f,node,10,500,0,0.002,0.0,128,5,torch.nn.functional.softplus,200,300,200,100,1.0,softplus,poisson,1.0,0.05,128.0,3.0,0.997093141078949,0.9948998689651488,0.2265639305114746,0.9990353584289552
cf88fd13,node,3,500,0,0.002,0.0,128,5,torch.nn.functional.softplus,200,300,200,100,1.0,softplus,poisson,1.0,0.05,128.0,3.0,0.9940274357795716,0.9753738641738892,0.222289964556694,1.0
d2134b59,node,2,500,0,0.002,0.0,128,5,torch.nn.functional.softplus,200,300,200,100,1.0,softplus,poisson,1.0,0.05,128.0,3.0,0.9970464110374452,0.9678466320037842,0.2213325947523117,1.0
58f98661,node,5,500,0,0.002,0.0,128,5,torch.nn.functional.softplus,200,300,200,100,1.0,softplus,poisson,1.0,0.05,128.0,3.0,0.9984553456306458,0.9904471039772034,0.2254486382007599,0.9986592531204224
dad1868e,node,32,500,0,0.002,0.0,128,5,torch.nn.functional.softplus,200,300,200,100,1.0,softplus,poisson,1.0,0.05,128.0,3.0,0.9756420850753784,0.9939014315605164,0.2266025096178054,0.9906249642372132
cf88fd13,node,3,500,0,0.002,0.0,128,5,torch.nn.functional.softplus,200,300,200,100,1.0,softplus,poisson,1.0,0.05,128.0,3.0,0.9940274357795716,0.9753738641738892,0.222289964556694,1.0
58f98661,node,5,500,0,0.002,0.0,128,5,torch.nn.functional.softplus,200,300,200,100,1.0,softplus,poisson,1.0,0.05,128.0,3.0,0.9984553456306458,0.9904471039772034,0.2254486382007599,0.9986592531204224
d2134b59,node,2,500,0,0.002,0.0,128,5,torch.nn.functional.softplus,200,300,200,100,1.0,softplus,poisson,1.0,0.05,128.0,3.0,0.9970464110374452,0.9678466320037842,0.2213325947523117,1.0
fbf8412f,node,10,500,0,0.002,0.0,128,5,torch.nn.functional.softplus,200,300,200,100,1.0,softplus,poisson,1.0,0.05,128.0,3.0,0.997093141078949,0.9948998689651488,0.2265639305114746,0.9990353584289552
2b764c8f,node,64,500,0,0.002,0.0,128,5,torch.nn.functional.softplus,200,300,200,100,1.0,softplus,poisson,1.0,0.05,128.0,3.0,0.8797339200973511,0.9918853640556335,0.2262696474790573,0.943037450313568
2b764c8f,node,64,500,0,0.002,0.0,128,5,torch.nn.functional.softplus,200,300,200,100,1.0,softplus,poisson,1.0,0.05,128.0,3.0,0.8797339200973511,0.9918853640556335,0.2262696474790573,0.943037450313568
f72b5ec1,node,2,500,0,0.002,0.0,128,5,,200,300,200,100,1.0,softplus,poisson,1.0,0.05,128.0,3.0,0.9970561265945436,0.9678436517715454,0.2213331311941146,1.0
f72b5ec1,node,2,500,0,0.002,0.0,128,5,,200,300,200,100,1.0,softplus,poisson,1.0,0.05,128.0,3.0,0.9970561265945436,0.9678436517715454,0.2213331311941146,1.0
f3135e0e,node,3,500,0,0.002,0.0,128,5,,200,300,200,100,1.0,softplus,poisson,1.0,0.05,128.0,3.0,0.9942939877510072,0.9753749370574952,0.2222897857427597,1.0
f3135e0e,node,3,500,0,0.002,0.0,128,5,,200,300,200,100,1.0,softplus,poisson,1.0,0.05,128.0,3.0,0.9942939877510072,0.9753749370574952,0.2222897857427597,1.0
f7735c9f,node,5,500,0,0.002,0.0,128,5,,200,300,200,100,1.0,softplus,poisson,1.0,0.05,128.0,3.0,0.998470902442932,0.990446388721466,0.2254486382007599,0.9986588358879088
f7735c9f,node,5,500,0,0.002,0.0,128,5,,200,300,200,100,1.0,softplus,poisson,1.0,0.05,128.0,3.0,0.998470902442932,0.990446388721466,0.2254486382007599,0.9986588358879088
19f3a445,node,10,500,0,0.002,0.0,128,5,,200,300,200,100,1.0,softplus,poisson,1.0,0.05,128.0,3.0,0.9970906376838684,0.9949016571044922,0.2265658974647522,0.9990306496620178
19f3a445,node,10,500,0,0.002,0.0,128,5,,200,300,200,100,1.0,softplus,poisson,1.0,0.05,128.0,3.0,0.9970906376838684,0.9949016571044922,0.2265658974647522,0.9990306496620178
7888a8da,node,32,500,0,0.002,0.0,128,5,,200,300,200,100,1.0,softplus,poisson,1.0,0.05,128.0,3.0,0.9756456613540648,0.993914008140564,0.2266021519899368,0.99069344997406
ae6ee5a7,node,64,500,0,0.002,0.0,128,5,,200,300,200,100,1.0,softplus,poisson,1.0,0.05,128.0,3.0,0.8799808621406555,0.9919033050537108,0.2262708842754364,0.9428931474685668
7888a8da,node,32,500,0,0.002,0.0,128,5,,200,300,200,100,1.0,softplus,poisson,1.0,0.05,128.0,3.0,0.9756456613540648,0.993914008140564,0.2266021519899368,0.99069344997406
ae6ee5a7,node,64,500,0,0.002,0.0,128,5,,200,300,200,100,1.0,softplus,poisson,1.0,0.05,128.0,3.0,0.8799808621406555,0.9919033050537108,0.2262708842754364,0.9428931474685668
f9d4a623,node,2,501,0,0.002,0.0,128,5,torch.nn.functional.softplus,200,300,200,100,1.0,softplus,poisson,1.0,0.05,128.0,3.0,0.9971268773078918,0.9678571224212646,0.2213439047336578,1.0
3dcc0bde,node,3,501,0,0.002,0.0,128,5,torch.nn.functional.softplus,200,300,200,100,1.0,softplus,poisson,1.0,0.05,128.0,3.0,0.9955072999000548,0.9767736196517944,0.2225512415170669,1.0
f9d4a623,node,2,501,0,0.002,0.0,128,5,torch.nn.functional.softplus,200,300,200,100,1.0,softplus,poisson,1.0,0.05,128.0,3.0,0.9971268773078918,0.9678571224212646,0.2213439047336578,1.0
3dcc0bde,node,3,501,0,0.002,0.0,128,5,torch.nn.functional.softplus,200,300,200,100,1.0,softplus,poisson,1.0,0.05,128.0,3.0,0.9955072999000548,0.9767736196517944,0.2225512415170669,1.0
b71b8007,node,5,501,0,0.002,0.0,128,5,torch.nn.functional.softplus,200,300,200,100,1.0,softplus,poisson,1.0,0.05,128.0,3.0,0.9984570145606996,0.9903308749198914,0.2254229933023452,0.9995356798171996
b71b8007,node,5,501,0,0.002,0.0,128,5,torch.nn.functional.softplus,200,300,200,100,1.0,softplus,poisson,1.0,0.05,128.0,3.0,0.9984570145606996,0.9903308749198914,0.2254229933023452,0.9995356798171996
d4bbc563,node,10,501,0,0.002,0.0,128,5,torch.nn.functional.softplus,200,300,200,100,1.0,softplus,poisson,1.0,0.05,128.0,3.0,0.9970272183418274,0.9944872260093688,0.2265013009309768,0.999039113521576
d4bbc563,node,10,501,0,0.002,0.0,128,5,torch.nn.functional.softplus,200,300,200,100,1.0,softplus,poisson,1.0,0.05,128.0,3.0,0.9970272183418274,0.9944872260093688,0.2265013009309768,0.999039113521576
9558aa27,node,32,501,0,0.002,0.0,128,5,torch.nn.functional.softplus,200,300,200,100,1.0,softplus,poisson,1.0,0.05,128.0,3.0,0.9749911427497864,0.9928735494613647,0.2264052927494049,0.9904763102531432
9558aa27,node,32,501,0,0.002,0.0,128,5,torch.nn.functional.softplus,200,300,200,100,1.0,softplus,poisson,1.0,0.05,128.0,3.0,0.9749911427497864,0.9928735494613647,0.2264052927494049,0.9904763102531432
c716fa68,node,64,501,0,0.002,0.0,128,5,torch.nn.functional.softplus,200,300,200,100,1.0,softplus,poisson,1.0,0.05,128.0,3.0,0.8808019757270813,0.9921646118164062,0.226322203874588,0.944242000579834
c716fa68,node,64,501,0,0.002,0.0,128,5,torch.nn.functional.softplus,200,300,200,100,1.0,softplus,poisson,1.0,0.05,128.0,3.0,0.8808019757270813,0.9921646118164062,0.226322203874588,0.944242000579834
64137f30,node,2,501,0,0.002,0.0,128,5,,200,300,200,100,1.0,softplus,poisson,1.0,0.05,128.0,3.0,0.997088611125946,0.96784907579422,0.2213430106639862,1.0
64137f30,node,2,501,0,0.002,0.0,128,5,,200,300,200,100,1.0,softplus,poisson,1.0,0.05,128.0,3.0,0.997088611125946,0.96784907579422,0.2213430106639862,1.0
92985aca,node,3,501,0,0.002,0.0,128,5,,200,300,200,100,1.0,softplus,poisson,1.0,0.05,128.0,3.0,0.995357871055603,0.976779580116272,0.2225512415170669,1.0
92985aca,node,3,501,0,0.002,0.0,128,5,,200,300,200,100,1.0,softplus,poisson,1.0,0.05,128.0,3.0,0.995357871055603,0.976779580116272,0.2225512415170669,1.0
3be8590d,node,5,501,0,0.002,0.0,128,5,,200,300,200,100,1.0,softplus,poisson,1.0,0.05,128.0,3.0,0.99839586019516,0.9903346300125122,0.2254240661859512,0.9995360970497132
3be8590d,node,5,501,0,0.002,0.0,128,5,,200,300,200,100,1.0,softplus,poisson,1.0,0.05,128.0,3.0,0.99839586019516,0.9903346300125122,0.2254240661859512,0.9995360970497132
b9a657d3,node,32,501,0,0.002,0.0,128,5,,200,300,200,100,1.0,softplus,poisson,1.0,0.05,128.0,3.0,0.9748598337173462,0.9928545951843262,0.2264015227556228,0.9896523952484132
b19a3bbc,node,10,501,0,0.002,0.0,128,5,,200,300,200,100,1.0,softplus,poisson,1.0,0.05,128.0,3.0,0.996998131275177,0.9944844245910645,0.2265020161867141,0.9990333914756776
b9a657d3,node,32,501,0,0.002,0.0,128,5,,200,300,200,100,1.0,softplus,poisson,1.0,0.05,128.0,3.0,0.9748598337173462,0.9928545951843262,0.2264015227556228,0.9896523952484132
b19a3bbc,node,10,501,0,0.002,0.0,128,5,,200,300,200,100,1.0,softplus,poisson,1.0,0.05,128.0,3.0,0.996998131275177,0.9944844245910645,0.2265020161867141,0.9990333914756776
695349be,node,64,501,0,0.002,0.0,128,5,,200,300,200,100,1.0,softplus,poisson,1.0,0.05,128.0,3.0,0.881068766117096,0.9921422004699708,0.2263152152299881,0.944542407989502
695349be,node,64,501,0,0.002,0.0,128,5,,200,300,200,100,1.0,softplus,poisson,1.0,0.05,128.0,3.0,0.881068766117096,0.9921422004699708,0.2263152152299881,0.944542407989502
b08fb16f,gru,64,500,0,0.0001,0.0001,128,5,torch.nn.functional.softplus,280,300,280,20,1.0,softplus,poisson,1.0,,,,0.8292465209960938,0.4663735330104828,0.0967587903141975,0.9967514872550964
d4c93c2c,gru,128,500,0,0.0001,0.0001,128,5,torch.nn.functional.softplus,280,300,280,20,1.0,softplus,poisson,1.0,,,,0.7932630777359009,0.5233475565910339,0.1072908788919448,0.9972323179244996
6cd9fb81,gru,256,500,0,0.0001,0.0001,128,5,torch.nn.functional.softplus,280,300,280,20,1.0,softplus,poisson,1.0,,,,0.8046620488166809,0.6606522798538208,0.1398250311613083,0.9948041439056396
9bee8551,gru,32,500,0,0.0001,0.0001,128,5,torch.nn.functional.softplus,280,300,280,20,1.0,softplus,poisson,1.0,,,,0.8806248903274536,0.489385038614273,0.0997957810759544,0.9980942606925964
141ebfef,gru,512,500,0,0.0001,0.0001,128,5,torch.nn.functional.softplus,280,300,280,20,1.0,softplus,poisson,1.0,,,,0.8298408389091492,0.7093183398246765,0.1505649834871292,0.99931538105011
99533ba3,gru,32,501,0,0.0001,0.0001,128,5,torch.nn.functional.softplus,280,300,280,20,1.0,softplus,poisson,1.0,,,,0.8901799321174622,0.4923642575740814,0.1004226058721542,0.9980628490447998
b08fb16f,gru,64,500,0,0.0001,0.0001,128,5,torch.nn.functional.softplus,280,300,280,20,1.0,softplus,poisson,1.0,,,,0.8292465209960938,0.4663735330104828,0.0967587903141975,0.9967514872550964
6cd9fb81,gru,256,500,0,0.0001,0.0001,128,5,torch.nn.functional.softplus,280,300,280,20,1.0,softplus,poisson,1.0,,,,0.8046620488166809,0.6606522798538208,0.1398250311613083,0.9948041439056396
9bee8551,gru,32,500,0,0.0001,0.0001,128,5,torch.nn.functional.softplus,280,300,280,20,1.0,softplus,poisson,1.0,,,,0.8806248903274536,0.489385038614273,0.0997957810759544,0.9980942606925964
141ebfef,gru,512,500,0,0.0001,0.0001,128,5,torch.nn.functional.softplus,280,300,280,20,1.0,softplus,poisson,1.0,,,,0.8298408389091492,0.7093183398246765,0.1505649834871292,0.99931538105011
d4c93c2c,gru,128,500,0,0.0001,0.0001,128,5,torch.nn.functional.softplus,280,300,280,20,1.0,softplus,poisson,1.0,,,,0.7932630777359009,0.5233475565910339,0.1072908788919448,0.9972323179244996
99533ba3,gru,32,501,0,0.0001,0.0001,128,5,torch.nn.functional.softplus,280,300,280,20,1.0,softplus,poisson,1.0,,,,0.8901799321174622,0.4923642575740814,0.1004226058721542,0.9980628490447998
e2ba8806,gru,64,501,0,0.0001,0.0001,128,5,torch.nn.functional.softplus,280,300,280,20,1.0,softplus,poisson,1.0,,,,0.9121124148368835,0.4173153042793274,0.082557700574398,0.997132122516632
2fe1636c,gru,128,501,0,0.0001,0.0001,128,5,torch.nn.functional.softplus,280,300,280,20,1.0,softplus,poisson,1.0,,,,0.8290951251983643,0.4478065371513366,0.0883620604872703,0.9978986382484436
2fe1636c,gru,128,501,0,0.0001,0.0001,128,5,torch.nn.functional.softplus,280,300,280,20,1.0,softplus,poisson,1.0,,,,0.8290951251983643,0.4478065371513366,0.0883620604872703,0.9978986382484436
e2ba8806,gru,64,501,0,0.0001,0.0001,128,5,torch.nn.functional.softplus,280,300,280,20,1.0,softplus,poisson,1.0,,,,0.9121124148368835,0.4173153042793274,0.082557700574398,0.997132122516632
c89d03ff,gru,256,501,0,0.0001,0.0001,128,5,torch.nn.functional.softplus,280,300,280,20,1.0,softplus,poisson,1.0,,,,0.7745296955108643,0.4574730396270752,0.0934207811951637,0.9977529644966124
c89d03ff,gru,256,501,0,0.0001,0.0001,128,5,torch.nn.functional.softplus,280,300,280,20,1.0,softplus,poisson,1.0,,,,0.7745296955108643,0.4574730396270752,0.0934207811951637,0.9977529644966124
1c2b2641,gru,512,501,0,0.0001,0.0001,128,5,torch.nn.functional.softplus,280,300,280,20,1.0,softplus,poisson,1.0,,,,0.8365561962127686,0.5375609397888184,0.1096366047859191,0.9993197917938232
1c2b2641,gru,512,501,0,0.0001,0.0001,128,5,torch.nn.functional.softplus,280,300,280,20,1.0,softplus,poisson,1.0,,,,0.8365561962127686,0.5375609397888184,0.1096366047859191,0.9993197917938232
60d37760,node,5,500,0,0.002,0.0,128,5,torch.nn.functional.softplus,280,300,280,20,1.0,softplus,poisson,1.0,0.05,128.0,3.0,0.9983736276626588,0.9899305701255798,0.2252533137798309,0.9989718794822692
833b4a48,node,32,500,0,0.002,0.0,128,5,torch.nn.functional.softplus,280,300,280,20,1.0,softplus,poisson,1.0,0.05,128.0,3.0,0.9751358032226562,0.994117021560669,0.2264857739210128,0.983628273010254
8e46ce51,node,2,500,0,0.002,0.0,128,5,torch.nn.functional.softplus,280,300,280,20,1.0,softplus,poisson,1.0,0.05,128.0,3.0,0.9977766871452332,0.9686850905418396,0.221357062458992,1.0
de05d2bf,node,3,500,0,0.002,0.0,128,5,torch.nn.functional.softplus,280,300,280,20,1.0,softplus,poisson,1.0,0.05,128.0,3.0,0.9985772371292114,0.9796417951583862,0.223042219877243,1.0
e7d7f51c,node,10,500,0,0.002,0.0,128,5,torch.nn.functional.softplus,280,300,280,20,1.0,softplus,poisson,1.0,0.05,128.0,3.0,0.9973187446594238,0.9938628673553468,0.2262545675039291,0.999215006828308
8e46ce51,node,2,500,0,0.002,0.0,128,5,torch.nn.functional.softplus,280,300,280,20,1.0,softplus,poisson,1.0,0.05,128.0,3.0,0.9977766871452332,0.9686850905418396,0.221357062458992,1.0
60d37760,node,5,500,0,0.002,0.0,128,5,torch.nn.functional.softplus,280,300,280,20,1.0,softplus,poisson,1.0,0.05,128.0,3.0,0.9983736276626588,0.9899305701255798,0.2252533137798309,0.9989718794822692
e7d7f51c,node,10,500,0,0.002,0.0,128,5,torch.nn.functional.softplus,280,300,280,20,1.0,softplus,poisson,1.0,0.05,128.0,3.0,0.9973187446594238,0.9938628673553468,0.2262545675039291,0.999215006828308
de05d2bf,node,3,500,0,0.002,0.0,128,5,torch.nn.functional.softplus,280,300,280,20,1.0,softplus,poisson,1.0,0.05,128.0,3.0,0.9985772371292114,0.9796417951583862,0.223042219877243,1.0
833b4a48,node,32,500,0,0.002,0.0,128,5,torch.nn.functional.softplus,280,300,280,20,1.0,softplus,poisson,1.0,0.05,128.0,3.0,0.9751358032226562,0.994117021560669,0.2264857739210128,0.983628273010254
1427d2f3,node,64,500,0,0.002,0.0,128,5,torch.nn.functional.softplus,280,300,280,20,1.0,softplus,poisson,1.0,0.05,128.0,3.0,0.8594866991043091,0.9915620684623718,0.2260722070932388,0.911969780921936
1427d2f3,node,64,500,0,0.002,0.0,128,5,torch.nn.functional.softplus,280,300,280,20,1.0,softplus,poisson,1.0,0.05,128.0,3.0,0.8594866991043091,0.9915620684623718,0.2260722070932388,0.911969780921936
332f2ac9,node,2,500,0,0.002,0.0,128,5,,280,300,280,20,1.0,softplus,poisson,1.0,0.05,128.0,3.0,0.9976608157157898,0.9686790108680724,0.2213567048311233,1.0
332f2ac9,node,2,500,0,0.002,0.0,128,5,,280,300,280,20,1.0,softplus,poisson,1.0,0.05,128.0,3.0,0.9976608157157898,0.9686790108680724,0.2213567048311233,1.0
ba82a6d1,node,3,500,0,0.002,0.0,128,5,,280,300,280,20,1.0,softplus,poisson,1.0,0.05,128.0,3.0,0.9985552430152892,0.9796425700187684,0.2230423837900161,1.0
ba82a6d1,node,3,500,0,0.002,0.0,128,5,,280,300,280,20,1.0,softplus,poisson,1.0,0.05,128.0,3.0,0.9985552430152892,0.9796425700187684,0.2230423837900161,1.0
4538ffaf,node,5,500,0,0.002,0.0,128,5,,280,300,280,20,1.0,softplus,poisson,1.0,0.05,128.0,3.0,0.9983782172203064,0.9899306297302246,0.2252547442913055,0.9989711046218872
78234dfb,node,10,500,0,0.002,0.0,128,5,,280,300,280,20,1.0,softplus,poisson,1.0,0.05,128.0,3.0,0.9972668886184692,0.9938620328903198,0.226254403591156,0.9992140531539916
4538ffaf,node,5,500,0,0.002,0.0,128,5,,280,300,280,20,1.0,softplus,poisson,1.0,0.05,128.0,3.0,0.9983782172203064,0.9899306297302246,0.2252547442913055,0.9989711046218872
78234dfb,node,10,500,0,0.002,0.0,128,5,,280,300,280,20,1.0,softplus,poisson,1.0,0.05,128.0,3.0,0.9972668886184692,0.9938620328903198,0.226254403591156,0.9992140531539916
0c340819,node,32,500,0,0.002,0.0,128,5,,280,300,280,20,1.0,softplus,poisson,1.0,0.05,128.0,3.0,0.9750730395317078,0.9940974712371826,0.2264832705259323,0.9836379289627076
0c340819,node,32,500,0,0.002,0.0,128,5,,280,300,280,20,1.0,softplus,poisson,1.0,0.05,128.0,3.0,0.9750730395317078,0.9940974712371826,0.2264832705259323,0.9836379289627076
f1f50dbb,node,64,500,0,0.002,0.0,128,5,,280,300,280,20,1.0,softplus,poisson,1.0,0.05,128.0,3.0,0.8593476414680481,0.9915709495544434,0.2260777652263641,0.9120347499847412
f1f50dbb,node,64,500,0,0.002,0.0,128,5,,280,300,280,20,1.0,softplus,poisson,1.0,0.05,128.0,3.0,0.8593476414680481,0.9915709495544434,0.2260777652263641,0.9120347499847412
f3657ba0,node,2,501,0,0.002,0.0,128,5,torch.nn.functional.softplus,280,300,280,20,1.0,softplus,poisson,1.0,0.05,128.0,3.0,0.9974672198295592,0.9681687355041504,0.2213181108236313,1.0
f3657ba0,node,2,501,0,0.002,0.0,128,5,torch.nn.functional.softplus,280,300,280,20,1.0,softplus,poisson,1.0,0.05,128.0,3.0,0.9974672198295592,0.9681687355041504,0.2213181108236313,1.0
ea333e5e,node,3,501,0,0.002,0.0,128,5,torch.nn.functional.softplus,280,300,280,20,1.0,softplus,poisson,1.0,0.05,128.0,3.0,0.9985013008117676,0.9793704748153688,0.2230350375175476,1.0
ea333e5e,node,3,501,0,0.002,0.0,128,5,torch.nn.functional.softplus,280,300,280,20,1.0,softplus,poisson,1.0,0.05,128.0,3.0,0.9985013008117676,0.9793704748153688,0.2230350375175476,1.0
a83d6aff,node,5,501,0,0.002,0.0,128,5,torch.nn.functional.softplus,280,300,280,20,1.0,softplus,poisson,1.0,0.05,128.0,3.0,0.9983240365982056,0.9899370670318604,0.2252759486436844,0.9989279508590698
a83d6aff,node,5,501,0,0.002,0.0,128,5,torch.nn.functional.softplus,280,300,280,20,1.0,softplus,poisson,1.0,0.05,128.0,3.0,0.9983240365982056,0.9899370670318604,0.2252759486436844,0.9989279508590698
9b54d561,node,10,501,0,0.002,0.0,128,5,torch.nn.functional.softplus,280,300,280,20,1.0,softplus,poisson,1.0,0.05,128.0,3.0,0.9971689581871032,0.9935532212257384,0.2261718213558197,0.99925297498703
9b54d561,node,10,501,0,0.002,0.0,128,5,torch.nn.functional.softplus,280,300,280,20,1.0,softplus,poisson,1.0,0.05,128.0,3.0,0.9971689581871032,0.9935532212257384,0.2261718213558197,0.99925297498703
490f3ad0,node,32,501,0,0.002,0.0,128,5,torch.nn.functional.softplus,280,300,280,20,1.0,softplus,poisson,1.0,0.05,128.0,3.0,0.9751394391059875,0.9943105578422546,0.2265114486217498,0.98335862159729
490f3ad0,node,32,501,0,0.002,0.0,128,5,torch.nn.functional.softplus,280,300,280,20,1.0,softplus,poisson,1.0,0.05,128.0,3.0,0.9751394391059875,0.9943105578422546,0.2265114486217498,0.98335862159729
ace7ed32,node,64,501,0,0.002,0.0,128,5,torch.nn.functional.softplus,280,300,280,20,1.0,softplus,poisson,1.0,0.05,128.0,3.0,0.8575537800788879,0.992033064365387,0.2261553108692169,0.9104511737823486
ace7ed32,node,64,501,0,0.002,0.0,128,5,torch.nn.functional.softplus,280,300,280,20,1.0,softplus,poisson,1.0,0.05,128.0,3.0,0.8575537800788879,0.992033064365387,0.2261553108692169,0.9104511737823486
a8626884,node,2,501,0,0.002,0.0,128,5,,280,300,280,20,1.0,softplus,poisson,1.0,0.05,128.0,3.0,0.9975282549858092,0.968167006969452,0.2213172018527984,1.0
a8626884,node,2,501,0,0.002,0.0,128,5,,280,300,280,20,1.0,softplus,poisson,1.0,0.05,128.0,3.0,0.9975282549858092,0.968167006969452,0.2213172018527984,1.0
8558d258,node,3,501,0,0.002,0.0,128,5,,280,300,280,20,1.0,softplus,poisson,1.0,0.05,128.0,3.0,0.998496949672699,0.9793700575828552,0.223031610250473,1.0
8558d258,node,3,501,0,0.002,0.0,128,5,,280,300,280,20,1.0,softplus,poisson,1.0,0.05,128.0,3.0,0.998496949672699,0.9793700575828552,0.223031610250473,1.0
36b458f6,node,5,501,0,0.002,0.0,128,5,,280,300,280,20,1.0,softplus,poisson,1.0,0.05,128.0,3.0,0.9983379244804382,0.9899415373802184,0.2252770215272903,0.9989299774169922
36b458f6,node,5,501,0,0.002,0.0,128,5,,280,300,280,20,1.0,softplus,poisson,1.0,0.05,128.0,3.0,0.9983379244804382,0.9899415373802184,0.2252770215272903,0.9989299774169922
57505e5a,node,10,501,0,0.002,0.0,128,5,,280,300,280,20,1.0,softplus,poisson,1.0,0.05,128.0,3.0,0.9972436428070068,0.9935518503189088,0.2261739820241928,0.999247670173645
57505e5a,node,10,501,0,0.002,0.0,128,5,,280,300,280,20,1.0,softplus,poisson,1.0,0.05,128.0,3.0,0.9972436428070068,0.9935518503189088,0.2261739820241928,0.999247670173645
a4b6b8ca,node,32,501,0,0.002,0.0,128,5,,280,300,280,20,1.0,softplus,poisson,1.0,0.05,128.0,3.0,0.9752342700958252,0.9943188428878784,0.2265098392963409,0.9834146499633788
a4b6b8ca,node,32,501,0,0.002,0.0,128,5,,280,300,280,20,1.0,softplus,poisson,1.0,0.05,128.0,3.0,0.9752342700958252,0.9943188428878784,0.2265098392963409,0.9834146499633788
2e978976,node,64,501,0,0.002,0.0,128,5,,280,300,280,20,1.0,softplus,poisson,1.0,0.05,128.0,3.0,0.8577032685279846,0.9920700788497924,0.2261624932289123,0.9103133082389832
2e978976,node,64,501,0,0.002,0.0,128,5,,280,300,280,20,1.0,softplus,poisson,1.0,0.05,128.0,3.0,0.8577032685279846,0.9920700788497924,0.2261624932289123,0.9103133082389832
